wts,tau,signal,side,fair,ask,ask_size,edge,outcome,ask_fill,shares,cost,fees,won,pnl
1777593600,1,False,,,,,,,,,,,,
1777593600,2,False,,,,,,,,,,,,
1777593600,3,False,,,,,,,,,,,,
1777593600,4,False,,,,,,,,,,,,
1777593600,5,False,,,,,,,,,,,,
1777593600,6,False,,,,,,,,,,,,
1777593600,7,False,,,,,,,,,,,,
1777593600,8,False,,,,,,,,,,,,
1777593600,9,False,,,,,,,,,,,,
1777593600,10,False,,,,,,,,,,,,
1777597200,1,False,,,,,,,,,,,,
1777597200,2,False,,,,,,,,,,,,
1777597200,3,False,,,,,,,,,,,,
1777597200,4,False,,,,,,,,,,,,
1777597200,5,False,,,,,,,,,,,,
1777597200,6,False,,,,,,,,,,,,
1777597200,7,False,,,,,,,,,,,,
1777597200,8,False,,,,,,,,,,,,
1777597200,9,False,,,,,,,,,,,,
1777597200,10,False,,,,,,,,,,,,
1777600800,1,False,,,,,,,,,,,,
1777600800,2,False,,,,,,,,,,,,
1777600800,3,False,,,,,,,,,,,,
1777600800,4,False,,,,,,,,,,,,
1777600800,5,False,,,,,,,,,,,,
1777600800,6,False,,,,,,,,,,,,
1777600800,7,False,,,,,,,,,,,,
1777600800,8,False,,,,,,,,,,,,
1777600800,9,False,,,,,,,,,,,,
1777600800,10,False,,,,,,,,,,,,
1777604400,1,False,,,,,,,,,,,,
1777604400,2,False,,,,,,,,,,,,
1777604400,3,False,,,,,,,,,,,,
1777604400,4,False,,,,,,,,,,,,
1777604400,5,False,,,,,,,,,,,,
1777604400,6,False,,,,,,,,,,,,
1777604400,7,False,,,,,,,,,,,,
1777604400,8,False,,,,,,,,,,,,
1777604400,9,False,,,,,,,,,,,,
1777604400,10,False,,,,,,,,,,,,
1777608000,1,False,,,,,,,,,,,,
1777608000,2,False,,,,,,,,,,,,
1777608000,3,False,,,,,,,,,,,,
1777608000,4,False,,,,,,,,,,,,
1777608000,5,False,,,,,,,,,,,,
1777608000,6,False,,,,,,,,,,,,
1777608000,7,False,,,,,,,,,,,,
1777608000,8,False,,,,,,,,,,,,
1777608000,9,False,,,,,,,,,,,,
1777608000,10,False,,,,,,,,,,,,
1777611600,1,False,,,,,,,,,,,,
1777611600,2,False,,,,,,,,,,,,
1777611600,3,False,,,,,,,,,,,,
1777611600,4,False,,,,,,,,,,,,
1777611600,5,False,,,,,,,,,,,,
1777611600,6,False,,,,,,,,,,,,
1777611600,7,False,,,,,,,,,,,,
1777611600,8,False,,,,,,,,,,,,
1777611600,9,False,,,,,,,,,,,,
1777611600,10,False,,,,,,,,,,,,
1777615200,1,False,,,,,,,,,,,,
1777615200,2,False,,,,,,,,,,,,
1777615200,3,False,,,,,,,,,,,,
1777615200,4,False,,,,,,,,,,,,
1777615200,5,False,,,,,,,,,,,,
1777615200,6,False,,,,,,,,,,,,
1777615200,7,False,,,,,,,,,,,,
1777615200,8,False,,,,,,,,,,,,
1777615200,9,False,,,,,,,,,,,,
1777615200,10,False,,,,,,,,,,,,
1777618800,1,False,,,,,,,,,,,,
1777618800,2,False,,,,,,,,,,,,
1777618800,3,False,,,,,,,,,,,,
1777618800,4,False,,,,,,,,,,,,
1777618800,5,False,,,,,,,,,,,,
1777618800,6,False,,,,,,,,,,,,
1777618800,7,False,,,,,,,,,,,,
1777618800,8,False,,,,,,,,,,,,
1777618800,9,False,,,,,,,,,,,,
1777618800,10,False,,,,,,,,,,,,
1777622400,1,False,,,,,,,,,,,,
1777622400,2,False,,,,,,,,,,,,
1777622400,3,False,,,,,,,,,,,,
1777622400,4,False,,,,,,,,,,,,
1777622400,5,False,,,,,,,,,,,,
1777622400,6,False,,,,,,,,,,,,
1777622400,7,False,,,,,,,,,,,,
1777622400,8,False,,,,,,,,,,,,
1777622400,9,False,,,,,,,,,,,,
1777622400,10,False,,,,,,,,,,,,
1777626000,1,False,,,,,,,,,,,,
1777626000,2,False,,,,,,,,,,,,
1777626000,3,False,,,,,,,,,,,,
1777626000,4,False,,,,,,,,,,,,
1777626000,5,False,,,,,,,,,,,,
1777626000,6,False,,,,,,,,,,,,
1777626000,7,False,,,,,,,,,,,,
1777626000,8,False,,,,,,,,,,,,
1777626000,9,False,,,,,,,,,,,,
1777626000,10,False,,,,,,,,,,,,
1777629600,1,False,,,,,,,,,,,,
1777629600,2,False,,,,,,,,,,,,
1777629600,3,False,,,,,,,,,,,,
1777629600,4,False,,,,,,,,,,,,
1777629600,5,False,,,,,,,,,,,,
1777629600,6,False,,,,,,,,,,,,
1777629600,7,False,,,,,,,,,,,,
1777629600,8,False,,,,,,,,,,,,
1777629600,9,False,,,,,,,,,,,,
1777629600,10,False,,,,,,,,,,,,
1777633200,1,False,,,,,,,,,,,,
1777633200,2,False,,,,,,,,,,,,
1777633200,3,False,,,,,,,,,,,,
1777633200,4,False,,,,,,,,,,,,
1777633200,5,False,,,,,,,,,,,,
1777633200,6,False,,,,,,,,,,,,
1777633200,7,False,,,,,,,,,,,,
1777633200,8,False,,,,,,,,,,,,
1777633200,9,False,,,,,,,,,,,,
1777633200,10,False,,,,,,,,,,,,
1777636800,1,False,,,,,,,,,,,,
1777636800,2,False,,,,,,,,,,,,
1777636800,3,False,,,,,,,,,,,,
1777636800,4,False,,,,,,,,,,,,
1777636800,5,False,,,,,,,,,,,,
1777636800,6,False,,,,,,,,,,,,
1777636800,7,False,,,,,,,,,,,,
1777636800,8,False,,,,,,,,,,,,
1777636800,9,False,,,,,,,,,,,,
1777636800,10,False,,,,,,,,,,,,
1777640400,1,False,,,,,,,,,,,,
1777640400,2,False,,,,,,,,,,,,
1777640400,3,False,,,,,,,,,,,,
1777640400,4,False,,,,,,,,,,,,
1777640400,5,False,,,,,,,,,,,,
1777640400,6,False,,,,,,,,,,,,
1777640400,7,False,,,,,,,,,,,,
1777640400,8,False,,,,,,,,,,,,
1777640400,9,False,,,,,,,,,,,,
1777640400,10,False,,,,,,,,,,,,
1777644000,1,False,,,,,,,,,,,,
1777644000,2,False,,,,,,,,,,,,
1777644000,3,False,,,,,,,,,,,,
1777644000,4,False,,,,,,,,,,,,
1777644000,5,False,,,,,,,,,,,,
1777644000,6,False,,,,,,,,,,,,
1777644000,7,False,,,,,,,,,,,,
1777644000,8,False,,,,,,,,,,,,
1777644000,9,False,,,,,,,,,,,,
1777644000,10,False,,,,,,,,,,,,
1777647600,1,False,,,,,,,,,,,,
1777647600,2,False,,,,,,,,,,,,
1777647600,3,False,,,,,,,,,,,,
1777647600,4,False,,,,,,,,,,,,
1777647600,5,False,,,,,,,,,,,,
1777647600,6,False,,,,,,,,,,,,
1777647600,7,False,,,,,,,,,,,,
1777647600,8,False,,,,,,,,,,,,
1777647600,9,False,,,,,,,,,,,,
1777647600,10,False,,,,,,,,,,,,
1777651200,1,False,,,,,,,,,,,,
1777651200,2,False,,,,,,,,,,,,
1777651200,3,False,,,,,,,,,,,,
1777651200,4,False,,,,,,,,,,,,
1777651200,5,False,,,,,,,,,,,,
1777651200,6,False,,,,,,,,,,,,
1777651200,7,False,,,,,,,,,,,,
1777651200,8,False,,,,,,,,,,,,
1777651200,9,False,,,,,,,,,,,,
1777651200,10,False,,,,,,,,,,,,
1777654800,1,False,,,,,,,,,,,,
1777654800,2,False,,,,,,,,,,,,
1777654800,3,False,,,,,,,,,,,,
1777654800,4,False,,,,,,,,,,,,
1777654800,5,False,,,,,,,,,,,,
1777654800,6,False,,,,,,,,,,,,
1777654800,7,False,,,,,,,,,,,,
1777654800,8,False,,,,,,,,,,,,
1777654800,9,False,,,,,,,,,,,,
1777654800,10,False,,,,,,,,,,,,
1777658400,1,False,,,,,,,,,,,,
1777658400,2,False,,,,,,,,,,,,
1777658400,3,False,,,,,,,,,,,,
1777658400,4,False,,,,,,,,,,,,
1777658400,5,False,,,,,,,,,,,,
1777658400,6,False,,,,,,,,,,,,
1777658400,7,False,,,,,,,,,,,,
1777658400,8,False,,,,,,,,,,,,
1777658400,9,False,,,,,,,,,,,,
1777658400,10,False,,,,,,,,,,,,
1777665600,1,False,,,,,,,,,,,,
1777665600,2,False,,,,,,,,,,,,
1777665600,3,False,,,,,,,,,,,,
1777665600,4,False,,,,,,,,,,,,
1777665600,5,False,,,,,,,,,,,,
1777665600,6,False,,,,,,,,,,,,
1777665600,7,False,,,,,,,,,,,,
1777665600,8,False,,,,,,,,,,,,
1777665600,9,False,,,,,,,,,,,,
1777665600,10,False,,,,,,,,,,,,
1777669200,1,False,,,,,,,,,,,,
1777669200,2,False,,,,,,,,,,,,
1777669200,3,False,,,,,,,,,,,,
1777669200,4,False,,,,,,,,,,,,
1777669200,5,False,,,,,,,,,,,,
1777669200,6,False,,,,,,,,,,,,
1777669200,7,False,,,,,,,,,,,,
1777669200,8,False,,,,,,,,,,,,
1777669200,9,False,,,,,,,,,,,,
1777669200,10,False,,,,,,,,,,,,
1777672800,1,False,,,,,,,,,,,,
1777672800,2,False,,,,,,,,,,,,
1777672800,3,False,,,,,,,,,,,,
1777672800,4,False,,,,,,,,,,,,
1777672800,5,False,,,,,,,,,,,,
1777672800,6,False,,,,,,,,,,,,
1777672800,7,False,,,,,,,,,,,,
1777672800,8,False,,,,,,,,,,,,
1777672800,9,False,,,,,,,,,,,,
1777672800,10,False,,,,,,,,,,,,
1777676400,1,False,,,,,,,,,,,,
1777676400,2,False,,,,,,,,,,,,
1777676400,3,False,,,,,,,,,,,,
1777676400,4,False,,,,,,,,,,,,
1777676400,5,False,,,,,,,,,,,,
1777676400,6,False,,,,,,,,,,,,
1777676400,7,False,,,,,,,,,,,,
1777676400,8,False,,,,,,,,,,,,
1777676400,9,False,,,,,,,,,,,,
1777676400,10,False,,,,,,,,,,,,
1777680000,1,False,,,,,,,,,,,,
1777680000,2,False,,,,,,,,,,,,
1777680000,3,False,,,,,,,,,,,,
1777680000,4,False,,,,,,,,,,,,
1777680000,5,False,,,,,,,,,,,,
1777680000,6,False,,,,,,,,,,,,
1777680000,7,False,,,,,,,,,,,,
1777680000,8,False,,,,,,,,,,,,
1777680000,9,False,,,,,,,,,,,,
1777680000,10,False,,,,,,,,,,,,
1777683600,1,False,,,,,,,,,,,,
1777683600,2,True,up,0.98,0.6299999952316284,20.0,0.3336830046815872,book_moved_no_edge,0.9900000095367432,0.0,0.0,0.0,True,0.0
1777683600,3,True,up,0.9769712219494544,0.6700000166893005,15.0,0.29149420565735923,filled,0.6299999952316284,20.0,12.599999904632568,0.3263400017356872,True,7.073660093631744
1777683600,4,True,up,0.958087210002296,0.6899999976158142,9.850000381469727,0.25311421232306247,filled,0.6299999952316284,20.0,12.599999904632568,0.3263400017356872,True,7.073660093631744
1777683600,5,True,up,0.9388525194584363,0.5299999713897705,20.0,0.39141554794850286,filled,0.6700000166893005,15.0,10.050000250339508,0.23215499404191942,True,4.7178447556185725
1777683600,6,True,down,0.7110052654238512,0.49000000953674316,1.9500000476837158,0.20351225587375663,filled,0.3700000047683716,20.0,7.400000095367432,0.3263400017356872,False,-7.726340097103119
1777683600,7,False,,,,,,,,,,,,
1777683600,8,False,,,,,,,,,,,,
1777683600,9,False,,,,,,,,,,,,
1777683600,10,False,,,,,,,,,,,,
1777687200,1,True,down,0.9005246006989069,0.8100000023841858,20.0,0.07975159841819482,empty_book,,0.0,0.0,0.0,True,0.0
1777687200,2,False,,,,,,,,,,,,
1777687200,3,False,,,,,,,,,,,,
1777687200,4,False,,,,,,,,,,,,
1777687200,5,False,,,,,,,,,,,,
1777687200,6,False,,,,,,,,,,,,
1777687200,7,False,,,,,,,,,,,,
1777687200,8,False,,,,,,,,,,,,
1777687200,9,False,,,,,,,,,,,,
1777687200,10,False,,,,,,,,,,,,
1777690800,1,False,,,,,,,,,,,,
1777690800,2,False,,,,,,,,,,,,
1777690800,3,False,,,,,,,,,,,,
1777690800,4,False,,,,,,,,,,,,
1777690800,5,False,,,,,,,,,,,,
1777690800,6,False,,,,,,,,,,,,
1777690800,7,False,,,,,,,,,,,,
1777690800,8,False,,,,,,,,,,,,
1777690800,9,False,,,,,,,,,,,,
1777690800,10,False,,,,,,,,,,,,
1777694400,1,False,,,,,,,,,,,,
1777694400,2,False,,,,,,,,,,,,
1777694400,3,False,,,,,,,,,,,,
1777694400,4,False,,,,,,,,,,,,
1777694400,5,False,,,,,,,,,,,,
1777694400,6,False,,,,,,,,,,,,
1777694400,7,False,,,,,,,,,,,,
1777694400,8,False,,,,,,,,,,,,
1777694400,9,False,,,,,,,,,,,,
1777694400,10,False,,,,,,,,,,,,
1777698000,1,False,,,,,,,,,,,,
1777698000,2,False,,,,,,,,,,,,
1777698000,3,False,,,,,,,,,,,,
1777698000,4,True,up,0.3821410867795477,0.3100000023841858,28.18000030517578,0.05716808433194259,filled,0.3100000023841858,28.18000030517578,8.735800161790849,0.42193914635655405,False,-9.157739308147402
1777698000,5,True,up,0.3942707569825914,0.3100000023841858,10.15999984741211,0.06929775453498627,book_moved_no_edge,0.28999999165534973,0.0,0.0,0.0,False,0.0
1777698000,6,False,,,,,,,,,,,,
1777698000,7,True,up,0.98,0.4099999964237213,20.0,0.5530670036213398,filled,0.3100000023841858,19.010000228881836,5.893100116276742,0.28463673463264944,False,-6.177736850909391
1777698000,8,True,up,0.98,0.44999998807907104,20.0,0.5126750120043755,filled,0.3700000047683716,20.0,7.400000095367432,0.3263400017356872,False,-7.726340097103119
1777698000,9,True,up,0.98,0.4300000071525574,0.2800000011920929,0.5328429927773476,filled,0.44999998807907104,20.0,8.999999761581421,0.3464999983310698,False,-9.34649975991249
1777698000,10,True,up,0.98,0.4300000071525574,17.670000076293945,0.5328429927773476,filled,0.4300000071525574,0.2800000011920929,0.12040000251531602,0.004803960040079355,False,-0.12520396255539537
1777701600,1,False,,,,,,,,,,,,
1777701600,2,False,,,,,,,,,,,,
1777701600,3,False,,,,,,,,,,,,
1777701600,4,False,,,,,,,,,,,,
1777701600,5,False,,,,,,,,,,,,
1777701600,6,False,,,,,,,,,,,,
1777701600,7,False,,,,,,,,,,,,
1777701600,8,False,,,,,,,,,,,,
1777701600,9,False,,,,,,,,,,,,
1777701600,10,False,,,,,,,,,,,,
1777705200,1,False,,,,,,,,,,,,
1777705200,2,False,,,,,,,,,,,,
1777705200,3,False,,,,,,,,,,,,
1777705200,4,False,,,,,,,,,,,,
1777705200,5,False,,,,,,,,,,,,
1777705200,6,False,,,,,,,,,,,,
1777705200,7,False,,,,,,,,,,,,
1777705200,8,False,,,,,,,,,,,,
1777705200,9,False,,,,,,,,,,,,
1777705200,10,False,,,,,,,,,,,,
1777708800,1,False,,,,,,,,,,,,
1777708800,2,False,,,,,,,,,,,,
1777708800,3,False,,,,,,,,,,,,
1777708800,4,False,,,,,,,,,,,,
1777708800,5,False,,,,,,,,,,,,
1777708800,6,False,,,,,,,,,,,,
1777708800,7,False,,,,,,,,,,,,
1777708800,8,False,,,,,,,,,,,,
1777708800,9,False,,,,,,,,,,,,
1777708800,10,False,,,,,,,,,,,,
1777712400,1,False,,,,,,,,,,,,
1777712400,2,False,,,,,,,,,,,,
1777712400,3,False,,,,,,,,,,,,
1777712400,4,False,,,,,,,,,,,,
1777712400,5,False,,,,,,,,,,,,
1777712400,6,False,,,,,,,,,,,,
1777712400,7,False,,,,,,,,,,,,
1777712400,8,False,,,,,,,,,,,,
1777712400,9,False,,,,,,,,,,,,
1777712400,10,False,,,,,,,,,,,,
1777716000,1,False,,,,,,,,,,,,
1777716000,2,False,,,,,,,,,,,,
1777716000,3,False,,,,,,,,,,,,
1777716000,4,False,,,,,,,,,,,,
1777716000,5,False,,,,,,,,,,,,
1777716000,6,False,,,,,,,,,,,,
1777716000,7,False,,,,,,,,,,,,
1777716000,8,False,,,,,,,,,,,,
1777716000,9,False,,,,,,,,,,,,
1777716000,10,False,,,,,,,,,,,,
1777719600,1,False,,,,,,,,,,,,
1777719600,2,False,,,,,,,,,,,,
1777719600,3,False,,,,,,,,,,,,
1777719600,4,False,,,,,,,,,,,,
1777719600,5,False,,,,,,,,,,,,
1777719600,6,False,,,,,,,,,,,,
1777719600,7,False,,,,,,,,,,,,
1777719600,8,False,,,,,,,,,,,,
1777719600,9,False,,,,,,,,,,,,
1777719600,10,False,,,,,,,,,,,,
1777723200,1,False,,,,,,,,,,,,
1777723200,2,False,,,,,,,,,,,,
1777723200,3,False,,,,,,,,,,,,
1777723200,4,False,,,,,,,,,,,,
1777723200,5,False,,,,,,,,,,,,
1777723200,6,False,,,,,,,,,,,,
1777723200,7,False,,,,,,,,,,,,
1777723200,8,False,,,,,,,,,,,,
1777723200,9,False,,,,,,,,,,,,
1777723200,10,False,,,,,,,,,,,,
1777726800,1,False,,,,,,,,,,,,
1777726800,2,False,,,,,,,,,,,,
1777726800,3,False,,,,,,,,,,,,
1777726800,4,False,,,,,,,,,,,,
1777726800,5,False,,,,,,,,,,,,
1777726800,6,False,,,,,,,,,,,,
1777726800,7,False,,,,,,,,,,,,
1777726800,8,False,,,,,,,,,,,,
1777726800,9,False,,,,,,,,,,,,
1777726800,10,False,,,,,,,,,,,,
1777730400,1,False,,,,,,,,,,,,
1777730400,2,False,,,,,,,,,,,,
1777730400,3,False,,,,,,,,,,,,
1777730400,4,False,,,,,,,,,,,,
1777730400,5,False,,,,,,,,,,,,
1777730400,6,False,,,,,,,,,,,,
1777730400,7,False,,,,,,,,,,,,
1777730400,8,False,,,,,,,,,,,,
1777730400,9,False,,,,,,,,,,,,
1777730400,10,False,,,,,,,,,,,,
1777734000,1,False,,,,,,,,,,,,
1777734000,2,False,,,,,,,,,,,,
1777734000,3,False,,,,,,,,,,,,
1777734000,4,False,,,,,,,,,,,,
1777734000,5,False,,,,,,,,,,,,
1777734000,6,False,,,,,,,,,,,,
1777734000,7,False,,,,,,,,,,,,
1777734000,8,False,,,,,,,,,,,,
1777734000,9,False,,,,,,,,,,,,
1777734000,10,False,,,,,,,,,,,,
1777737600,1,False,,,,,,,,,,,,
1777737600,2,False,,,,,,,,,,,,
1777737600,3,False,,,,,,,,,,,,
1777737600,4,False,,,,,,,,,,,,
1777737600,5,False,,,,,,,,,,,,
1777737600,6,False,,,,,,,,,,,,
1777737600,7,False,,,,,,,,,,,,
1777737600,8,False,,,,,,,,,,,,
1777737600,9,False,,,,,,,,,,,,
1777737600,10,False,,,,,,,,,,,,
1777741200,1,False,,,,,,,,,,,,
1777741200,2,False,,,,,,,,,,,,
1777741200,3,False,,,,,,,,,,,,
1777741200,4,False,,,,,,,,,,,,
1777741200,5,False,,,,,,,,,,,,
1777741200,6,False,,,,,,,,,,,,
1777741200,7,False,,,,,,,,,,,,
1777741200,8,False,,,,,,,,,,,,
1777741200,9,False,,,,,,,,,,,,
1777741200,10,False,,,,,,,,,,,,
1777744800,1,False,,,,,,,,,,,,
1777744800,2,False,,,,,,,,,,,,
1777744800,3,False,,,,,,,,,,,,
1777744800,4,False,,,,,,,,,,,,
1777744800,5,False,,,,,,,,,,,,
1777744800,6,False,,,,,,,,,,,,
1777744800,7,False,,,,,,,,,,,,
1777744800,8,False,,,,,,,,,,,,
1777744800,9,False,,,,,,,,,,,,
1777744800,10,False,,,,,,,,,,,,
1777748400,1,False,,,,,,,,,,,,
1777748400,2,False,,,,,,,,,,,,
1777748400,3,False,,,,,,,,,,,,
1777748400,4,True,up,0.98,0.6700000166893005,2.4700000286102295,0.2945229837079048,book_moved_no_edge,0.9800000190734863,0.0,0.0,0.0,True,0.0
1777748400,5,True,up,0.98,0.5699999928474426,14.930000305175781,0.3928430070824623,filled,0.6700000166893005,2.4700000286102295,1.6549000603914266,0.03822818946170324,True,0.7768717787570997
1777748400,6,False,,,,,,,,,,,,
1777748400,7,True,down,0.98,0.7400000095367432,5.0,0.2265319907836914,filled,0.4599999785423279,48.0,22.07999897003174,0.8346239942321763,False,-22.914622964263913
1777748400,8,True,down,0.98,0.9099999964237213,26.3700008392334,0.06426700337100028,filled,0.6399999856948853,5.0,3.1999999284744263,0.08064000140190118,False,-3.2806399298763274
1777748400,9,True,down,0.98,0.9099999964237213,13.569999694824219,0.06426700337100028,filled,0.9099999964237213,6.369999885559082,5.79669987307787,0.036519210651533573,False,-5.833219083729404
1777748400,10,True,down,0.98,0.8700000047683716,4.429999828338623,0.10208299547863005,filled,0.9099999964237213,26.3700008392334,23.99670066939592,0.15117922022451655,False,-24.147879889620437
1777752000,1,False,,,,,,,,,,,,
1777752000,2,False,,,,,,,,,,,,
1777752000,3,False,,,,,,,,,,,,
1777752000,4,False,,,,,,,,,,,,
1777752000,5,False,,,,,,,,,,,,
1777752000,6,False,,,,,,,,,,,,
1777752000,7,False,,,,,,,,,,,,
1777752000,8,False,,,,,,,,,,,,
1777752000,9,False,,,,,,,,,,,,
1777752000,10,False,,,,,,,,,,,,
1777755600,1,False,,,,,,,,,,,,
1777755600,2,False,,,,,,,,,,,,
1777755600,3,False,,,,,,,,,,,,
1777755600,4,False,,,,,,,,,,,,
1777755600,5,False,,,,,,,,,,,,
1777755600,6,False,,,,,,,,,,,,
1777755600,7,False,,,,,,,,,,,,
1777755600,8,False,,,,,,,,,,,,
1777755600,9,False,,,,,,,,,,,,
1777755600,10,False,,,,,,,,,,,,
1777759200,1,False,,,,,,,,,,,,
1777759200,2,False,,,,,,,,,,,,
1777759200,3,False,,,,,,,,,,,,
1777759200,4,False,,,,,,,,,,,,
1777759200,5,False,,,,,,,,,,,,
1777759200,6,False,,,,,,,,,,,,
1777759200,7,False,,,,,,,,,,,,
1777759200,8,False,,,,,,,,,,,,
1777759200,9,False,,,,,,,,,,,,
1777759200,10,False,,,,,,,,,,,,
1777762800,1,False,,,,,,,,,,,,
1777762800,2,False,,,,,,,,,,,,
1777762800,3,False,,,,,,,,,,,,
1777762800,4,False,,,,,,,,,,,,
1777762800,5,False,,,,,,,,,,,,
1777762800,6,False,,,,,,,,,,,,
1777762800,7,False,,,,,,,,,,,,
1777762800,8,False,,,,,,,,,,,,
1777762800,9,False,,,,,,,,,,,,
1777762800,10,False,,,,,,,,,,,,
1777766400,1,False,,,,,,,,,,,,
1777766400,2,False,,,,,,,,,,,,
1777766400,3,False,,,,,,,,,,,,
1777766400,4,False,,,,,,,,,,,,
1777766400,5,False,,,,,,,,,,,,
1777766400,6,False,,,,,,,,,,,,
1777766400,7,False,,,,,,,,,,,,
1777766400,8,False,,,,,,,,,,,,
1777766400,9,False,,,,,,,,,,,,
1777766400,10,False,,,,,,,,,,,,
1777770000,1,False,,,,,,,,,,,,
1777770000,2,False,,,,,,,,,,,,
1777770000,3,False,,,,,,,,,,,,
1777770000,4,False,,,,,,,,,,,,
1777770000,5,False,,,,,,,,,,,,
1777770000,6,False,,,,,,,,,,,,
1777770000,7,False,,,,,,,,,,,,
1777770000,8,False,,,,,,,,,,,,
1777770000,9,False,,,,,,,,,,,,
1777770000,10,False,,,,,,,,,,,,
1777773600,1,False,,,,,,,,,,,,
1777773600,2,False,,,,,,,,,,,,
1777773600,3,False,,,,,,,,,,,,
1777773600,4,False,,,,,,,,,,,,
1777773600,5,False,,,,,,,,,,,,
1777773600,6,False,,,,,,,,,,,,
1777773600,7,False,,,,,,,,,,,,
1777773600,8,False,,,,,,,,,,,,
1777773600,9,False,,,,,,,,,,,,
1777773600,10,False,,,,,,,,,,,,
1777777200,1,False,,,,,,,,,,,,
1777777200,2,False,,,,,,,,,,,,
1777777200,3,False,,,,,,,,,,,,
1777777200,4,False,,,,,,,,,,,,
1777777200,5,False,,,,,,,,,,,,
1777777200,6,False,,,,,,,,,,,,
1777777200,7,False,,,,,,,,,,,,
1777777200,8,False,,,,,,,,,,,,
1777777200,9,False,,,,,,,,,,,,
1777777200,10,False,,,,,,,,,,,,
1777780800,1,False,,,,,,,,,,,,
1777780800,2,False,,,,,,,,,,,,
1777780800,3,False,,,,,,,,,,,,
1777780800,4,False,,,,,,,,,,,,
1777780800,5,False,,,,,,,,,,,,
1777780800,6,False,,,,,,,,,,,,
1777780800,7,False,,,,,,,,,,,,
1777780800,8,False,,,,,,,,,,,,
1777780800,9,False,,,,,,,,,,,,
1777780800,10,False,,,,,,,,,,,,
1777784400,1,False,,,,,,,,,,,,
1777784400,2,False,,,,,,,,,,,,
1777784400,3,False,,,,,,,,,,,,
1777784400,4,False,,,,,,,,,,,,
1777784400,5,False,,,,,,,,,,,,
1777784400,6,False,,,,,,,,,,,,
1777784400,7,False,,,,,,,,,,,,
1777784400,8,False,,,,,,,,,,,,
1777784400,9,False,,,,,,,,,,,,
1777784400,10,False,,,,,,,,,,,,
1777788000,1,False,,,,,,,,,,,,
1777788000,2,False,,,,,,,,,,,,
1777788000,3,False,,,,,,,,,,,,
1777788000,4,False,,,,,,,,,,,,
1777788000,5,False,,,,,,,,,,,,
1777788000,6,False,,,,,,,,,,,,
1777788000,7,False,,,,,,,,,,,,
1777788000,8,False,,,,,,,,,,,,
1777788000,9,False,,,,,,,,,,,,
1777788000,10,False,,,,,,,,,,,,
1777791600,1,False,,,,,,,,,,,,
1777791600,2,False,,,,,,,,,,,,
1777791600,3,False,,,,,,,,,,,,
1777791600,4,False,,,,,,,,,,,,
1777791600,5,False,,,,,,,,,,,,
1777791600,6,False,,,,,,,,,,,,
1777791600,7,False,,,,,,,,,,,,
1777791600,8,False,,,,,,,,,,,,
1777791600,9,False,,,,,,,,,,,,
1777791600,10,False,,,,,,,,,,,,
1777795200,1,True,up,0.98,0.75,20.0,0.21687499999999998,empty_book,,0.0,0.0,0.0,True,0.0
1777795200,2,True,up,0.98,0.6899999976158142,4.78000020980835,0.27502700232076643,book_moved_no_edge,0.9990000128746033,0.0,0.0,0.0,True,0.0
1777795200,3,True,up,0.98,0.6899999976158142,4.78000020980835,0.27502700232076643,filled,0.6899999976158142,4.78000020980835,3.2982001333713526,0.07157094344460489,True,1.4102291329923922
1777795200,4,True,up,0.98,0.7900000214576721,20.0,0.1783869794135094,filled,0.6899999976158142,4.78000020980835,3.2982001333713526,0.07157094344460489,True,1.4102291329923922
1777795200,5,True,up,0.98,0.7699999809265137,3.700000047683716,0.19760301835250854,filled,0.6299999952316284,20.0,12.599999904632568,0.3263400017356872,True,7.073660093631744
1777795200,6,True,up,0.98,0.75,2.0,0.21687499999999998,filled,0.7900000214576721,20.0,15.800000429153442,0.23225998257636962,True,3.967739588270188
1777795200,7,True,up,0.98,0.75,2.0,0.21687499999999998,filled,0.75,2.0,1.5,0.026250000000000002,True,0.47375
1777795200,8,True,up,0.98,0.75,20.0,0.21687499999999998,filled,0.75,2.0,1.5,0.026250000000000002,True,0.47375
1777795200,9,True,up,0.98,0.5099999904632568,20.0,0.45250700952339173,filled,0.75,20.0,15.0,0.2625,True,4.7375
1777795200,10,True,up,0.98,0.8500000238418579,20.0,0.12107497732639315,filled,0.8100000023841858,20.0,16.200000047683716,0.21545999793052675,True,3.5845399543857575
1777798800,1,False,,,,,,,,,,,,
1777798800,2,False,,,,,,,,,,,,
1777798800,3,False,,,,,,,,,,,,
1777798800,4,False,,,,,,,,,,,,
1777798800,5,False,,,,,,,,,,,,
1777798800,6,False,,,,,,,,,,,,
1777798800,7,False,,,,,,,,,,,,
1777798800,8,False,,,,,,,,,,,,
1777798800,9,False,,,,,,,,,,,,
1777798800,10,False,,,,,,,,,,,,
1777802400,1,False,,,,,,,,,,,,
1777802400,2,False,,,,,,,,,,,,
1777802400,3,False,,,,,,,,,,,,
1777802400,4,False,,,,,,,,,,,,
1777802400,5,False,,,,,,,,,,,,
1777802400,6,False,,,,,,,,,,,,
1777802400,7,False,,,,,,,,,,,,
1777802400,8,False,,,,,,,,,,,,
1777802400,9,False,,,,,,,,,,,,
1777802400,10,False,,,,,,,,,,,,
1777806000,1,False,,,,,,,,,,,,
1777806000,2,False,,,,,,,,,,,,
1777806000,3,False,,,,,,,,,,,,
1777806000,4,False,,,,,,,,,,,,
1777806000,5,False,,,,,,,,,,,,
1777806000,6,False,,,,,,,,,,,,
1777806000,7,False,,,,,,,,,,,,
1777806000,8,False,,,,,,,,,,,,
1777806000,9,False,,,,,,,,,,,,
1777806000,10,False,,,,,,,,,,,,
1777809600,1,False,,,,,,,,,,,,
1777809600,2,False,,,,,,,,,,,,
1777809600,3,False,,,,,,,,,,,,
1777809600,4,False,,,,,,,,,,,,
1777809600,5,False,,,,,,,,,,,,
1777809600,6,False,,,,,,,,,,,,
1777809600,7,False,,,,,,,,,,,,
1777809600,8,False,,,,,,,,,,,,
1777809600,9,False,,,,,,,,,,,,
1777809600,10,False,,,,,,,,,,,,
1777813200,1,False,,,,,,,,,,,,
1777813200,2,False,,,,,,,,,,,,
1777813200,3,False,,,,,,,,,,,,
1777813200,4,False,,,,,,,,,,,,
1777813200,5,False,,,,,,,,,,,,
1777813200,6,False,,,,,,,,,,,,
1777813200,7,False,,,,,,,,,,,,
1777813200,8,False,,,,,,,,,,,,
1777813200,9,False,,,,,,,,,,,,
1777813200,10,False,,,,,,,,,,,,
1777816800,1,False,,,,,,,,,,,,
1777816800,2,False,,,,,,,,,,,,
1777816800,3,False,,,,,,,,,,,,
1777816800,4,False,,,,,,,,,,,,
1777816800,5,False,,,,,,,,,,,,
1777816800,6,False,,,,,,,,,,,,
1777816800,7,False,,,,,,,,,,,,
1777816800,8,False,,,,,,,,,,,,
1777816800,9,False,,,,,,,,,,,,
1777816800,10,False,,,,,,,,,,,,
1777820400,1,False,,,,,,,,,,,,
1777820400,2,False,,,,,,,,,,,,
1777820400,3,False,,,,,,,,,,,,
1777820400,4,False,,,,,,,,,,,,
1777820400,5,False,,,,,,,,,,,,
1777820400,6,False,,,,,,,,,,,,
1777820400,7,False,,,,,,,,,,,,
1777820400,8,False,,,,,,,,,,,,
1777820400,9,False,,,,,,,,,,,,
1777820400,10,False,,,,,,,,,,,,
1777824000,1,False,,,,,,,,,,,,
1777824000,2,False,,,,,,,,,,,,
1777824000,3,False,,,,,,,,,,,,
1777824000,4,False,,,,,,,,,,,,
1777824000,5,False,,,,,,,,,,,,
1777824000,6,False,,,,,,,,,,,,
1777824000,7,False,,,,,,,,,,,,
1777824000,8,False,,,,,,,,,,,,
1777824000,9,False,,,,,,,,,,,,
1777824000,10,False,,,,,,,,,,,,
1777827600,1,False,,,,,,,,,,,,
1777827600,2,False,,,,,,,,,,,,
1777827600,3,False,,,,,,,,,,,,
1777827600,4,False,,,,,,,,,,,,
1777827600,5,False,,,,,,,,,,,,
1777827600,6,False,,,,,,,,,,,,
1777827600,7,False,,,,,,,,,,,,
1777827600,8,False,,,,,,,,,,,,
1777827600,9,False,,,,,,,,,,,,
1777827600,10,False,,,,,,,,,,,,
1777831200,1,False,,,,,,,,,,,,
1777831200,2,False,,,,,,,,,,,,
1777831200,3,False,,,,,,,,,,,,
1777831200,4,False,,,,,,,,,,,,
1777831200,5,False,,,,,,,,,,,,
1777831200,6,False,,,,,,,,,,,,
1777831200,7,False,,,,,,,,,,,,
1777831200,8,False,,,,,,,,,,,,
1777831200,9,False,,,,,,,,,,,,
1777831200,10,False,,,,,,,,,,,,
1777834800,1,False,,,,,,,,,,,,
1777834800,2,False,,,,,,,,,,,,
1777834800,3,False,,,,,,,,,,,,
1777834800,4,False,,,,,,,,,,,,
1777834800,5,False,,,,,,,,,,,,
1777834800,6,False,,,,,,,,,,,,
1777834800,7,False,,,,,,,,,,,,
1777834800,8,False,,,,,,,,,,,,
1777834800,9,False,,,,,,,,,,,,
1777834800,10,False,,,,,,,,,,,,
1777838400,1,False,,,,,,,,,,,,
1777838400,2,False,,,,,,,,,,,,
1777838400,3,False,,,,,,,,,,,,
1777838400,4,False,,,,,,,,,,,,
1777838400,5,False,,,,,,,,,,,,
1777838400,6,False,,,,,,,,,,,,
1777838400,7,False,,,,,,,,,,,,
1777838400,8,False,,,,,,,,,,,,
1777838400,9,False,,,,,,,,,,,,
1777838400,10,False,,,,,,,,,,,,
1777842000,1,False,,,,,,,,,,,,
1777842000,2,False,,,,,,,,,,,,
1777842000,3,False,,,,,,,,,,,,
1777842000,4,False,,,,,,,,,,,,
1777842000,5,False,,,,,,,,,,,,
1777842000,6,False,,,,,,,,,,,,
1777842000,7,False,,,,,,,,,,,,
1777842000,8,False,,,,,,,,,,,,
1777842000,9,False,,,,,,,,,,,,
1777842000,10,False,,,,,,,,,,,,
1777845600,1,False,,,,,,,,,,,,
1777845600,2,False,,,,,,,,,,,,
1777845600,3,False,,,,,,,,,,,,
1777845600,4,False,,,,,,,,,,,,
1777845600,5,False,,,,,,,,,,,,
1777845600,6,False,,,,,,,,,,,,
1777845600,7,False,,,,,,,,,,,,
1777845600,8,False,,,,,,,,,,,,
1777845600,9,False,,,,,,,,,,,,
1777845600,10,False,,,,,,,,,,,,
1777849200,1,False,,,,,,,,,,,,
1777849200,2,False,,,,,,,,,,,,
1777849200,3,False,,,,,,,,,,,,
1777849200,4,False,,,,,,,,,,,,
1777849200,5,False,,,,,,,,,,,,
1777849200,6,False,,,,,,,,,,,,
1777849200,7,False,,,,,,,,,,,,
1777849200,8,False,,,,,,,,,,,,
1777849200,9,False,,,,,,,,,,,,
1777849200,10,False,,,,,,,,,,,,
1777852800,1,False,,,,,,,,,,,,
1777852800,2,False,,,,,,,,,,,,
1777852800,3,False,,,,,,,,,,,,
1777852800,4,False,,,,,,,,,,,,
1777852800,5,False,,,,,,,,,,,,
1777852800,6,False,,,,,,,,,,,,
1777852800,7,False,,,,,,,,,,,,
1777852800,8,False,,,,,,,,,,,,
1777852800,9,False,,,,,,,,,,,,
1777852800,10,False,,,,,,,,,,,,
1777856400,1,False,,,,,,,,,,,,
1777856400,2,False,,,,,,,,,,,,
1777856400,3,False,,,,,,,,,,,,
1777856400,4,False,,,,,,,,,,,,
1777856400,5,False,,,,,,,,,,,,
1777856400,6,False,,,,,,,,,,,,
1777856400,7,False,,,,,,,,,,,,
1777856400,8,False,,,,,,,,,,,,
1777856400,9,False,,,,,,,,,,,,
1777856400,10,False,,,,,,,,,,,,
1777860000,1,False,,,,,,,,,,,,
1777860000,2,False,,,,,,,,,,,,
1777860000,3,False,,,,,,,,,,,,
1777860000,4,False,,,,,,,,,,,,
1777860000,5,False,,,,,,,,,,,,
1777860000,6,False,,,,,,,,,,,,
1777860000,7,False,,,,,,,,,,,,
1777860000,8,False,,,,,,,,,,,,
1777860000,9,False,,,,,,,,,,,,
1777860000,10,False,,,,,,,,,,,,
1777863600,1,False,,,,,,,,,,,,
1777863600,2,False,,,,,,,,,,,,
1777863600,3,False,,,,,,,,,,,,
1777863600,4,False,,,,,,,,,,,,
1777863600,5,False,,,,,,,,,,,,
1777863600,6,False,,,,,,,,,,,,
1777863600,7,False,,,,,,,,,,,,
1777863600,8,False,,,,,,,,,,,,
1777863600,9,False,,,,,,,,,,,,
1777863600,10,False,,,,,,,,,,,,
1777867200,1,False,,,,,,,,,,,,
1777867200,2,False,,,,,,,,,,,,
1777867200,3,False,,,,,,,,,,,,
1777867200,4,False,,,,,,,,,,,,
1777867200,5,True,up,0.8321239282125013,0.6700000166893005,50.0,0.14664691192040608,empty_book,,0.0,0.0,0.0,True,0.0
1777867200,6,True,up,0.810223999242681,0.6600000262260437,26.0,0.13451597360410067,book_moved_no_edge,0.9599999785423279,0.0,0.0,0.0,True,0.0
1777867200,7,True,up,0.7920454517588581,0.6700000166893005,40.0,0.10656843546676294,empty_book,,0.0,0.0,0.0,True,0.0
1777867200,8,True,up,0.7765260303753008,0.6700000166893005,40.0,0.0910490140832056,filled,0.6700000166893005,37.31343190636555,25.0,0.5774999707937241,True,11.735931935571827
1777867200,9,True,up,0.763459153404141,0.6800000071525574,40.0,0.06822714643182813,filled,0.6700000166893005,37.31343190636555,25.0,0.5774999707937241,True,11.735931935571827
1777867200,10,False,,,,,,,,,,,,
1777870800,1,False,,,,,,,,,,,,
1777870800,2,False,,,,,,,,,,,,
1777870800,3,False,,,,,,,,,,,,
1777870800,4,False,,,,,,,,,,,,
1777870800,5,False,,,,,,,,,,,,
1777870800,6,False,,,,,,,,,,,,
1777870800,7,False,,,,,,,,,,,,
1777870800,8,False,,,,,,,,,,,,
1777870800,9,False,,,,,,,,,,,,
1777870800,10,False,,,,,,,,,,,,
1777874400,1,False,,,,,,,,,,,,
1777874400,2,False,,,,,,,,,,,,
1777874400,3,False,,,,,,,,,,,,
1777874400,4,False,,,,,,,,,,,,
1777874400,5,False,,,,,,,,,,,,
1777874400,6,False,,,,,,,,,,,,
1777874400,7,False,,,,,,,,,,,,
1777874400,8,False,,,,,,,,,,,,
1777874400,9,False,,,,,,,,,,,,
1777874400,10,False,,,,,,,,,,,,
1777878000,1,False,,,,,,,,,,,,
1777878000,2,False,,,,,,,,,,,,
1777878000,3,False,,,,,,,,,,,,
1777878000,4,False,,,,,,,,,,,,
1777878000,5,False,,,,,,,,,,,,
1777878000,6,False,,,,,,,,,,,,
1777878000,7,False,,,,,,,,,,,,
1777878000,8,False,,,,,,,,,,,,
1777878000,9,False,,,,,,,,,,,,
1777878000,10,False,,,,,,,,,,,,
1777881600,1,False,,,,,,,,,,,,
1777881600,2,False,,,,,,,,,,,,
1777881600,3,False,,,,,,,,,,,,
1777881600,4,False,,,,,,,,,,,,
1777881600,5,False,,,,,,,,,,,,
1777881600,6,False,,,,,,,,,,,,
1777881600,7,False,,,,,,,,,,,,
1777881600,8,False,,,,,,,,,,,,
1777881600,9,False,,,,,,,,,,,,
1777881600,10,False,,,,,,,,,,,,
1777885200,1,False,,,,,,,,,,,,
1777885200,2,False,,,,,,,,,,,,
1777885200,3,False,,,,,,,,,,,,
1777885200,4,False,,,,,,,,,,,,
1777885200,5,False,,,,,,,,,,,,
1777885200,6,False,,,,,,,,,,,,
1777885200,7,False,,,,,,,,,,,,
1777885200,8,False,,,,,,,,,,,,
1777885200,9,False,,,,,,,,,,,,
1777885200,10,False,,,,,,,,,,,,
1777888800,1,False,,,,,,,,,,,,
1777888800,2,False,,,,,,,,,,,,
1777888800,3,False,,,,,,,,,,,,
1777888800,4,False,,,,,,,,,,,,
1777888800,5,False,,,,,,,,,,,,
1777888800,6,False,,,,,,,,,,,,
1777888800,7,False,,,,,,,,,,,,
1777888800,8,False,,,,,,,,,,,,
1777888800,9,False,,,,,,,,,,,,
1777888800,10,False,,,,,,,,,,,,
1777892400,1,False,,,,,,,,,,,,
1777892400,2,False,,,,,,,,,,,,
1777892400,3,False,,,,,,,,,,,,
1777892400,4,False,,,,,,,,,,,,
1777892400,5,False,,,,,,,,,,,,
1777892400,6,False,,,,,,,,,,,,
1777892400,7,False,,,,,,,,,,,,
1777892400,8,False,,,,,,,,,,,,
1777892400,9,False,,,,,,,,,,,,
1777892400,10,False,,,,,,,,,,,,
1777896000,1,False,,,,,,,,,,,,
1777896000,2,False,,,,,,,,,,,,
1777896000,3,False,,,,,,,,,,,,
1777896000,4,False,,,,,,,,,,,,
1777896000,5,False,,,,,,,,,,,,
1777896000,6,False,,,,,,,,,,,,
1777896000,7,False,,,,,,,,,,,,
1777896000,8,False,,,,,,,,,,,,
1777896000,9,False,,,,,,,,,,,,
1777896000,10,False,,,,,,,,,,,,
1777899600,1,False,,,,,,,,,,,,
1777899600,2,False,,,,,,,,,,,,
1777899600,3,False,,,,,,,,,,,,
1777899600,4,False,,,,,,,,,,,,
1777899600,5,False,,,,,,,,,,,,
1777899600,6,False,,,,,,,,,,,,
1777899600,7,False,,,,,,,,,,,,
1777899600,8,False,,,,,,,,,,,,
1777899600,9,False,,,,,,,,,,,,
1777899600,10,False,,,,,,,,,,,,
1777903200,1,False,,,,,,,,,,,,
1777903200,2,False,,,,,,,,,,,,
1777903200,3,False,,,,,,,,,,,,
1777903200,4,False,,,,,,,,,,,,
1777903200,5,False,,,,,,,,,,,,
1777903200,6,False,,,,,,,,,,,,
1777903200,7,False,,,,,,,,,,,,
1777903200,8,False,,,,,,,,,,,,
1777903200,9,False,,,,,,,,,,,,
1777903200,10,False,,,,,,,,,,,,
1777906800,1,False,,,,,,,,,,,,
1777906800,2,False,,,,,,,,,,,,
1777906800,3,False,,,,,,,,,,,,
1777906800,4,False,,,,,,,,,,,,
1777906800,5,False,,,,,,,,,,,,
1777906800,6,False,,,,,,,,,,,,
1777906800,7,False,,,,,,,,,,,,
1777906800,8,False,,,,,,,,,,,,
1777906800,9,False,,,,,,,,,,,,
1777906800,10,False,,,,,,,,,,,,
1777910400,1,False,,,,,,,,,,,,
1777910400,2,False,,,,,,,,,,,,
1777910400,3,False,,,,,,,,,,,,
1777910400,4,False,,,,,,,,,,,,
1777910400,5,True,up,0.8677769769700323,0.7900000214576721,15.0,0.06616395638354171,filled,0.3400000035762787,15.0,5.10000005364418,0.23562000120162968,False,-5.33562005484581
1777910400,6,True,up,0.8458303719683253,0.7799999713897705,3.7100000381469727,0.053818399457033886,book_moved_no_edge,0.7900000214576721,0.0,0.0,0.0,False,0.0
1777910400,7,False,,,,,,,,,,,,
1777910400,8,True,up,0.8111740848202738,0.7300000190734863,10.0,0.06737706636095371,book_moved_no_edge,0.7799999713897705,0.0,0.0,0.0,False,0.0
1777910400,9,True,up,0.7973835376880214,0.7200000286102295,10.300000190734863,0.06327150995898703,book_moved_no_edge,0.7799999713897705,0.0,0.0,0.0,False,0.0
1777910400,10,False,,,,,,,,,,,,
1777914000,1,False,,,,,,,,,,,,
1777914000,2,False,,,,,,,,,,,,
1777914000,3,False,,,,,,,,,,,,
1777914000,4,False,,,,,,,,,,,,
1777914000,5,False,,,,,,,,,,,,
1777914000,6,False,,,,,,,,,,,,
1777914000,7,False,,,,,,,,,,,,
1777914000,8,False,,,,,,,,,,,,
1777914000,9,False,,,,,,,,,,,,
1777914000,10,False,,,,,,,,,,,,
1777917600,1,False,,,,,,,,,,,,
1777917600,2,False,,,,,,,,,,,,
1777917600,3,False,,,,,,,,,,,,
1777917600,4,False,,,,,,,,,,,,
1777917600,5,False,,,,,,,,,,,,
1777917600,6,False,,,,,,,,,,,,
1777917600,7,False,,,,,,,,,,,,
1777917600,8,False,,,,,,,,,,,,
1777917600,9,False,,,,,,,,,,,,
1777917600,10,False,,,,,,,,,,,,
1777921200,1,False,,,,,,,,,,,,
1777921200,2,False,,,,,,,,,,,,
1777921200,3,False,,,,,,,,,,,,
1777921200,4,False,,,,,,,,,,,,
1777921200,5,False,,,,,,,,,,,,
1777921200,6,False,,,,,,,,,,,,
1777921200,7,False,,,,,,,,,,,,
1777921200,8,False,,,,,,,,,,,,
1777921200,9,False,,,,,,,,,,,,
1777921200,10,False,,,,,,,,,,,,
1777924800,1,False,,,,,,,,,,,,
1777924800,2,False,,,,,,,,,,,,
1777924800,3,False,,,,,,,,,,,,
1777924800,4,False,,,,,,,,,,,,
1777924800,5,False,,,,,,,,,,,,
1777924800,6,False,,,,,,,,,,,,
1777924800,7,False,,,,,,,,,,,,
1777924800,8,False,,,,,,,,,,,,
1777924800,9,False,,,,,,,,,,,,
1777924800,10,False,,,,,,,,,,,,
1777928400,1,False,,,,,,,,,,,,
1777928400,2,False,,,,,,,,,,,,
1777928400,3,False,,,,,,,,,,,,
1777928400,4,False,,,,,,,,,,,,
1777928400,5,False,,,,,,,,,,,,
1777928400,6,False,,,,,,,,,,,,
1777928400,7,False,,,,,,,,,,,,
1777928400,8,False,,,,,,,,,,,,
1777928400,9,False,,,,,,,,,,,,
1777928400,10,False,,,,,,,,,,,,
1777932000,1,False,,,,,,,,,,,,
1777932000,2,False,,,,,,,,,,,,
1777932000,3,False,,,,,,,,,,,,
1777932000,4,False,,,,,,,,,,,,
1777932000,5,False,,,,,,,,,,,,
1777932000,6,False,,,,,,,,,,,,
1777932000,7,False,,,,,,,,,,,,
1777932000,8,False,,,,,,,,,,,,
1777932000,9,False,,,,,,,,,,,,
1777932000,10,False,,,,,,,,,,,,
1777935600,1,False,,,,,,,,,,,,
1777935600,2,False,,,,,,,,,,,,
1777935600,3,False,,,,,,,,,,,,
1777935600,4,False,,,,,,,,,,,,
1777935600,5,False,,,,,,,,,,,,
1777935600,6,False,,,,,,,,,,,,
1777935600,7,False,,,,,,,,,,,,
1777935600,8,False,,,,,,,,,,,,
1777935600,9,False,,,,,,,,,,,,
1777935600,10,False,,,,,,,,,,,,
1777939200,1,False,,,,,,,,,,,,
1777939200,2,False,,,,,,,,,,,,
1777939200,3,False,,,,,,,,,,,,
1777939200,4,False,,,,,,,,,,,,
1777939200,5,False,,,,,,,,,,,,
1777939200,6,False,,,,,,,,,,,,
1777939200,7,False,,,,,,,,,,,,
1777939200,8,False,,,,,,,,,,,,
1777939200,9,False,,,,,,,,,,,,
1777939200,10,False,,,,,,,,,,,,
1777942800,1,False,,,,,,,,,,,,
1777942800,2,False,,,,,,,,,,,,
1777942800,3,False,,,,,,,,,,,,
1777942800,4,False,,,,,,,,,,,,
1777942800,5,False,,,,,,,,,,,,
1777942800,6,False,,,,,,,,,,,,
1777942800,7,False,,,,,,,,,,,,
1777942800,8,False,,,,,,,,,,,,
1777942800,9,False,,,,,,,,,,,,
1777942800,10,False,,,,,,,,,,,,
1777946400,1,False,,,,,,,,,,,,
1777946400,2,False,,,,,,,,,,,,
1777946400,3,False,,,,,,,,,,,,
1777946400,4,False,,,,,,,,,,,,
1777946400,5,False,,,,,,,,,,,,
1777946400,6,False,,,,,,,,,,,,
1777946400,7,False,,,,,,,,,,,,
1777946400,8,False,,,,,,,,,,,,
1777946400,9,False,,,,,,,,,,,,
1777946400,10,False,,,,,,,,,,,,
1777950000,1,False,,,,,,,,,,,,
1777950000,2,False,,,,,,,,,,,,
1777950000,3,False,,,,,,,,,,,,
1777950000,4,False,,,,,,,,,,,,
1777950000,5,False,,,,,,,,,,,,
1777950000,6,False,,,,,,,,,,,,
1777950000,7,False,,,,,,,,,,,,
1777950000,8,False,,,,,,,,,,,,
1777950000,9,False,,,,,,,,,,,,
1777950000,10,False,,,,,,,,,,,,
1777953600,1,True,up,0.98,0.8100000023841858,113.0,0.15922699771928786,empty_book,,0.0,0.0,0.0,True,0.0
1777953600,2,True,up,0.98,0.8100000023841858,113.0,0.15922699771928786,filled,0.8100000023841858,30.864197440017307,25.0,0.3324999958276749,True,5.531697444189632
1777953600,3,True,up,0.98,0.8100000023841858,113.0,0.15922699771928786,filled,0.8100000023841858,30.864197440017307,25.0,0.3324999958276749,True,5.531697444189632
1777953600,4,True,up,0.98,0.8100000023841858,100.0,0.15922699771928786,filled,0.8100000023841858,30.864197440017307,25.0,0.3324999958276749,True,5.531697444189632
1777953600,5,True,up,0.98,0.8100000023841858,50.0,0.15922699771928786,filled,0.8100000023841858,30.864197440017307,25.0,0.3324999958276749,True,5.531697444189632
1777953600,6,True,up,0.98,0.6399999856948853,50.0,0.3238720140247345,filled,0.8100000023841858,30.864197440017307,25.0,0.3324999958276749,True,5.531697444189632
1777953600,7,True,up,0.98,0.8100000023841858,50.0,0.15922699771928786,filled,0.7099999785423279,35.21126866979135,25.0,0.5075000375509263,True,9.703768632240426
1777953600,8,True,up,0.98,0.7400000095367432,531.719970703125,0.2265319907836914,filled,0.6299999952316284,39.68253998289063,25.000000000000004,0.6475000083446504,True,14.035039974545978
1777953600,9,True,up,0.98,0.7400000095367432,531.719970703125,0.2265319907836914,filled,0.8100000023841858,30.864197440017307,25.0,0.3324999958276749,True,5.531697444189632
1777953600,10,True,up,0.98,0.7400000095367432,531.719970703125,0.2265319907836914,filled,0.7400000095367432,33.78378334839559,25.0,0.4549999833106995,True,8.328783365084888
1777957200,1,False,,,,,,,,,,,,
1777957200,2,False,,,,,,,,,,,,
1777957200,3,False,,,,,,,,,,,,
1777957200,4,False,,,,,,,,,,,,
1777957200,5,False,,,,,,,,,,,,
1777957200,6,False,,,,,,,,,,,,
1777957200,7,False,,,,,,,,,,,,
1777957200,8,False,,,,,,,,,,,,
1777957200,9,False,,,,,,,,,,,,
1777957200,10,False,,,,,,,,,,,,
1777960800,1,True,up,0.98,0.5,583.3099975585938,0.46249999999999997,empty_book,,0.0,0.0,0.0,True,0.0
1777960800,2,True,up,0.98,0.5,599.3099975585938,0.46249999999999997,filled,0.5,50.0,25.0,0.8750000000000001,True,24.125
1777960800,3,True,up,0.98,0.5,636.5900268554688,0.46249999999999997,filled,0.5,50.0,25.0,0.8750000000000001,True,24.125
1777960800,4,True,up,0.9738788639979472,0.5,676.5900268554688,0.4563788639979472,filled,0.5,50.0,25.0,0.8750000000000001,True,24.125
1777960800,5,True,up,0.9587378487770741,0.5,676.5900268554688,0.4412378487770741,filled,0.5,50.0,25.0,0.8750000000000001,True,24.125
1777960800,6,True,up,0.9432083744045691,0.5,687.5900268554688,0.42570837440456905,filled,0.5,50.0,25.0,0.8750000000000001,True,24.125
1777960800,7,True,up,0.9285281386472699,0.5,687.5900268554688,0.4110281386472699,filled,0.5,50.0,25.0,0.8750000000000001,True,24.125
1777960800,8,True,up,0.9150597023424554,0.5,902.9099731445312,0.39755970234245536,filled,0.5,50.0,25.0,0.8750000000000001,True,24.125
1777960800,9,True,up,0.9021824835835511,0.5,1012.9099731445312,0.3846824835835511,filled,0.5,50.0,25.0,0.8750000000000001,True,24.125
1777960800,10,True,up,0.8282501050649004,0.5,1034.0,0.31075010506490036,filled,0.5,50.0,25.0,0.8750000000000001,True,24.125
1777964400,1,False,,,,,,,,,,,,
1777964400,2,False,,,,,,,,,,,,
1777964400,3,False,,,,,,,,,,,,
1777964400,4,False,,,,,,,,,,,,
1777964400,5,False,,,,,,,,,,,,
1777964400,6,False,,,,,,,,,,,,
1777964400,7,False,,,,,,,,,,,,
1777964400,8,False,,,,,,,,,,,,
1777964400,9,False,,,,,,,,,,,,
1777964400,10,False,,,,,,,,,,,,
1777968000,1,False,,,,,,,,,,,,
1777968000,2,False,,,,,,,,,,,,
1777968000,3,False,,,,,,,,,,,,
1777968000,4,False,,,,,,,,,,,,
1777968000,5,False,,,,,,,,,,,,
1777968000,6,False,,,,,,,,,,,,
1777968000,7,False,,,,,,,,,,,,
1777968000,8,False,,,,,,,,,,,,
1777968000,9,False,,,,,,,,,,,,
1777968000,10,False,,,,,,,,,,,,
1777971600,1,False,,,,,,,,,,,,
1777971600,2,False,,,,,,,,,,,,
1777971600,3,False,,,,,,,,,,,,
1777971600,4,False,,,,,,,,,,,,
1777971600,5,False,,,,,,,,,,,,
1777971600,6,False,,,,,,,,,,,,
1777971600,7,False,,,,,,,,,,,,
1777971600,8,False,,,,,,,,,,,,
1777971600,9,False,,,,,,,,,,,,
1777971600,10,False,,,,,,,,,,,,
1777975200,1,False,,,,,,,,,,,,
1777975200,2,False,,,,,,,,,,,,
1777975200,3,False,,,,,,,,,,,,
1777975200,4,False,,,,,,,,,,,,
1777975200,5,False,,,,,,,,,,,,
1777975200,6,False,,,,,,,,,,,,
1777975200,7,False,,,,,,,,,,,,
1777975200,8,False,,,,,,,,,,,,
1777975200,9,False,,,,,,,,,,,,
1777975200,10,False,,,,,,,,,,,,
1777978800,1,False,,,,,,,,,,,,
1777978800,2,False,,,,,,,,,,,,
1777978800,3,False,,,,,,,,,,,,
1777978800,4,False,,,,,,,,,,,,
1777978800,5,False,,,,,,,,,,,,
1777978800,6,False,,,,,,,,,,,,
1777978800,7,False,,,,,,,,,,,,
1777978800,8,False,,,,,,,,,,,,
1777978800,9,False,,,,,,,,,,,,
1777978800,10,False,,,,,,,,,,,,
1777982400,1,False,,,,,,,,,,,,
1777982400,2,False,,,,,,,,,,,,
1777982400,3,False,,,,,,,,,,,,
1777982400,4,False,,,,,,,,,,,,
1777982400,5,False,,,,,,,,,,,,
1777982400,6,False,,,,,,,,,,,,
1777982400,7,False,,,,,,,,,,,,
1777982400,8,False,,,,,,,,,,,,
1777982400,9,False,,,,,,,,,,,,
1777982400,10,False,,,,,,,,,,,,
1777986000,1,False,,,,,,,,,,,,
1777986000,2,False,,,,,,,,,,,,
1777986000,3,False,,,,,,,,,,,,
1777986000,4,False,,,,,,,,,,,,
1777986000,5,False,,,,,,,,,,,,
1777986000,6,False,,,,,,,,,,,,
1777986000,7,False,,,,,,,,,,,,
1777986000,8,False,,,,,,,,,,,,
1777986000,9,False,,,,,,,,,,,,
1777986000,10,False,,,,,,,,,,,,
1777989600,1,True,up,0.98,0.6899999976158142,12.350000381469727,0.27502700232076643,empty_book,,0.0,0.0,0.0,True,0.0
1777989600,2,True,up,0.98,0.550000011920929,6.0,0.4126749881625175,filled,0.7900000214576721,31.64556876070856,25.0,0.36749996244907385,True,6.278068798259486
1777989600,3,True,up,0.9645541979975238,0.5600000023841858,90.0,0.3873061956333652,filled,0.5099999904632568,49.01960875977925,25.0,0.8575000166893006,True,23.162108743089952
1777989600,4,True,up,0.9408348294601871,0.49000000953674316,15.0,0.4333418199100926,filled,0.5600000023841858,44.64285695279131,25.0,0.769999995827675,True,18.872856956963638
1777989600,5,True,up,0.91910163259566,0.5299999713897705,108.0,0.3716646610857266,filled,0.5600000023841858,44.64285695279131,25.0,0.769999995827675,True,18.872856956963638
1777989600,6,True,up,0.8988844653494017,0.5199999809265137,90.0,0.3614124843694823,filled,0.5299999713897705,47.1698138670551,25.000000000000004,0.8225000500679017,True,21.347313816987192
1777989600,7,True,up,0.88112307902401,0.5400000214576721,105.45999908447266,0.32373505768650085,filled,0.5299999713897705,47.1698138670551,25.000000000000004,0.8225000500679017,True,21.347313816987192
1777989600,8,True,up,0.865284419500074,0.5299999713897705,15.0,0.31784744799014053,filled,0.5,15.0,7.5,0.2625,True,7.2375
1777989600,9,True,up,0.8511117177958508,0.5400000214576721,112.45999908447266,0.2937236964583417,filled,0.5400000214576721,5.460000038146973,2.948400137758256,0.09493848000720961,True,2.4166614203815073
1777989600,10,True,up,0.8383702060976101,0.5199999809265137,103.45999908447266,0.30089822511769077,filled,0.5400000214576721,46.29629445664684,25.0,0.8049999624490739,True,20.491294494197767
1777993200,1,False,,,,,,,,,,,,
1777993200,2,False,,,,,,,,,,,,
1777993200,3,False,,,,,,,,,,,,
1777993200,4,False,,,,,,,,,,,,
1777993200,5,False,,,,,,,,,,,,
1777993200,6,False,,,,,,,,,,,,
1777993200,7,False,,,,,,,,,,,,
1777993200,8,False,,,,,,,,,,,,
1777993200,9,False,,,,,,,,,,,,
1777993200,10,False,,,,,,,,,,,,
1777996800,1,False,,,,,,,,,,,,
1777996800,2,False,,,,,,,,,,,,
1777996800,3,False,,,,,,,,,,,,
1777996800,4,False,,,,,,,,,,,,
1777996800,5,False,,,,,,,,,,,,
1777996800,6,False,,,,,,,,,,,,
1777996800,7,False,,,,,,,,,,,,
1777996800,8,False,,,,,,,,,,,,
1777996800,9,False,,,,,,,,,,,,
1777996800,10,False,,,,,,,,,,,,
1778000400,1,False,,,,,,,,,,,,
1778000400,2,False,,,,,,,,,,,,
1778000400,3,False,,,,,,,,,,,,
1778000400,4,True,down,0.98,0.9200000017881393,68.38999938964844,0.05484799831700323,book_moved_no_edge,0.9499999992549419,0.0,0.0,0.0,True,0.0
1778000400,5,True,down,0.98,0.9099999964237213,12.0,0.06426700337100028,book_moved_no_edge,0.9299999997019768,0.0,0.0,0.0,True,0.0
1778000400,6,True,down,0.98,0.8900000005960464,25.0,0.08314699943649767,filled,0.9200000017881393,20.0,18.400000035762787,0.10303999789714814,True,1.496959966340065
1778000400,7,True,down,0.98,0.8900000005960464,5.0,0.08314699943649767,filled,0.8900000005960464,28.089887621637217,25.0,0.19249999895691874,True,2.8973876226802986
1778000400,8,True,down,0.98,0.8999999985098839,3.309999942779541,0.0737000014066696,filled,0.8900000005960464,25.0,22.25000001490116,0.17132499918639663,True,2.5786749859124423
1778000400,9,True,down,0.98,0.8900000005960464,4.579999923706055,0.08314699943649767,filled,0.8999999985098839,3.309999942779541,2.9789999435693026,0.02085299991571903,True,0.31014699929451933
1778000400,10,True,down,0.98,0.8900000005960464,4.579999923706055,0.08314699943649767,filled,0.8900000005960464,4.579999923706055,4.076199934828281,0.031386739328105456,True,0.4724132495496679
1778004000,1,False,,,,,,,,,,,,
1778004000,2,False,,,,,,,,,,,,
1778004000,3,False,,,,,,,,,,,,
1778004000,4,False,,,,,,,,,,,,
1778004000,5,False,,,,,,,,,,,,
1778004000,6,False,,,,,,,,,,,,
1778004000,7,False,,,,,,,,,,,,
1778004000,8,False,,,,,,,,,,,,
1778004000,9,False,,,,,,,,,,,,
1778004000,10,False,,,,,,,,,,,,
1778007600,1,False,,,,,,,,,,,,
1778007600,2,False,,,,,,,,,,,,
1778007600,3,False,,,,,,,,,,,,
1778007600,4,False,,,,,,,,,,,,
1778007600,5,False,,,,,,,,,,,,
1778007600,6,False,,,,,,,,,,,,
1778007600,7,False,,,,,,,,,,,,
1778007600,8,False,,,,,,,,,,,,
1778007600,9,False,,,,,,,,,,,,
1778007600,10,False,,,,,,,,,,,,
1778011200,1,False,,,,,,,,,,,,
1778011200,2,False,,,,,,,,,,,,
1778011200,3,False,,,,,,,,,,,,
1778011200,4,False,,,,,,,,,,,,
1778011200,5,False,,,,,,,,,,,,
1778011200,6,False,,,,,,,,,,,,
1778011200,7,False,,,,,,,,,,,,
1778011200,8,False,,,,,,,,,,,,
1778011200,9,False,,,,,,,,,,,,
1778011200,10,False,,,,,,,,,,,,
1778014800,1,False,,,,,,,,,,,,
1778014800,2,False,,,,,,,,,,,,
1778014800,3,False,,,,,,,,,,,,
1778014800,4,False,,,,,,,,,,,,
1778014800,5,False,,,,,,,,,,,,
1778014800,6,False,,,,,,,,,,,,
1778014800,7,False,,,,,,,,,,,,
1778014800,8,False,,,,,,,,,,,,
1778014800,9,False,,,,,,,,,,,,
1778014800,10,False,,,,,,,,,,,,
1778018400,1,False,,,,,,,,,,,,
1778018400,2,False,,,,,,,,,,,,
1778018400,3,False,,,,,,,,,,,,
1778018400,4,False,,,,,,,,,,,,
1778018400,5,False,,,,,,,,,,,,
1778018400,6,False,,,,,,,,,,,,
1778018400,7,False,,,,,,,,,,,,
1778018400,8,False,,,,,,,,,,,,
1778018400,9,False,,,,,,,,,,,,
1778018400,10,False,,,,,,,,,,,,
1778022000,1,False,,,,,,,,,,,,
1778022000,2,False,,,,,,,,,,,,
1778022000,3,False,,,,,,,,,,,,
1778022000,4,False,,,,,,,,,,,,
1778022000,5,False,,,,,,,,,,,,
1778022000,6,False,,,,,,,,,,,,
1778022000,7,False,,,,,,,,,,,,
1778022000,8,False,,,,,,,,,,,,
1778022000,9,False,,,,,,,,,,,,
1778022000,10,False,,,,,,,,,,,,
1778025600,1,False,,,,,,,,,,,,
1778025600,2,False,,,,,,,,,,,,
1778025600,3,False,,,,,,,,,,,,
1778025600,4,False,,,,,,,,,,,,
1778025600,5,False,,,,,,,,,,,,
1778025600,6,False,,,,,,,,,,,,
1778025600,7,False,,,,,,,,,,,,
1778025600,8,False,,,,,,,,,,,,
1778025600,9,False,,,,,,,,,,,,
1778025600,10,False,,,,,,,,,,,,
1778029200,1,False,,,,,,,,,,,,
1778029200,2,False,,,,,,,,,,,,
1778029200,3,False,,,,,,,,,,,,
1778029200,4,False,,,,,,,,,,,,
1778029200,5,False,,,,,,,,,,,,
1778029200,6,False,,,,,,,,,,,,
1778029200,7,False,,,,,,,,,,,,
1778029200,8,False,,,,,,,,,,,,
1778029200,9,False,,,,,,,,,,,,
1778029200,10,False,,,,,,,,,,,,
1778032800,1,False,,,,,,,,,,,,
1778032800,2,False,,,,,,,,,,,,
1778032800,3,False,,,,,,,,,,,,
1778032800,4,False,,,,,,,,,,,,
1778032800,5,False,,,,,,,,,,,,
1778032800,6,False,,,,,,,,,,,,
1778032800,7,False,,,,,,,,,,,,
1778032800,8,False,,,,,,,,,,,,
1778032800,9,False,,,,,,,,,,,,
1778032800,10,False,,,,,,,,,,,,
1778036400,1,False,,,,,,,,,,,,
1778036400,2,False,,,,,,,,,,,,
1778036400,3,False,,,,,,,,,,,,
1778036400,4,False,,,,,,,,,,,,
1778036400,5,False,,,,,,,,,,,,
1778036400,6,False,,,,,,,,,,,,
1778036400,7,False,,,,,,,,,,,,
1778036400,8,False,,,,,,,,,,,,
1778036400,9,False,,,,,,,,,,,,
1778036400,10,False,,,,,,,,,,,,
1778040000,1,False,,,,,,,,,,,,
1778040000,2,False,,,,,,,,,,,,
1778040000,3,False,,,,,,,,,,,,
1778040000,4,False,,,,,,,,,,,,
1778040000,5,False,,,,,,,,,,,,
1778040000,6,False,,,,,,,,,,,,
1778040000,7,False,,,,,,,,,,,,
1778040000,8,False,,,,,,,,,,,,
1778040000,9,False,,,,,,,,,,,,
1778040000,10,False,,,,,,,,,,,,
1778043600,1,True,up,0.7650306728258833,0.699999988079071,59.38999938964844,0.05033068441302628,empty_book,,0.0,0.0,0.0,True,0.0
1778043600,2,False,,,,,,,,,,,,
1778043600,3,False,,,,,,,,,,,,
1778043600,4,False,,,,,,,,,,,,
1778043600,5,False,,,,,,,,,,,,
1778043600,6,False,,,,,,,,,,,,
1778043600,7,True,down,0.8596326149535354,0.3199999928474426,188.27000427246094,0.5244006222863372,filled,0.36000001430511475,69.44444168497026,25.0,1.1199999749660492,False,-26.11999997496605
1778043600,8,True,down,0.98,0.3199999928474426,220.83999633789062,0.6447680073328018,filled,0.3199999928474426,13.0,4.159999907016754,0.19801599765682218,False,-4.358015904673576
1778043600,9,True,down,0.98,0.3199999928474426,420.8399963378906,0.6447680073328018,filled,0.3199999928474426,78.12500174622987,25.0,1.1900000125169756,False,-26.190000012516975
1778043600,10,False,,,,,,,,,,,,
1778047200,1,False,,,,,,,,,,,,
1778047200,2,False,,,,,,,,,,,,
1778047200,3,False,,,,,,,,,,,,
1778047200,4,False,,,,,,,,,,,,
1778047200,5,False,,,,,,,,,,,,
1778047200,6,False,,,,,,,,,,,,
1778047200,7,False,,,,,,,,,,,,
1778047200,8,False,,,,,,,,,,,,
1778047200,9,False,,,,,,,,,,,,
1778047200,10,False,,,,,,,,,,,,
1778050800,1,False,,,,,,,,,,,,
1778050800,2,False,,,,,,,,,,,,
1778050800,3,False,,,,,,,,,,,,
1778050800,4,False,,,,,,,,,,,,
1778050800,5,False,,,,,,,,,,,,
1778050800,6,False,,,,,,,,,,,,
1778050800,7,False,,,,,,,,,,,,
1778050800,8,False,,,,,,,,,,,,
1778050800,9,False,,,,,,,,,,,,
1778050800,10,False,,,,,,,,,,,,
1778054400,1,False,,,,,,,,,,,,
1778054400,2,False,,,,,,,,,,,,
1778054400,3,False,,,,,,,,,,,,
1778054400,4,False,,,,,,,,,,,,
1778054400,5,False,,,,,,,,,,,,
1778054400,6,False,,,,,,,,,,,,
1778054400,7,False,,,,,,,,,,,,
1778054400,8,False,,,,,,,,,,,,
1778054400,9,False,,,,,,,,,,,,
1778054400,10,False,,,,,,,,,,,,
1778058000,1,False,,,,,,,,,,,,
1778058000,2,False,,,,,,,,,,,,
1778058000,3,False,,,,,,,,,,,,
1778058000,4,False,,,,,,,,,,,,
1778058000,5,False,,,,,,,,,,,,
1778058000,6,False,,,,,,,,,,,,
1778058000,7,False,,,,,,,,,,,,
1778058000,8,False,,,,,,,,,,,,
1778058000,9,False,,,,,,,,,,,,
1778058000,10,False,,,,,,,,,,,,
1778061600,1,False,,,,,,,,,,,,
1778061600,2,False,,,,,,,,,,,,
1778061600,3,False,,,,,,,,,,,,
1778061600,4,False,,,,,,,,,,,,
1778061600,5,False,,,,,,,,,,,,
1778061600,6,False,,,,,,,,,,,,
1778061600,7,False,,,,,,,,,,,,
1778061600,8,False,,,,,,,,,,,,
1778061600,9,False,,,,,,,,,,,,
1778061600,10,False,,,,,,,,,,,,
1778065200,1,False,,,,,,,,,,,,
1778065200,2,False,,,,,,,,,,,,
1778065200,3,False,,,,,,,,,,,,
1778065200,4,False,,,,,,,,,,,,
1778065200,5,False,,,,,,,,,,,,
1778065200,6,False,,,,,,,,,,,,
1778065200,7,False,,,,,,,,,,,,
1778065200,8,False,,,,,,,,,,,,
1778065200,9,False,,,,,,,,,,,,
1778065200,10,False,,,,,,,,,,,,
1778068800,1,False,,,,,,,,,,,,
1778068800,2,False,,,,,,,,,,,,
1778068800,3,False,,,,,,,,,,,,
1778068800,4,False,,,,,,,,,,,,
1778068800,5,False,,,,,,,,,,,,
1778068800,6,False,,,,,,,,,,,,
1778068800,7,False,,,,,,,,,,,,
1778068800,8,False,,,,,,,,,,,,
1778068800,9,False,,,,,,,,,,,,
1778068800,10,False,,,,,,,,,,,,
1778072400,1,False,,,,,,,,,,,,
1778072400,2,False,,,,,,,,,,,,
1778072400,3,False,,,,,,,,,,,,
1778072400,4,False,,,,,,,,,,,,
1778072400,5,False,,,,,,,,,,,,
1778072400,6,False,,,,,,,,,,,,
1778072400,7,False,,,,,,,,,,,,
1778072400,8,False,,,,,,,,,,,,
1778072400,9,False,,,,,,,,,,,,
1778072400,10,False,,,,,,,,,,,,
1778076000,1,False,,,,,,,,,,,,
1778076000,2,False,,,,,,,,,,,,
1778076000,3,False,,,,,,,,,,,,
1778076000,4,False,,,,,,,,,,,,
1778076000,5,False,,,,,,,,,,,,
1778076000,6,False,,,,,,,,,,,,
1778076000,7,False,,,,,,,,,,,,
1778076000,8,False,,,,,,,,,,,,
1778076000,9,False,,,,,,,,,,,,
1778076000,10,False,,,,,,,,,,,,
1778079600,1,False,,,,,,,,,,,,
1778079600,2,False,,,,,,,,,,,,
1778079600,3,False,,,,,,,,,,,,
1778079600,4,False,,,,,,,,,,,,
1778079600,5,False,,,,,,,,,,,,
1778079600,6,False,,,,,,,,,,,,
1778079600,7,False,,,,,,,,,,,,
1778079600,8,False,,,,,,,,,,,,
1778079600,9,False,,,,,,,,,,,,
1778079600,10,False,,,,,,,,,,,,
1778083200,1,False,,,,,,,,,,,,
1778083200,2,False,,,,,,,,,,,,
1778083200,3,False,,,,,,,,,,,,
1778083200,4,False,,,,,,,,,,,,
1778083200,5,False,,,,,,,,,,,,
1778083200,6,False,,,,,,,,,,,,
1778083200,7,False,,,,,,,,,,,,
1778083200,8,False,,,,,,,,,,,,
1778083200,9,False,,,,,,,,,,,,
1778083200,10,False,,,,,,,,,,,,
1778086800,1,False,,,,,,,,,,,,
1778086800,2,False,,,,,,,,,,,,
1778086800,3,False,,,,,,,,,,,,
1778086800,4,False,,,,,,,,,,,,
1778086800,5,False,,,,,,,,,,,,
1778086800,6,False,,,,,,,,,,,,
1778086800,7,False,,,,,,,,,,,,
1778086800,8,False,,,,,,,,,,,,
1778086800,9,False,,,,,,,,,,,,
1778086800,10,False,,,,,,,,,,,,
1778090400,1,False,,,,,,,,,,,,
1778090400,2,False,,,,,,,,,,,,
1778090400,3,False,,,,,,,,,,,,
1778090400,4,False,,,,,,,,,,,,
1778090400,5,False,,,,,,,,,,,,
1778090400,6,False,,,,,,,,,,,,
1778090400,7,False,,,,,,,,,,,,
1778090400,8,False,,,,,,,,,,,,
1778090400,9,False,,,,,,,,,,,,
1778090400,10,False,,,,,,,,,,,,
1778094000,1,False,,,,,,,,,,,,
1778094000,2,False,,,,,,,,,,,,
1778094000,3,False,,,,,,,,,,,,
1778094000,4,False,,,,,,,,,,,,
1778094000,5,False,,,,,,,,,,,,
1778094000,6,False,,,,,,,,,,,,
1778094000,7,False,,,,,,,,,,,,
1778094000,8,False,,,,,,,,,,,,
1778094000,9,False,,,,,,,,,,,,
1778094000,10,False,,,,,,,,,,,,
1778097600,1,False,,,,,,,,,,,,
1778097600,2,False,,,,,,,,,,,,
1778097600,3,False,,,,,,,,,,,,
1778097600,4,False,,,,,,,,,,,,
1778097600,5,False,,,,,,,,,,,,
1778097600,6,False,,,,,,,,,,,,
1778097600,7,False,,,,,,,,,,,,
1778097600,8,False,,,,,,,,,,,,
1778097600,9,False,,,,,,,,,,,,
1778097600,10,False,,,,,,,,,,,,
1778101200,1,False,,,,,,,,,,,,
1778101200,2,False,,,,,,,,,,,,
1778101200,3,False,,,,,,,,,,,,
1778101200,4,False,,,,,,,,,,,,
1778101200,5,False,,,,,,,,,,,,
1778101200,6,False,,,,,,,,,,,,
1778101200,7,False,,,,,,,,,,,,
1778101200,8,False,,,,,,,,,,,,
1778101200,9,False,,,,,,,,,,,,
1778101200,10,False,,,,,,,,,,,,
1778104800,1,False,,,,,,,,,,,,
1778104800,2,False,,,,,,,,,,,,
1778104800,3,False,,,,,,,,,,,,
1778104800,4,False,,,,,,,,,,,,
1778104800,5,False,,,,,,,,,,,,
1778104800,6,False,,,,,,,,,,,,
1778104800,7,False,,,,,,,,,,,,
1778104800,8,False,,,,,,,,,,,,
1778104800,9,False,,,,,,,,,,,,
1778104800,10,False,,,,,,,,,,,,
1778108400,1,False,,,,,,,,,,,,
1778108400,2,False,,,,,,,,,,,,
1778108400,3,False,,,,,,,,,,,,
1778108400,4,False,,,,,,,,,,,,
1778108400,5,False,,,,,,,,,,,,
1778108400,6,False,,,,,,,,,,,,
1778108400,7,False,,,,,,,,,,,,
1778108400,8,False,,,,,,,,,,,,
1778108400,9,False,,,,,,,,,,,,
1778108400,10,False,,,,,,,,,,,,
1778112000,1,False,,,,,,,,,,,,
1778112000,2,False,,,,,,,,,,,,
1778112000,3,False,,,,,,,,,,,,
1778112000,4,False,,,,,,,,,,,,
1778112000,5,False,,,,,,,,,,,,
1778112000,6,False,,,,,,,,,,,,
1778112000,7,False,,,,,,,,,,,,
1778112000,8,False,,,,,,,,,,,,
1778112000,9,False,,,,,,,,,,,,
1778112000,10,False,,,,,,,,,,,,
1778115600,1,False,,,,,,,,,,,,
1778115600,2,False,,,,,,,,,,,,
1778115600,3,False,,,,,,,,,,,,
1778115600,4,False,,,,,,,,,,,,
1778115600,5,False,,,,,,,,,,,,
1778115600,6,False,,,,,,,,,,,,
1778115600,7,False,,,,,,,,,,,,
1778115600,8,False,,,,,,,,,,,,
1778115600,9,False,,,,,,,,,,,,
1778115600,10,False,,,,,,,,,,,,
1778119200,1,False,,,,,,,,,,,,
1778119200,2,False,,,,,,,,,,,,
1778119200,3,False,,,,,,,,,,,,
1778119200,4,False,,,,,,,,,,,,
1778119200,5,False,,,,,,,,,,,,
1778119200,6,False,,,,,,,,,,,,
1778119200,7,False,,,,,,,,,,,,
1778119200,8,True,down,0.98,0.9099999964237213,328.510009765625,0.06426700337100028,empty_book,,0.0,0.0,0.0,True,0.0
1778119200,9,False,,,,,,,,,,,,
1778119200,10,False,,,,,,,,,,,,
1778122800,1,False,,,,,,,,,,,,
1778122800,2,False,,,,,,,,,,,,
1778122800,3,False,,,,,,,,,,,,
1778122800,4,False,,,,,,,,,,,,
1778122800,5,False,,,,,,,,,,,,
1778122800,6,False,,,,,,,,,,,,
1778122800,7,False,,,,,,,,,,,,
1778122800,8,False,,,,,,,,,,,,
1778122800,9,False,,,,,,,,,,,,
1778122800,10,False,,,,,,,,,,,,
1778126400,1,False,,,,,,,,,,,,
1778126400,2,False,,,,,,,,,,,,
1778126400,3,False,,,,,,,,,,,,
1778126400,4,False,,,,,,,,,,,,
1778126400,5,False,,,,,,,,,,,,
1778126400,6,False,,,,,,,,,,,,
1778126400,7,False,,,,,,,,,,,,
1778126400,8,False,,,,,,,,,,,,
1778126400,9,False,,,,,,,,,,,,
1778126400,10,False,,,,,,,,,,,,
1778130000,1,False,,,,,,,,,,,,
1778130000,2,False,,,,,,,,,,,,
1778130000,3,False,,,,,,,,,,,,
1778130000,4,False,,,,,,,,,,,,
1778130000,5,False,,,,,,,,,,,,
1778130000,6,False,,,,,,,,,,,,
1778130000,7,False,,,,,,,,,,,,
1778130000,8,False,,,,,,,,,,,,
1778130000,9,False,,,,,,,,,,,,
1778130000,10,False,,,,,,,,,,,,
1778133600,1,False,,,,,,,,,,,,
1778133600,2,False,,,,,,,,,,,,
1778133600,3,False,,,,,,,,,,,,
1778133600,4,False,,,,,,,,,,,,
1778133600,5,False,,,,,,,,,,,,
1778133600,6,False,,,,,,,,,,,,
1778133600,7,False,,,,,,,,,,,,
1778133600,8,False,,,,,,,,,,,,
1778133600,9,False,,,,,,,,,,,,
1778133600,10,False,,,,,,,,,,,,
1778137200,1,False,,,,,,,,,,,,
1778137200,2,False,,,,,,,,,,,,
1778137200,3,False,,,,,,,,,,,,
1778137200,4,False,,,,,,,,,,,,
1778137200,5,False,,,,,,,,,,,,
1778137200,6,False,,,,,,,,,,,,
1778137200,7,False,,,,,,,,,,,,
1778137200,8,False,,,,,,,,,,,,
1778137200,9,False,,,,,,,,,,,,
1778137200,10,False,,,,,,,,,,,,
1778140800,1,False,,,,,,,,,,,,
1778140800,2,False,,,,,,,,,,,,
1778140800,3,False,,,,,,,,,,,,
1778140800,4,False,,,,,,,,,,,,
1778140800,5,False,,,,,,,,,,,,
1778140800,6,False,,,,,,,,,,,,
1778140800,7,False,,,,,,,,,,,,
1778140800,8,False,,,,,,,,,,,,
1778140800,9,False,,,,,,,,,,,,
1778140800,10,False,,,,,,,,,,,,
1778144400,1,False,,,,,,,,,,,,
1778144400,2,False,,,,,,,,,,,,
1778144400,3,False,,,,,,,,,,,,
1778144400,4,False,,,,,,,,,,,,
1778144400,5,False,,,,,,,,,,,,
1778144400,6,False,,,,,,,,,,,,
1778144400,7,False,,,,,,,,,,,,
1778144400,8,False,,,,,,,,,,,,
1778144400,9,False,,,,,,,,,,,,
1778144400,10,False,,,,,,,,,,,,
1778148000,1,False,,,,,,,,,,,,
1778148000,2,False,,,,,,,,,,,,
1778148000,3,False,,,,,,,,,,,,
1778148000,4,False,,,,,,,,,,,,
1778148000,5,False,,,,,,,,,,,,
1778148000,6,False,,,,,,,,,,,,
1778148000,7,False,,,,,,,,,,,,
1778148000,8,False,,,,,,,,,,,,
1778148000,9,False,,,,,,,,,,,,
1778148000,10,False,,,,,,,,,,,,
1778151600,1,False,,,,,,,,,,,,
1778151600,2,False,,,,,,,,,,,,
1778151600,3,False,,,,,,,,,,,,
1778151600,4,False,,,,,,,,,,,,
1778151600,5,False,,,,,,,,,,,,
1778151600,6,False,,,,,,,,,,,,
1778151600,7,False,,,,,,,,,,,,
1778151600,8,False,,,,,,,,,,,,
1778151600,9,False,,,,,,,,,,,,
1778151600,10,False,,,,,,,,,,,,
1778155200,1,False,,,,,,,,,,,,
1778155200,2,False,,,,,,,,,,,,
1778155200,3,False,,,,,,,,,,,,
1778155200,4,False,,,,,,,,,,,,
1778155200,5,False,,,,,,,,,,,,
1778155200,6,False,,,,,,,,,,,,
1778155200,7,False,,,,,,,,,,,,
1778155200,8,False,,,,,,,,,,,,
1778155200,9,False,,,,,,,,,,,,
1778155200,10,False,,,,,,,,,,,,
1778158800,1,False,,,,,,,,,,,,
1778158800,2,False,,,,,,,,,,,,
1778158800,3,False,,,,,,,,,,,,
1778158800,4,False,,,,,,,,,,,,
1778158800,5,False,,,,,,,,,,,,
1778158800,6,False,,,,,,,,,,,,
1778158800,7,False,,,,,,,,,,,,
1778158800,8,False,,,,,,,,,,,,
1778158800,9,False,,,,,,,,,,,,
1778158800,10,False,,,,,,,,,,,,
1778162400,1,False,,,,,,,,,,,,
1778162400,2,False,,,,,,,,,,,,
1778162400,3,False,,,,,,,,,,,,
1778162400,4,False,,,,,,,,,,,,
1778162400,5,False,,,,,,,,,,,,
1778162400,6,False,,,,,,,,,,,,
1778162400,7,False,,,,,,,,,,,,
1778162400,8,False,,,,,,,,,,,,
1778162400,9,False,,,,,,,,,,,,
1778162400,10,False,,,,,,,,,,,,
1778166000,1,False,,,,,,,,,,,,
1778166000,2,False,,,,,,,,,,,,
1778166000,3,False,,,,,,,,,,,,
1778166000,4,False,,,,,,,,,,,,
1778166000,5,False,,,,,,,,,,,,
1778166000,6,False,,,,,,,,,,,,
1778166000,7,False,,,,,,,,,,,,
1778166000,8,False,,,,,,,,,,,,
1778166000,9,False,,,,,,,,,,,,
1778166000,10,False,,,,,,,,,,,,
1778169600,1,False,,,,,,,,,,,,
1778169600,2,False,,,,,,,,,,,,
1778169600,3,False,,,,,,,,,,,,
1778169600,4,False,,,,,,,,,,,,
1778169600,5,False,,,,,,,,,,,,
1778169600,6,False,,,,,,,,,,,,
1778169600,7,False,,,,,,,,,,,,
1778169600,8,False,,,,,,,,,,,,
1778169600,9,False,,,,,,,,,,,,
1778169600,10,False,,,,,,,,,,,,
1778173200,1,False,,,,,,,,,,,,
1778173200,2,False,,,,,,,,,,,,
1778173200,3,False,,,,,,,,,,,,
1778173200,4,False,,,,,,,,,,,,
1778173200,5,False,,,,,,,,,,,,
1778173200,6,False,,,,,,,,,,,,
1778173200,7,False,,,,,,,,,,,,
1778173200,8,False,,,,,,,,,,,,
1778173200,9,False,,,,,,,,,,,,
1778173200,10,False,,,,,,,,,,,,
1778176800,1,False,,,,,,,,,,,,
1778176800,2,False,,,,,,,,,,,,
1778176800,3,False,,,,,,,,,,,,
1778176800,4,False,,,,,,,,,,,,
1778176800,5,False,,,,,,,,,,,,
1778176800,6,False,,,,,,,,,,,,
1778176800,7,False,,,,,,,,,,,,
1778176800,8,False,,,,,,,,,,,,
1778176800,9,False,,,,,,,,,,,,
1778176800,10,False,,,,,,,,,,,,
1778180400,1,False,,,,,,,,,,,,
1778180400,2,False,,,,,,,,,,,,
1778180400,3,False,,,,,,,,,,,,
1778180400,4,False,,,,,,,,,,,,
1778180400,5,False,,,,,,,,,,,,
1778180400,6,False,,,,,,,,,,,,
1778180400,7,False,,,,,,,,,,,,
1778180400,8,False,,,,,,,,,,,,
1778180400,9,False,,,,,,,,,,,,
1778180400,10,False,,,,,,,,,,,,
1778184000,1,False,,,,,,,,,,,,
1778184000,2,False,,,,,,,,,,,,
1778184000,3,False,,,,,,,,,,,,
1778184000,4,False,,,,,,,,,,,,
1778184000,5,False,,,,,,,,,,,,
1778184000,6,False,,,,,,,,,,,,
1778184000,7,False,,,,,,,,,,,,
1778184000,8,False,,,,,,,,,,,,
1778184000,9,False,,,,,,,,,,,,
1778184000,10,False,,,,,,,,,,,,
1778187600,1,False,,,,,,,,,,,,
1778187600,2,False,,,,,,,,,,,,
1778187600,3,False,,,,,,,,,,,,
1778187600,4,False,,,,,,,,,,,,
1778187600,5,False,,,,,,,,,,,,
1778187600,6,False,,,,,,,,,,,,
1778187600,7,False,,,,,,,,,,,,
1778187600,8,False,,,,,,,,,,,,
1778187600,9,False,,,,,,,,,,,,
1778187600,10,False,,,,,,,,,,,,
1778191200,1,False,,,,,,,,,,,,
1778191200,2,False,,,,,,,,,,,,
1778191200,3,False,,,,,,,,,,,,
1778191200,4,False,,,,,,,,,,,,
1778191200,5,False,,,,,,,,,,,,
1778191200,6,False,,,,,,,,,,,,
1778191200,7,False,,,,,,,,,,,,
1778191200,8,False,,,,,,,,,,,,
1778191200,9,False,,,,,,,,,,,,
1778191200,10,False,,,,,,,,,,,,
1778194800,1,False,,,,,,,,,,,,
1778194800,2,False,,,,,,,,,,,,
1778194800,3,False,,,,,,,,,,,,
1778194800,4,False,,,,,,,,,,,,
1778194800,5,False,,,,,,,,,,,,
1778194800,6,False,,,,,,,,,,,,
1778194800,7,False,,,,,,,,,,,,
1778194800,8,False,,,,,,,,,,,,
1778194800,9,False,,,,,,,,,,,,
1778194800,10,False,,,,,,,,,,,,
1778198400,1,False,,,,,,,,,,,,
1778198400,2,False,,,,,,,,,,,,
1778198400,3,False,,,,,,,,,,,,
1778198400,4,False,,,,,,,,,,,,
1778198400,5,False,,,,,,,,,,,,
1778198400,6,False,,,,,,,,,,,,
1778198400,7,False,,,,,,,,,,,,
1778198400,8,False,,,,,,,,,,,,
1778198400,9,False,,,,,,,,,,,,
1778198400,10,False,,,,,,,,,,,,
1778202000,1,False,,,,,,,,,,,,
1778202000,2,False,,,,,,,,,,,,
1778202000,3,False,,,,,,,,,,,,
1778202000,4,False,,,,,,,,,,,,
1778202000,5,False,,,,,,,,,,,,
1778202000,6,False,,,,,,,,,,,,
1778202000,7,False,,,,,,,,,,,,
1778202000,8,False,,,,,,,,,,,,
1778202000,9,False,,,,,,,,,,,,
1778202000,10,False,,,,,,,,,,,,
1778205600,1,False,,,,,,,,,,,,
1778205600,2,False,,,,,,,,,,,,
1778205600,3,False,,,,,,,,,,,,
1778205600,4,False,,,,,,,,,,,,
1778205600,5,False,,,,,,,,,,,,
1778205600,6,False,,,,,,,,,,,,
1778205600,7,False,,,,,,,,,,,,
1778205600,8,False,,,,,,,,,,,,
1778205600,9,False,,,,,,,,,,,,
1778205600,10,False,,,,,,,,,,,,
1778209200,1,False,,,,,,,,,,,,
1778209200,2,False,,,,,,,,,,,,
1778209200,3,False,,,,,,,,,,,,
1778209200,4,False,,,,,,,,,,,,
1778209200,5,False,,,,,,,,,,,,
1778209200,6,False,,,,,,,,,,,,
1778209200,7,False,,,,,,,,,,,,
1778209200,8,False,,,,,,,,,,,,
1778209200,9,False,,,,,,,,,,,,
1778209200,10,False,,,,,,,,,,,,
1778212800,1,False,,,,,,,,,,,,
1778212800,2,False,,,,,,,,,,,,
1778212800,3,False,,,,,,,,,,,,
1778212800,4,False,,,,,,,,,,,,
1778212800,5,False,,,,,,,,,,,,
1778212800,6,False,,,,,,,,,,,,
1778212800,7,False,,,,,,,,,,,,
1778212800,8,False,,,,,,,,,,,,
1778212800,9,False,,,,,,,,,,,,
1778212800,10,False,,,,,,,,,,,,
1778216400,1,False,,,,,,,,,,,,
1778216400,2,False,,,,,,,,,,,,
1778216400,3,False,,,,,,,,,,,,
1778216400,4,False,,,,,,,,,,,,
1778216400,5,False,,,,,,,,,,,,
1778216400,6,False,,,,,,,,,,,,
1778216400,7,False,,,,,,,,,,,,
1778216400,8,False,,,,,,,,,,,,
1778216400,9,False,,,,,,,,,,,,
1778216400,10,False,,,,,,,,,,,,
1778220000,1,False,,,,,,,,,,,,
1778220000,2,False,,,,,,,,,,,,
1778220000,3,False,,,,,,,,,,,,
1778220000,4,False,,,,,,,,,,,,
1778220000,5,False,,,,,,,,,,,,
1778220000,6,False,,,,,,,,,,,,
1778220000,7,False,,,,,,,,,,,,
1778220000,8,False,,,,,,,,,,,,
1778220000,9,False,,,,,,,,,,,,
1778220000,10,False,,,,,,,,,,,,
1778223600,1,False,,,,,,,,,,,,
1778223600,2,False,,,,,,,,,,,,
1778223600,3,False,,,,,,,,,,,,
1778223600,4,False,,,,,,,,,,,,
1778223600,5,False,,,,,,,,,,,,
1778223600,6,False,,,,,,,,,,,,
1778223600,7,False,,,,,,,,,,,,
1778223600,8,False,,,,,,,,,,,,
1778223600,9,False,,,,,,,,,,,,
1778223600,10,False,,,,,,,,,,,,
1778227200,1,False,,,,,,,,,,,,
1778227200,2,False,,,,,,,,,,,,
1778227200,3,False,,,,,,,,,,,,
1778227200,4,False,,,,,,,,,,,,
1778227200,5,False,,,,,,,,,,,,
1778227200,6,False,,,,,,,,,,,,
1778227200,7,False,,,,,,,,,,,,
1778227200,8,False,,,,,,,,,,,,
1778227200,9,False,,,,,,,,,,,,
1778227200,10,False,,,,,,,,,,,,
1778230800,1,False,,,,,,,,,,,,
1778230800,2,False,,,,,,,,,,,,
1778230800,3,False,,,,,,,,,,,,
1778230800,4,True,down,0.98,0.8999999985098839,20.360000610351562,0.0737000014066696,book_moved_no_edge,0.9400000013411045,0.0,0.0,0.0,True,0.0
1778230800,5,True,down,0.98,0.8700000047683716,10.0,0.10208299547863005,book_moved_no_edge,0.9400000013411045,0.0,0.0,0.0,True,0.0
1778230800,6,True,down,0.98,0.8599999994039536,24.0,0.11157200056600569,filled,0.880000002682209,22.260000228881836,19.58880026112199,0.16454591851553677,True,2.50665404924431
1778230800,7,True,down,0.7295783226489898,0.6399999856948853,5.0,0.07345033667372432,book_moved_no_edge,0.8599999994039536,0.0,0.0,0.0,True,0.0
1778230800,8,False,,,,,,,,,,,,
1778230800,9,False,,,,,,,,,,,,
1778230800,10,False,,,,,,,,,,,,
1778234400,1,False,,,,,,,,,,,,
1778234400,2,False,,,,,,,,,,,,
1778234400,3,False,,,,,,,,,,,,
1778234400,4,False,,,,,,,,,,,,
1778234400,5,False,,,,,,,,,,,,
1778234400,6,False,,,,,,,,,,,,
1778234400,7,False,,,,,,,,,,,,
1778234400,8,False,,,,,,,,,,,,
1778234400,9,False,,,,,,,,,,,,
1778234400,10,False,,,,,,,,,,,,
1778238000,1,False,,,,,,,,,,,,
1778238000,2,False,,,,,,,,,,,,
1778238000,3,False,,,,,,,,,,,,
1778238000,4,False,,,,,,,,,,,,
1778238000,5,False,,,,,,,,,,,,
1778238000,6,False,,,,,,,,,,,,
1778238000,7,False,,,,,,,,,,,,
1778238000,8,False,,,,,,,,,,,,
1778238000,9,False,,,,,,,,,,,,
1778238000,10,False,,,,,,,,,,,,
1778241600,1,False,,,,,,,,,,,,
1778241600,2,False,,,,,,,,,,,,
1778241600,3,False,,,,,,,,,,,,
1778241600,4,False,,,,,,,,,,,,
1778241600,5,False,,,,,,,,,,,,
1778241600,6,False,,,,,,,,,,,,
1778241600,7,False,,,,,,,,,,,,
1778241600,8,False,,,,,,,,,,,,
1778241600,9,False,,,,,,,,,,,,
1778241600,10,False,,,,,,,,,,,,
1778245200,1,False,,,,,,,,,,,,
1778245200,2,False,,,,,,,,,,,,
1778245200,3,False,,,,,,,,,,,,
1778245200,4,False,,,,,,,,,,,,
1778245200,5,False,,,,,,,,,,,,
1778245200,6,False,,,,,,,,,,,,
1778245200,7,False,,,,,,,,,,,,
1778245200,8,False,,,,,,,,,,,,
1778245200,9,False,,,,,,,,,,,,
1778245200,10,False,,,,,,,,,,,,
1778248800,1,False,,,,,,,,,,,,
1778248800,2,False,,,,,,,,,,,,
1778248800,3,False,,,,,,,,,,,,
1778248800,4,False,,,,,,,,,,,,
1778248800,5,False,,,,,,,,,,,,
1778248800,6,False,,,,,,,,,,,,
1778248800,7,False,,,,,,,,,,,,
1778248800,8,False,,,,,,,,,,,,
1778248800,9,False,,,,,,,,,,,,
1778248800,10,False,,,,,,,,,,,,
1778252400,1,False,,,,,,,,,,,,
1778252400,2,True,down,0.98,0.8999999985098839,24.0,0.0737000014066696,book_moved_no_edge,0.9800000004470348,0.0,0.0,0.0,True,0.0
1778252400,3,True,down,0.98,0.8900000005960464,24.0,0.08314699943649767,filled,0.8900000005960464,5.0,4.450000002980232,0.03426499983727933,True,0.5157349971824884
1778252400,4,True,down,0.98,0.880000002682209,5.0,0.09260799746048448,filled,0.8900000005960464,24.0,21.360000014305115,0.16447199921894076,True,2.4755279864759445
1778252400,5,True,down,0.98,0.8599999994039536,5.0,0.11157200056600569,filled,0.880000002682209,5.0,4.400000013411045,0.0369599992865324,True,0.5630399873024226
1778252400,6,True,down,0.98,0.8299999982118607,34.13999938964844,0.1401230017055273,filled,0.8599999994039536,5.0,4.299999997019768,0.04214000015020371,True,0.6578600028300285
1778252400,7,True,down,0.9792603892952482,0.7800000011920929,24.0,0.18724838814988531,filled,0.8499999940395355,10.0,8.499999940395355,0.08925000292062758,True,1.4107500566840172
1778252400,8,True,down,0.9651592307597495,0.8299999982118607,22.100000381469727,0.12528223246527684,filled,0.7900000065565109,31.64556935761453,25.0,0.3674999885261059,True,6.278069369088424
1778252400,9,True,down,0.98,0.9099999964237213,16.0,0.06426700337100028,filled,0.7999999970197678,31.250000116415322,25.0,0.3500000052154065,True,5.900000111199915
1778252400,10,False,,,,,,,,,,,,
1778256000,1,False,,,,,,,,,,,,
1778256000,2,False,,,,,,,,,,,,
1778256000,3,False,,,,,,,,,,,,
1778256000,4,False,,,,,,,,,,,,
1778256000,5,False,,,,,,,,,,,,
1778256000,6,False,,,,,,,,,,,,
1778256000,7,False,,,,,,,,,,,,
1778256000,8,False,,,,,,,,,,,,
1778256000,9,False,,,,,,,,,,,,
1778256000,10,False,,,,,,,,,,,,
1778259600,1,False,,,,,,,,,,,,
1778259600,2,False,,,,,,,,,,,,
1778259600,3,False,,,,,,,,,,,,
1778259600,4,False,,,,,,,,,,,,
1778259600,5,False,,,,,,,,,,,,
1778259600,6,False,,,,,,,,,,,,
1778259600,7,False,,,,,,,,,,,,
1778259600,8,False,,,,,,,,,,,,
1778259600,9,False,,,,,,,,,,,,
1778259600,10,False,,,,,,,,,,,,
1778263200,1,False,,,,,,,,,,,,
1778263200,2,False,,,,,,,,,,,,
1778263200,3,False,,,,,,,,,,,,
1778263200,4,False,,,,,,,,,,,,
1778263200,5,False,,,,,,,,,,,,
1778263200,6,False,,,,,,,,,,,,
1778263200,7,False,,,,,,,,,,,,
1778263200,8,False,,,,,,,,,,,,
1778263200,9,False,,,,,,,,,,,,
1778263200,10,False,,,,,,,,,,,,
1778266800,1,False,,,,,,,,,,,,
1778266800,2,False,,,,,,,,,,,,
1778266800,3,False,,,,,,,,,,,,
1778266800,4,False,,,,,,,,,,,,
1778266800,5,False,,,,,,,,,,,,
1778266800,6,False,,,,,,,,,,,,
1778266800,7,False,,,,,,,,,,,,
1778266800,8,False,,,,,,,,,,,,
1778266800,9,False,,,,,,,,,,,,
1778266800,10,False,,,,,,,,,,,,
1778270400,1,False,,,,,,,,,,,,
1778270400,2,False,,,,,,,,,,,,
1778270400,3,False,,,,,,,,,,,,
1778270400,4,False,,,,,,,,,,,,
1778270400,5,False,,,,,,,,,,,,
1778270400,6,False,,,,,,,,,,,,
1778270400,7,False,,,,,,,,,,,,
1778270400,8,False,,,,,,,,,,,,
1778270400,9,False,,,,,,,,,,,,
1778270400,10,False,,,,,,,,,,,,
1778274000,1,False,,,,,,,,,,,,
1778274000,2,False,,,,,,,,,,,,
1778274000,3,False,,,,,,,,,,,,
1778274000,4,False,,,,,,,,,,,,
1778274000,5,False,,,,,,,,,,,,
1778274000,6,False,,,,,,,,,,,,
1778274000,7,False,,,,,,,,,,,,
1778274000,8,False,,,,,,,,,,,,
1778274000,9,False,,,,,,,,,,,,
1778274000,10,False,,,,,,,,,,,,
1778277600,1,True,up,0.98,0.5,3612.419921875,0.46249999999999997,book_moved_no_edge,0.009999999776482582,0.0,0.0,0.0,False,0.0
1778277600,2,True,up,0.98,0.47999998927116394,90.97000122070312,0.4825280107588768,filled,0.44999998807907104,55.55555702727522,25.0,0.9625000208616259,False,-25.962500020861626
1778277600,3,True,up,0.98,0.47999998927116394,90.97000122070312,0.4825280107588768,filled,0.47999998927116394,52.083334497486575,25.0,0.9100000187754632,False,-25.910000018775463
1778277600,4,True,up,0.98,0.47999998927116394,104.0,0.4825280107588768,filled,0.47999998927116394,52.083334497486575,25.0,0.9100000187754632,False,-25.910000018775463
1778277600,5,True,up,0.98,0.4699999988079071,22.040000915527344,0.49256300119709967,filled,0.47999998927116394,52.083334497486575,25.0,0.9100000187754632,False,-25.910000018775463
1778277600,6,True,up,0.98,0.4699999988079071,22.040000915527344,0.49256300119709967,filled,0.47999998927116394,52.083334497486575,25.0,0.9100000187754632,False,-25.910000018775463
1778277600,7,True,up,0.98,0.47999998927116394,104.0,0.4825280107588768,filled,0.4699999988079071,22.040000915527344,10.358800404024123,0.38431149585370067,False,-10.743111899877825
1778277600,8,True,up,0.98,0.46000000834465027,5.0,0.5026119916086197,filled,0.47999998927116394,52.083334497486575,25.0,0.9100000187754632,False,-25.910000018775463
1778277600,9,True,up,0.98,0.4699999988079071,39.29999923706055,0.49256300119709967,filled,0.4699999988079071,9.300000190734863,4.371000078558922,0.16216410327928069,False,-4.5331641818382025
1778277600,10,True,up,0.98,0.4699999988079071,39.29999923706055,0.49256300119709967,filled,0.4699999988079071,39.29999923706055,18.470999594569207,0.685274086499858,False,-19.156273681069067
1778281200,1,False,,,,,,,,,,,,
1778281200,2,False,,,,,,,,,,,,
1778281200,3,False,,,,,,,,,,,,
1778281200,4,False,,,,,,,,,,,,
1778281200,5,False,,,,,,,,,,,,
1778281200,6,False,,,,,,,,,,,,
1778281200,7,False,,,,,,,,,,,,
1778281200,8,False,,,,,,,,,,,,
1778281200,9,False,,,,,,,,,,,,
1778281200,10,False,,,,,,,,,,,,
1778284800,1,False,,,,,,,,,,,,
1778284800,2,False,,,,,,,,,,,,
1778284800,3,False,,,,,,,,,,,,
1778284800,4,False,,,,,,,,,,,,
1778284800,5,False,,,,,,,,,,,,
1778284800,6,False,,,,,,,,,,,,
1778284800,7,False,,,,,,,,,,,,
1778284800,8,False,,,,,,,,,,,,
1778284800,9,False,,,,,,,,,,,,
1778284800,10,False,,,,,,,,,,,,
1778288400,1,False,,,,,,,,,,,,
1778288400,2,False,,,,,,,,,,,,
1778288400,3,False,,,,,,,,,,,,
1778288400,4,False,,,,,,,,,,,,
1778288400,5,False,,,,,,,,,,,,
1778288400,6,False,,,,,,,,,,,,
1778288400,7,False,,,,,,,,,,,,
1778288400,8,False,,,,,,,,,,,,
1778288400,9,False,,,,,,,,,,,,
1778288400,10,False,,,,,,,,,,,,
1778292000,1,False,,,,,,,,,,,,
1778292000,2,False,,,,,,,,,,,,
1778292000,3,False,,,,,,,,,,,,
1778292000,4,False,,,,,,,,,,,,
1778292000,5,False,,,,,,,,,,,,
1778292000,6,False,,,,,,,,,,,,
1778292000,7,False,,,,,,,,,,,,
1778292000,8,False,,,,,,,,,,,,
1778292000,9,False,,,,,,,,,,,,
1778292000,10,False,,,,,,,,,,,,
1778295600,1,False,,,,,,,,,,,,
1778295600,2,False,,,,,,,,,,,,
1778295600,3,False,,,,,,,,,,,,
1778295600,4,False,,,,,,,,,,,,
1778295600,5,False,,,,,,,,,,,,
1778295600,6,False,,,,,,,,,,,,
1778295600,7,False,,,,,,,,,,,,
1778295600,8,False,,,,,,,,,,,,
1778295600,9,False,,,,,,,,,,,,
1778295600,10,False,,,,,,,,,,,,
1778299200,1,True,down,0.98,0.5300000011920929,54.0,0.4325629988129139,empty_book,,0.0,0.0,0.0,True,0.0
1778299200,2,True,down,0.9277897276671467,0.6100000143051147,40.0,0.3011367135823308,filled,0.7900000065565109,5.0,3.9500000327825546,0.05806499866902827,True,0.9919349685484171
1778299200,3,True,down,0.8833100663996578,0.550000011920929,30.0,0.31598505456217535,filled,0.550000011920929,45.45454446934474,25.000000000000004,0.7874999791383746,True,19.66704449020636
1778299200,4,True,down,0.8483763523301866,0.6100000143051147,110.0,0.22172333824537063,filled,0.5300000011920929,30.0,15.900000035762787,0.5231099998497963,True,13.576889964387417
1778299200,5,True,down,0.8214246619169248,0.6200000047683716,200.0,0.1849326572286618,filled,0.5900000035762787,30.0,17.70000010728836,0.5079899986481666,True,11.792009894063472
1778299200,6,True,down,0.8002900129791186,0.6200000047683716,100.0,0.16379800829085567,filled,0.6100000143051147,30.0,18.300000429153442,0.49958999339103655,True,11.20040957745552
1778299200,7,True,down,0.7823493240383529,0.6200000047683716,200.0,0.14585731935008994,filled,0.6200000047683716,40.322580335043476,25.0,0.6649999916553498,True,14.657580343388126
1778299200,8,True,down,0.7672332223032831,0.6200000047683716,129.39999389648438,0.1307412176150201,filled,0.6200000047683716,40.322580335043476,25.0,0.6649999916553498,True,14.657580343388126
1778299200,9,True,down,0.7542820757746149,0.6399999856948853,9.399999618530273,0.09815408979934943,filled,0.6200000047683716,40.322580335043476,25.0,0.6649999916553498,True,14.657580343388126
1778299200,10,True,down,0.7430322210901328,0.6599999964237213,129.39999389648438,0.06732422458630283,filled,0.6200000047683716,29.399999618530273,18.227999903678892,0.4848647913536072,True,10.687134923497775
1778302800,1,False,,,,,,,,,,,,
1778302800,2,False,,,,,,,,,,,,
1778302800,3,False,,,,,,,,,,,,
1778302800,4,False,,,,,,,,,,,,
1778302800,5,False,,,,,,,,,,,,
1778302800,6,False,,,,,,,,,,,,
1778302800,7,False,,,,,,,,,,,,
1778302800,8,False,,,,,,,,,,,,
1778302800,9,False,,,,,,,,,,,,
1778302800,10,False,,,,,,,,,,,,
1778306400,1,False,,,,,,,,,,,,
1778306400,2,False,,,,,,,,,,,,
1778306400,3,False,,,,,,,,,,,,
1778306400,4,False,,,,,,,,,,,,
1778306400,5,False,,,,,,,,,,,,
1778306400,6,False,,,,,,,,,,,,
1778306400,7,False,,,,,,,,,,,,
1778306400,8,False,,,,,,,,,,,,
1778306400,9,False,,,,,,,,,,,,
1778306400,10,False,,,,,,,,,,,,
1778310000,1,False,,,,,,,,,,,,
1778310000,2,False,,,,,,,,,,,,
1778310000,3,False,,,,,,,,,,,,
1778310000,4,False,,,,,,,,,,,,
1778310000,5,False,,,,,,,,,,,,
1778310000,6,False,,,,,,,,,,,,
1778310000,7,False,,,,,,,,,,,,
1778310000,8,False,,,,,,,,,,,,
1778310000,9,False,,,,,,,,,,,,
1778310000,10,False,,,,,,,,,,,,
1778313600,1,False,,,,,,,,,,,,
1778313600,2,False,,,,,,,,,,,,
1778313600,3,False,,,,,,,,,,,,
1778313600,4,False,,,,,,,,,,,,
1778313600,5,False,,,,,,,,,,,,
1778313600,6,False,,,,,,,,,,,,
1778313600,7,False,,,,,,,,,,,,
1778313600,8,False,,,,,,,,,,,,
1778313600,9,False,,,,,,,,,,,,
1778313600,10,False,,,,,,,,,,,,
1778317200,1,False,,,,,,,,,,,,
1778317200,2,False,,,,,,,,,,,,
1778317200,3,False,,,,,,,,,,,,
1778317200,4,False,,,,,,,,,,,,
1778317200,5,False,,,,,,,,,,,,
1778317200,6,False,,,,,,,,,,,,
1778317200,7,False,,,,,,,,,,,,
1778317200,8,False,,,,,,,,,,,,
1778317200,9,False,,,,,,,,,,,,
1778317200,10,False,,,,,,,,,,,,
1778320800,1,False,,,,,,,,,,,,
1778320800,2,False,,,,,,,,,,,,
1778320800,3,False,,,,,,,,,,,,
1778320800,4,False,,,,,,,,,,,,
1778320800,5,False,,,,,,,,,,,,
1778320800,6,False,,,,,,,,,,,,
1778320800,7,False,,,,,,,,,,,,
1778320800,8,False,,,,,,,,,,,,
1778320800,9,False,,,,,,,,,,,,
1778320800,10,False,,,,,,,,,,,,
1778324400,1,False,,,,,,,,,,,,
1778324400,2,False,,,,,,,,,,,,
1778324400,3,False,,,,,,,,,,,,
1778324400,4,False,,,,,,,,,,,,
1778324400,5,False,,,,,,,,,,,,
1778324400,6,False,,,,,,,,,,,,
1778324400,7,False,,,,,,,,,,,,
1778324400,8,False,,,,,,,,,,,,
1778324400,9,False,,,,,,,,,,,,
1778324400,10,False,,,,,,,,,,,,
1778328000,1,False,,,,,,,,,,,,
1778328000,2,False,,,,,,,,,,,,
1778328000,3,False,,,,,,,,,,,,
1778328000,4,False,,,,,,,,,,,,
1778328000,5,False,,,,,,,,,,,,
1778328000,6,False,,,,,,,,,,,,
1778328000,7,False,,,,,,,,,,,,
1778328000,8,False,,,,,,,,,,,,
1778328000,9,False,,,,,,,,,,,,
1778328000,10,False,,,,,,,,,,,,
1778331600,1,False,,,,,,,,,,,,
1778331600,2,False,,,,,,,,,,,,
1778331600,3,False,,,,,,,,,,,,
1778331600,4,True,down,0.98,0.8999999985098839,117.62000274658203,0.0737000014066696,empty_book,,0.0,0.0,0.0,True,0.0
1778331600,5,True,down,0.98,0.8999999985098839,173.6199951171875,0.0737000014066696,empty_book,,0.0,0.0,0.0,True,0.0
1778331600,6,True,down,0.98,0.8999999985098839,273.6199951171875,0.0737000014066696,filled,0.8999999985098839,27.777777823769018,25.0,0.17500000260770324,True,2.6027778211613146
1778331600,7,True,down,0.98,0.8999999985098839,308.32000732421875,0.0737000014066696,filled,0.8999999985098839,27.777777823769018,25.0,0.17500000260770324,True,2.6027778211613146
1778331600,8,False,,,,,,,,,,,,
1778331600,9,False,,,,,,,,,,,,
1778331600,10,False,,,,,,,,,,,,
1778335200,1,False,,,,,,,,,,,,
1778335200,2,False,,,,,,,,,,,,
1778335200,3,False,,,,,,,,,,,,
1778335200,4,False,,,,,,,,,,,,
1778335200,5,False,,,,,,,,,,,,
1778335200,6,False,,,,,,,,,,,,
1778335200,7,False,,,,,,,,,,,,
1778335200,8,False,,,,,,,,,,,,
1778335200,9,False,,,,,,,,,,,,
1778335200,10,False,,,,,,,,,,,,
1778338800,1,False,,,,,,,,,,,,
1778338800,2,False,,,,,,,,,,,,
1778338800,3,False,,,,,,,,,,,,
1778338800,4,False,,,,,,,,,,,,
1778338800,5,False,,,,,,,,,,,,
1778338800,6,False,,,,,,,,,,,,
1778338800,7,False,,,,,,,,,,,,
1778338800,8,False,,,,,,,,,,,,
1778338800,9,False,,,,,,,,,,,,
1778338800,10,False,,,,,,,,,,,,
1778342400,1,False,,,,,,,,,,,,
1778342400,2,False,,,,,,,,,,,,
1778342400,3,False,,,,,,,,,,,,
1778342400,4,False,,,,,,,,,,,,
1778342400,5,False,,,,,,,,,,,,
1778342400,6,False,,,,,,,,,,,,
1778342400,7,False,,,,,,,,,,,,
1778342400,8,False,,,,,,,,,,,,
1778342400,9,False,,,,,,,,,,,,
1778342400,10,False,,,,,,,,,,,,
1778346000,1,False,,,,,,,,,,,,
1778346000,2,False,,,,,,,,,,,,
1778346000,3,False,,,,,,,,,,,,
1778346000,4,False,,,,,,,,,,,,
1778346000,5,False,,,,,,,,,,,,
1778346000,6,False,,,,,,,,,,,,
1778346000,7,False,,,,,,,,,,,,
1778346000,8,False,,,,,,,,,,,,
1778346000,9,False,,,,,,,,,,,,
1778346000,10,False,,,,,,,,,,,,
1778349600,1,False,,,,,,,,,,,,
1778349600,2,False,,,,,,,,,,,,
1778349600,3,False,,,,,,,,,,,,
1778349600,4,False,,,,,,,,,,,,
1778349600,5,False,,,,,,,,,,,,
1778349600,6,False,,,,,,,,,,,,
1778349600,7,False,,,,,,,,,,,,
1778349600,8,False,,,,,,,,,,,,
1778349600,9,False,,,,,,,,,,,,
1778349600,10,False,,,,,,,,,,,,
1778353200,1,False,,,,,,,,,,,,
1778353200,2,False,,,,,,,,,,,,
1778353200,3,False,,,,,,,,,,,,
1778353200,4,True,up,0.98,0.8100000023841858,10.0,0.15922699771928786,filled,0.550000011920929,10.0,5.5000001192092896,0.1732499991655349,True,4.326749881625176
1778353200,5,False,,,,,,,,,,,,
1778353200,6,False,,,,,,,,,,,,
1778353200,7,False,,,,,,,,,,,,
1778353200,8,True,up,0.98,0.8999999761581421,21.0,0.07370002250671388,book_moved_no_edge,0.9599999785423279,0.0,0.0,0.0,True,0.0
1778353200,9,True,up,0.9154971607096469,0.8299999833106995,222.35000610351562,0.0756201766279018,book_moved_no_edge,0.949999988079071,0.0,0.0,0.0,True,0.0
1778353200,10,False,,,,,,,,,,,,
1778356800,1,False,,,,,,,,,,,,
1778356800,2,False,,,,,,,,,,,,
1778356800,3,False,,,,,,,,,,,,
1778356800,4,False,,,,,,,,,,,,
1778356800,5,False,,,,,,,,,,,,
1778356800,6,False,,,,,,,,,,,,
1778356800,7,False,,,,,,,,,,,,
1778356800,8,False,,,,,,,,,,,,
1778356800,9,False,,,,,,,,,,,,
1778356800,10,False,,,,,,,,,,,,
1778360400,1,False,,,,,,,,,,,,
1778360400,2,False,,,,,,,,,,,,
1778360400,3,False,,,,,,,,,,,,
1778360400,4,False,,,,,,,,,,,,
1778360400,5,True,down,0.98,0.9099999964237213,29.399999618530273,0.06426700337100028,book_moved_no_edge,0.9400000013411045,0.0,0.0,0.0,True,0.0
1778360400,6,True,down,0.98,0.9099999964237213,29.399999618530273,0.06426700337100028,book_moved_no_edge,0.9400000013411045,0.0,0.0,0.0,True,0.0
1778360400,7,True,down,0.98,0.9099999964237213,29.399999618530273,0.06426700337100028,filled,0.9099999964237213,27.472527580493864,25.0,0.15750000625848773,True,2.3150275742353763
1778360400,8,True,down,0.98,0.9099999964237213,21.510000228881836,0.06426700337100028,filled,0.9099999964237213,27.472527580493864,25.0,0.15750000625848773,True,2.3150275742353763
1778360400,9,True,down,0.98,0.9099999964237213,41.5099983215332,0.06426700337100028,filled,0.9099999964237213,27.472527580493864,25.0,0.15750000625848773,True,2.3150275742353763
1778360400,10,True,down,0.98,0.9099999964237213,41.5099983215332,0.06426700337100028,filled,0.9099999964237213,21.510000228881836,19.574100131356715,0.12331683572771791,True,1.8125832617974027
1778364000,1,False,,,,,,,,,,,,
1778364000,2,False,,,,,,,,,,,,
1778364000,3,False,,,,,,,,,,,,
1778364000,4,False,,,,,,,,,,,,
1778364000,5,True,down,0.98,0.3399999737739563,5.0,0.6242920268135072,book_moved_no_edge,0.20999997854232788,0.0,0.0,0.0,False,0.0
1778364000,6,True,down,0.98,0.3399999737739563,5.0,0.6242920268135072,book_moved_no_edge,0.20999997854232788,0.0,0.0,0.0,False,0.0
1778364000,7,True,down,0.98,0.30000001192092896,17.260000228881836,0.665299987745285,filled,0.3500000238418579,20.579999923706055,7.203000463962553,0.32773650908899227,False,-7.530736973051545
1778364000,8,False,,,,,,,,,,,,
1778364000,9,True,down,0.98,0.48000001907348633,5.0,0.4825279808731079,filled,0.36000001430511475,10.989999771118164,3.956400074815747,0.1772467193899725,False,-4.13364679420572
1778364000,10,True,down,0.98,0.4700000286102295,123.13999938964844,0.4925629712696076,filled,0.4700000286102295,5.429999828338623,2.552100074672694,0.09468290765922514,False,-2.6467829823319193
1778367600,1,False,,,,,,,,,,,,
1778367600,2,False,,,,,,,,,,,,
1778367600,3,False,,,,,,,,,,,,
1778367600,4,False,,,,,,,,,,,,
1778367600,5,False,,,,,,,,,,,,
1778367600,6,False,,,,,,,,,,,,
1778367600,7,False,,,,,,,,,,,,
1778367600,8,False,,,,,,,,,,,,
1778367600,9,False,,,,,,,,,,,,
1778367600,10,False,,,,,,,,,,,,
1778371200,1,False,,,,,,,,,,,,
1778371200,2,False,,,,,,,,,,,,
1778371200,3,True,down,0.98,0.4399999976158142,34.77000045776367,0.5227520024042129,book_moved_no_edge,0.2200000286102295,0.0,0.0,0.0,False,0.0
1778371200,4,True,down,0.98,0.4700000286102295,8.9399995803833,0.4925629712696076,filled,0.4399999976158142,34.709999084472656,15.272399514412882,0.5986780635138418,False,-15.871077577926723
1778371200,5,False,,,,,,,,,,,,
1778371200,6,True,down,0.98,0.49000000953674316,77.06999969482422,0.4725069904499054,filled,0.4700000286102295,27.1200008392334,12.746401170349145,0.47289145789253095,False,-13.219292628241677
1778371200,7,True,down,0.98,0.3500000238418579,13.670000076293945,0.614074975657463,filled,0.48000001907348633,22.399999618530273,10.752000244140618,0.39137279453124946,False,-11.143373038671868
1778371200,8,True,down,0.98,0.3500000238418579,5.0,0.614074975657463,filled,0.3500000238418579,13.670000076293945,4.78450035262108,0.21769475805926275,False,-5.0021951106803435
1778371200,9,True,down,0.98,0.36000001430511475,5.0,0.603871985414505,filled,0.3500000238418579,5.0,1.7500001192092896,0.0796250025033949,False,-1.8296251217126844
1778371200,10,True,down,0.98,0.36000001430511475,5.0,0.603871985414505,filled,0.36000001430511475,5.0,1.8000000715255737,0.08064000140190118,False,-1.8806400729274748
1778374800,1,False,,,,,,,,,,,,
1778374800,2,True,down,0.98,0.4300000071525574,58.34000015258789,0.5328429927773476,book_moved_no_edge,0.050000011920928955,0.0,0.0,0.0,False,0.0
1778374800,3,True,down,0.98,0.4300000071525574,58.34000015258789,0.5328429927773476,book_moved_no_edge,0.04000002145767212,0.0,0.0,0.0,False,0.0
1778374800,4,False,,,,,,,,,,,,
1778374800,5,False,,,,,,,,,,,,
1778374800,6,False,,,,,,,,,,,,
1778374800,7,False,,,,,,,,,,,,
1778374800,8,False,,,,,,,,,,,,
1778374800,9,False,,,,,,,,,,,,
1778374800,10,False,,,,,,,,,,,,
1778378400,1,False,,,,,,,,,,,,
1778378400,2,False,,,,,,,,,,,,
1778378400,3,False,,,,,,,,,,,,
1778378400,4,False,,,,,,,,,,,,
1778378400,5,False,,,,,,,,,,,,
1778378400,6,False,,,,,,,,,,,,
1778378400,7,False,,,,,,,,,,,,
1778378400,8,False,,,,,,,,,,,,
1778378400,9,False,,,,,,,,,,,,
1778378400,10,False,,,,,,,,,,,,
1778382000,1,False,,,,,,,,,,,,
1778382000,2,False,,,,,,,,,,,,
1778382000,3,False,,,,,,,,,,,,
1778382000,4,False,,,,,,,,,,,,
1778382000,5,False,,,,,,,,,,,,
1778382000,6,False,,,,,,,,,,,,
1778382000,7,False,,,,,,,,,,,,
1778382000,8,False,,,,,,,,,,,,
1778382000,9,False,,,,,,,,,,,,
1778382000,10,False,,,,,,,,,,,,
1778385600,1,False,,,,,,,,,,,,
1778385600,2,False,,,,,,,,,,,,
1778385600,3,False,,,,,,,,,,,,
1778385600,4,False,,,,,,,,,,,,
1778385600,5,False,,,,,,,,,,,,
1778385600,6,False,,,,,,,,,,,,
1778385600,7,False,,,,,,,,,,,,
1778385600,8,False,,,,,,,,,,,,
1778385600,9,False,,,,,,,,,,,,
1778385600,10,False,,,,,,,,,,,,
1778389200,1,False,,,,,,,,,,,,
1778389200,2,False,,,,,,,,,,,,
1778389200,3,False,,,,,,,,,,,,
1778389200,4,False,,,,,,,,,,,,
1778389200,5,False,,,,,,,,,,,,
1778389200,6,False,,,,,,,,,,,,
1778389200,7,False,,,,,,,,,,,,
1778389200,8,False,,,,,,,,,,,,
1778389200,9,False,,,,,,,,,,,,
1778389200,10,False,,,,,,,,,,,,
1778392800,1,False,,,,,,,,,,,,
1778392800,2,False,,,,,,,,,,,,
1778392800,3,False,,,,,,,,,,,,
1778392800,4,False,,,,,,,,,,,,
1778392800,5,True,up,0.98,0.9100000262260437,29.399999618530273,0.06426697527933124,book_moved_no_edge,0.9800000190734863,0.0,0.0,0.0,True,0.0
1778392800,6,True,up,0.98,0.9100000262260437,29.399999618530273,0.06426697527933124,book_moved_no_edge,0.949999988079071,0.0,0.0,0.0,True,0.0
1778392800,7,True,up,0.98,0.9200000166893005,29.399999618530273,0.05484798429203033,filled,0.9100000262260437,27.47252668077397,25.0,0.15749995410442355,True,2.3150267266695472
1778392800,8,True,up,0.98,0.9200000166893005,9.399999618530273,0.05484798429203033,filled,0.9100000262260437,27.47252668077397,25.0,0.15749995410442355,True,2.3150267266695472
1778392800,9,True,up,0.98,0.9200000166893005,29.399999618530273,0.05484798429203033,filled,0.9200000166893005,9.399999618530273,8.64799980592727,0.048428788810157976,True,0.7035710237928452
1778392800,10,True,up,0.98,0.9100000262260437,5.0,0.06426697527933124,filled,0.9200000166893005,9.399999618530273,8.64799980592727,0.048428788810157976,True,0.7035710237928452
1778396400,1,False,,,,,,,,,,,,
1778396400,2,True,up,0.98,0.6600000262260437,50.0,0.3042919743614197,book_moved_no_edge,0.9399999976158142,0.0,0.0,0.0,True,0.0
1778396400,3,False,,,,,,,,,,,,
1778396400,4,True,up,0.9605662199324689,0.8799999952316284,100.0,0.07317422444716315,book_moved_no_edge,0.9399999976158142,0.0,0.0,0.0,True,0.0
1778396400,5,False,,,,,,,,,,,,
1778396400,6,False,,,,,,,,,,,,
1778396400,7,True,up,0.9079753602661571,0.8199999928474426,41.72999954223633,0.07764336709827992,book_moved_no_edge,0.9399999976158142,0.0,0.0,0.0,True,0.0
1778396400,8,False,,,,,,,,,,,,
1778396400,9,False,,,,,,,,,,,,
1778396400,10,False,,,,,,,,,,,,
1778400000,1,False,,,,,,,,,,,,
1778400000,2,False,,,,,,,,,,,,
1778400000,3,False,,,,,,,,,,,,
1778400000,4,False,,,,,,,,,,,,
1778400000,5,False,,,,,,,,,,,,
1778400000,6,False,,,,,,,,,,,,
1778400000,7,False,,,,,,,,,,,,
1778400000,8,False,,,,,,,,,,,,
1778400000,9,False,,,,,,,,,,,,
1778400000,10,False,,,,,,,,,,,,
1778403600,1,False,,,,,,,,,,,,
1778403600,2,False,,,,,,,,,,,,
1778403600,3,False,,,,,,,,,,,,
1778403600,4,False,,,,,,,,,,,,
1778403600,5,False,,,,,,,,,,,,
1778403600,6,False,,,,,,,,,,,,
1778403600,7,False,,,,,,,,,,,,
1778403600,8,False,,,,,,,,,,,,
1778403600,9,False,,,,,,,,,,,,
1778403600,10,False,,,,,,,,,,,,
1778407200,1,False,,,,,,,,,,,,
1778407200,2,False,,,,,,,,,,,,
1778407200,3,False,,,,,,,,,,,,
1778407200,4,False,,,,,,,,,,,,
1778407200,5,False,,,,,,,,,,,,
1778407200,6,False,,,,,,,,,,,,
1778407200,7,False,,,,,,,,,,,,
1778407200,8,False,,,,,,,,,,,,
1778407200,9,False,,,,,,,,,,,,
1778407200,10,False,,,,,,,,,,,,
1778410800,1,False,,,,,,,,,,,,
1778410800,2,False,,,,,,,,,,,,
1778410800,3,False,,,,,,,,,,,,
1778410800,4,False,,,,,,,,,,,,
1778410800,5,False,,,,,,,,,,,,
1778410800,6,False,,,,,,,,,,,,
1778410800,7,False,,,,,,,,,,,,
1778410800,8,False,,,,,,,,,,,,
1778410800,9,False,,,,,,,,,,,,
1778410800,10,False,,,,,,,,,,,,
1778414400,1,False,,,,,,,,,,,,
1778414400,2,False,,,,,,,,,,,,
1778414400,3,False,,,,,,,,,,,,
1778414400,4,False,,,,,,,,,,,,
1778414400,5,False,,,,,,,,,,,,
1778414400,6,False,,,,,,,,,,,,
1778414400,7,False,,,,,,,,,,,,
1778414400,8,False,,,,,,,,,,,,
1778414400,9,False,,,,,,,,,,,,
1778414400,10,False,,,,,,,,,,,,
1778418000,1,False,,,,,,,,,,,,
1778418000,2,False,,,,,,,,,,,,
1778418000,3,False,,,,,,,,,,,,
1778418000,4,False,,,,,,,,,,,,
1778418000,5,False,,,,,,,,,,,,
1778418000,6,False,,,,,,,,,,,,
1778418000,7,False,,,,,,,,,,,,
1778418000,8,False,,,,,,,,,,,,
1778418000,9,False,,,,,,,,,,,,
1778418000,10,False,,,,,,,,,,,,
1778421600,1,False,,,,,,,,,,,,
1778421600,2,False,,,,,,,,,,,,
1778421600,3,False,,,,,,,,,,,,
1778421600,4,True,down,0.98,0.42000001668930054,100.0,0.5429479831237793,book_moved_no_edge,0.04000002145767212,0.0,0.0,0.0,False,0.0
1778421600,5,True,down,0.98,0.42000001668930054,100.0,0.5429479831237793,book_moved_no_edge,0.2200000286102295,0.0,0.0,0.0,False,0.0
1778421600,6,True,down,0.9737295951507866,0.42000001668930054,100.0,0.536677578274566,filled,0.42000001668930054,59.523807158545935,25.0,1.014999970793724,False,-26.014999970793724
1778421600,7,True,down,0.9640573273745869,0.42000001668930054,100.0,0.5270053104983663,filled,0.42000001668930054,59.523807158545935,25.0,1.014999970793724,False,-26.014999970793724
1778421600,8,True,down,0.9534231191211104,0.5,2222.530029296875,0.4359231191211104,filled,0.42000001668930054,59.523807158545935,25.0,1.014999970793724,False,-26.014999970793724
1778421600,9,True,down,0.98,0.4599999785423279,105.0,0.5026120215778351,filled,0.4300000071525574,58.13953391663639,25.0,0.9974999874830246,False,-25.997499987483025
1778421600,10,True,down,0.9799708732623307,0.49000000953674316,100.0,0.4724778637122361,filled,0.4599999785423279,54.34782862212584,25.0,0.9450000375509263,False,-25.945000037550926
1778425200,1,False,,,,,,,,,,,,
1778425200,2,False,,,,,,,,,,,,
1778425200,3,False,,,,,,,,,,,,
1778425200,4,False,,,,,,,,,,,,
1778425200,5,False,,,,,,,,,,,,
1778425200,6,False,,,,,,,,,,,,
1778425200,7,False,,,,,,,,,,,,
1778425200,8,False,,,,,,,,,,,,
1778425200,9,False,,,,,,,,,,,,
1778425200,10,False,,,,,,,,,,,,
1778428800,1,False,,,,,,,,,,,,
1778428800,2,False,,,,,,,,,,,,
1778428800,3,False,,,,,,,,,,,,
1778428800,4,False,,,,,,,,,,,,
1778428800,5,False,,,,,,,,,,,,
1778428800,6,False,,,,,,,,,,,,
1778428800,7,False,,,,,,,,,,,,
1778428800,8,False,,,,,,,,,,,,
1778428800,9,False,,,,,,,,,,,,
1778428800,10,False,,,,,,,,,,,,
1778432400,1,False,,,,,,,,,,,,
1778432400,2,False,,,,,,,,,,,,
1778432400,3,False,,,,,,,,,,,,
1778432400,4,False,,,,,,,,,,,,
1778432400,5,False,,,,,,,,,,,,
1778432400,6,False,,,,,,,,,,,,
1778432400,7,False,,,,,,,,,,,,
1778432400,8,False,,,,,,,,,,,,
1778432400,9,False,,,,,,,,,,,,
1778432400,10,False,,,,,,,,,,,,
1778436000,1,False,,,,,,,,,,,,
1778436000,2,False,,,,,,,,,,,,
1778436000,3,False,,,,,,,,,,,,
1778436000,4,False,,,,,,,,,,,,
1778436000,5,False,,,,,,,,,,,,
1778436000,6,False,,,,,,,,,,,,
1778436000,7,False,,,,,,,,,,,,
1778436000,8,False,,,,,,,,,,,,
1778436000,9,False,,,,,,,,,,,,
1778436000,10,False,,,,,,,,,,,,
1778439600,1,False,,,,,,,,,,,,
1778439600,2,False,,,,,,,,,,,,
1778439600,3,False,,,,,,,,,,,,
1778439600,4,False,,,,,,,,,,,,
1778439600,5,False,,,,,,,,,,,,
1778439600,6,False,,,,,,,,,,,,
1778439600,7,False,,,,,,,,,,,,
1778439600,8,False,,,,,,,,,,,,
1778439600,9,False,,,,,,,,,,,,
1778439600,10,False,,,,,,,,,,,,
1778443200,1,False,,,,,,,,,,,,
1778443200,2,False,,,,,,,,,,,,
1778443200,3,False,,,,,,,,,,,,
1778443200,4,False,,,,,,,,,,,,
1778443200,5,False,,,,,,,,,,,,
1778443200,6,False,,,,,,,,,,,,
1778443200,7,False,,,,,,,,,,,,
1778443200,8,False,,,,,,,,,,,,
1778443200,9,False,,,,,,,,,,,,
1778443200,10,False,,,,,,,,,,,,
1778446800,1,False,,,,,,,,,,,,
1778446800,2,False,,,,,,,,,,,,
1778446800,3,False,,,,,,,,,,,,
1778446800,4,False,,,,,,,,,,,,
1778446800,5,False,,,,,,,,,,,,
1778446800,6,False,,,,,,,,,,,,
1778446800,7,False,,,,,,,,,,,,
1778446800,8,False,,,,,,,,,,,,
1778446800,9,False,,,,,,,,,,,,
1778446800,10,False,,,,,,,,,,,,
1778450400,1,False,,,,,,,,,,,,
1778450400,2,False,,,,,,,,,,,,
1778450400,3,False,,,,,,,,,,,,
1778450400,4,False,,,,,,,,,,,,
1778450400,5,False,,,,,,,,,,,,
1778450400,6,False,,,,,,,,,,,,
1778450400,7,False,,,,,,,,,,,,
1778450400,8,False,,,,,,,,,,,,
1778450400,9,False,,,,,,,,,,,,
1778450400,10,False,,,,,,,,,,,,
1778454000,1,False,,,,,,,,,,,,
1778454000,2,False,,,,,,,,,,,,
1778454000,3,False,,,,,,,,,,,,
1778454000,4,False,,,,,,,,,,,,
1778454000,5,False,,,,,,,,,,,,
1778454000,6,False,,,,,,,,,,,,
1778454000,7,False,,,,,,,,,,,,
1778454000,8,False,,,,,,,,,,,,
1778454000,9,False,,,,,,,,,,,,
1778454000,10,False,,,,,,,,,,,,
1778457600,1,False,,,,,,,,,,,,
1778457600,2,False,,,,,,,,,,,,
1778457600,3,False,,,,,,,,,,,,
1778457600,4,False,,,,,,,,,,,,
1778457600,5,False,,,,,,,,,,,,
1778457600,6,False,,,,,,,,,,,,
1778457600,7,False,,,,,,,,,,,,
1778457600,8,False,,,,,,,,,,,,
1778457600,9,False,,,,,,,,,,,,
1778457600,10,False,,,,,,,,,,,,
1778461200,1,False,,,,,,,,,,,,
1778461200,2,False,,,,,,,,,,,,
1778461200,3,False,,,,,,,,,,,,
1778461200,4,False,,,,,,,,,,,,
1778461200,5,False,,,,,,,,,,,,
1778461200,6,False,,,,,,,,,,,,
1778461200,7,False,,,,,,,,,,,,
1778461200,8,False,,,,,,,,,,,,
1778461200,9,False,,,,,,,,,,,,
1778461200,10,False,,,,,,,,,,,,
1778464800,1,False,,,,,,,,,,,,
1778464800,2,False,,,,,,,,,,,,
1778464800,3,False,,,,,,,,,,,,
1778464800,4,False,,,,,,,,,,,,
1778464800,5,False,,,,,,,,,,,,
1778464800,6,False,,,,,,,,,,,,
1778464800,7,False,,,,,,,,,,,,
1778464800,8,False,,,,,,,,,,,,
1778464800,9,False,,,,,,,,,,,,
1778464800,10,False,,,,,,,,,,,,
1778468400,1,False,,,,,,,,,,,,
1778468400,2,False,,,,,,,,,,,,
1778468400,3,False,,,,,,,,,,,,
1778468400,4,False,,,,,,,,,,,,
1778468400,5,False,,,,,,,,,,,,
1778468400,6,False,,,,,,,,,,,,
1778468400,7,False,,,,,,,,,,,,
1778468400,8,False,,,,,,,,,,,,
1778468400,9,False,,,,,,,,,,,,
1778468400,10,False,,,,,,,,,,,,
1778472000,1,False,,,,,,,,,,,,
1778472000,2,False,,,,,,,,,,,,
1778472000,3,False,,,,,,,,,,,,
1778472000,4,False,,,,,,,,,,,,
1778472000,5,False,,,,,,,,,,,,
1778472000,6,False,,,,,,,,,,,,
1778472000,7,False,,,,,,,,,,,,
1778472000,8,False,,,,,,,,,,,,
1778472000,9,False,,,,,,,,,,,,
1778472000,10,False,,,,,,,,,,,,
1778475600,1,False,,,,,,,,,,,,
1778475600,2,False,,,,,,,,,,,,
1778475600,3,False,,,,,,,,,,,,
1778475600,4,False,,,,,,,,,,,,
1778475600,5,False,,,,,,,,,,,,
1778475600,6,False,,,,,,,,,,,,
1778475600,7,False,,,,,,,,,,,,
1778475600,8,False,,,,,,,,,,,,
1778475600,9,False,,,,,,,,,,,,
1778475600,10,False,,,,,,,,,,,,
1778479200,1,True,down,0.98,0.8900000005960464,22.100000381469727,0.08314699943649767,empty_book,,0.0,0.0,0.0,True,0.0
1778479200,2,True,down,0.98,0.8900000005960464,141.9600067138672,0.08314699943649767,book_moved_no_edge,0.9800000004470348,0.0,0.0,0.0,True,0.0
1778479200,3,True,down,0.9772708353742545,0.8999999985098839,92.16000366210938,0.07097083678092414,filled,0.8900000005960464,28.089887621637217,25.0,0.19249999895691874,True,2.8973876226802986
1778479200,4,True,down,0.9583976824423683,0.8999999985098839,93.83000183105469,0.05209768384903796,filled,0.8900000005960464,28.089887621637217,25.0,0.19249999895691874,True,2.8973876226802986
1778479200,5,False,,,,,,,,,,,,
1778479200,6,False,,,,,,,,,,,,
1778479200,7,True,down,0.9045934934380258,0.699999988079071,43.0099983215332,0.18989350502516872,book_moved_no_edge,0.9700000006705523,0.0,0.0,0.0,True,0.0
1778479200,8,True,up,0.98,0.5699999928474426,60.0,0.3928430070824623,filled,0.3100000023841858,51.119998931884766,15.847199790763852,0.7654197472491073,False,-16.61261953801296
1778479200,9,True,up,0.98,0.5799999833106995,5.0,0.38294801650238036,filled,0.4099999964237213,5.0,2.0499999821186066,0.08466499977469444,False,-2.134664981893301
1778479200,10,True,up,0.98,0.5799999833106995,5.0,0.38294801650238036,filled,0.5799999833106995,5.0,2.8999999165534973,0.08526000093460073,False,-2.985259917488098
1778482800,1,False,,,,,,,,,,,,
1778482800,2,False,,,,,,,,,,,,
1778482800,3,False,,,,,,,,,,,,
1778482800,4,False,,,,,,,,,,,,
1778482800,5,False,,,,,,,,,,,,
1778482800,6,False,,,,,,,,,,,,
1778482800,7,False,,,,,,,,,,,,
1778482800,8,False,,,,,,,,,,,,
1778482800,9,False,,,,,,,,,,,,
1778482800,10,False,,,,,,,,,,,,
1778486400,1,False,,,,,,,,,,,,
1778486400,2,False,,,,,,,,,,,,
1778486400,3,False,,,,,,,,,,,,
1778486400,4,False,,,,,,,,,,,,
1778486400,5,False,,,,,,,,,,,,
1778486400,6,False,,,,,,,,,,,,
1778486400,7,False,,,,,,,,,,,,
1778486400,8,False,,,,,,,,,,,,
1778486400,9,False,,,,,,,,,,,,
1778486400,10,False,,,,,,,,,,,,
1778490000,1,False,,,,,,,,,,,,
1778490000,2,False,,,,,,,,,,,,
1778490000,3,False,,,,,,,,,,,,
1778490000,4,False,,,,,,,,,,,,
1778490000,5,False,,,,,,,,,,,,
1778490000,6,False,,,,,,,,,,,,
1778490000,7,False,,,,,,,,,,,,
1778490000,8,False,,,,,,,,,,,,
1778490000,9,False,,,,,,,,,,,,
1778490000,10,False,,,,,,,,,,,,
1778493600,1,False,,,,,,,,,,,,
1778493600,2,False,,,,,,,,,,,,
1778493600,3,False,,,,,,,,,,,,
1778493600,4,False,,,,,,,,,,,,
1778493600,5,False,,,,,,,,,,,,
1778493600,6,False,,,,,,,,,,,,
1778493600,7,False,,,,,,,,,,,,
1778493600,8,True,down,0.98,0.9099999964237213,5.0,0.06426700337100028,book_moved_no_edge,0.9499999992549419,0.0,0.0,0.0,True,0.0
1778493600,9,True,down,0.98,0.9099999964237213,5.0,0.06426700337100028,book_moved_no_edge,0.9700000006705523,0.0,0.0,0.0,True,0.0
1778493600,10,False,,,,,,,,,,,,
1778497200,1,False,,,,,,,,,,,,
1778497200,2,False,,,,,,,,,,,,
1778497200,3,False,,,,,,,,,,,,
1778497200,4,False,,,,,,,,,,,,
1778497200,5,False,,,,,,,,,,,,
1778497200,6,False,,,,,,,,,,,,
1778497200,7,False,,,,,,,,,,,,
1778497200,8,False,,,,,,,,,,,,
1778497200,9,False,,,,,,,,,,,,
1778497200,10,False,,,,,,,,,,,,
1778500800,1,False,,,,,,,,,,,,
1778500800,2,False,,,,,,,,,,,,
1778500800,3,False,,,,,,,,,,,,
1778500800,4,False,,,,,,,,,,,,
1778500800,5,False,,,,,,,,,,,,
1778500800,6,False,,,,,,,,,,,,
1778500800,7,False,,,,,,,,,,,,
1778500800,8,False,,,,,,,,,,,,
1778500800,9,False,,,,,,,,,,,,
1778500800,10,False,,,,,,,,,,,,
1778504400,1,False,,,,,,,,,,,,
1778504400,2,False,,,,,,,,,,,,
1778504400,3,True,up,0.98,0.8999999761581421,57.09000015258789,0.07370002250671388,book_moved_no_edge,0.9800000190734863,0.0,0.0,0.0,True,0.0
1778504400,4,True,up,0.98,0.8999999761581421,57.09000015258789,0.07370002250671388,filled,0.8999999761581421,27.77777851363761,25.0,0.17500004172325134,True,2.602778471914359
1778504400,5,True,up,0.98,0.8199999928474426,5.0,0.14966800683212278,filled,0.8999999761581421,27.77777851363761,25.0,0.17500004172325134,True,2.602778471914359
1778504400,6,True,up,0.98,0.8500000238418579,10.0,0.12107497732639315,filled,0.8999999761581421,27.77777851363761,25.0,0.17500004172325134,True,2.602778471914359
1778504400,7,True,up,0.98,0.7599999904632568,5.0,0.2072320091896057,filled,0.8600000143051147,10.0,8.600000143051147,0.08427999279022202,True,1.3157198641586305
1778504400,8,True,up,0.98,0.7599999904632568,5.0,0.2072320091896057,filled,0.8399999737739563,5.0,4.1999998688697815,0.047040006241798174,True,0.7529601248884203
1778504400,9,True,up,0.975105335777074,0.7599999904632568,5.0,0.20233734496667974,filled,0.7599999904632568,5.0,3.799999952316284,0.06384000173568724,True,1.1361600459480286
1778504400,10,True,up,0.9686352432451453,0.7599999904632568,5.0,0.19586725243475098,filled,0.7599999904632568,5.0,3.799999952316284,0.06384000173568724,True,1.1361600459480286
1778508000,1,False,,,,,,,,,,,,
1778508000,2,False,,,,,,,,,,,,
1778508000,3,False,,,,,,,,,,,,
1778508000,4,False,,,,,,,,,,,,
1778508000,5,False,,,,,,,,,,,,
1778508000,6,False,,,,,,,,,,,,
1778508000,7,False,,,,,,,,,,,,
1778508000,8,False,,,,,,,,,,,,
1778508000,9,False,,,,,,,,,,,,
1778508000,10,False,,,,,,,,,,,,
1778511600,1,False,,,,,,,,,,,,
1778511600,2,False,,,,,,,,,,,,
1778511600,3,False,,,,,,,,,,,,
1778511600,4,False,,,,,,,,,,,,
1778511600,5,False,,,,,,,,,,,,
1778511600,6,False,,,,,,,,,,,,
1778511600,7,False,,,,,,,,,,,,
1778511600,8,False,,,,,,,,,,,,
1778511600,9,False,,,,,,,,,,,,
1778511600,10,False,,,,,,,,,,,,
1778515200,1,False,,,,,,,,,,,,
1778515200,2,False,,,,,,,,,,,,
1778515200,3,False,,,,,,,,,,,,
1778515200,4,False,,,,,,,,,,,,
1778515200,5,False,,,,,,,,,,,,
1778515200,6,False,,,,,,,,,,,,
1778515200,7,False,,,,,,,,,,,,
1778515200,8,False,,,,,,,,,,,,
1778515200,9,False,,,,,,,,,,,,
1778515200,10,False,,,,,,,,,,,,
1778518800,1,False,,,,,,,,,,,,
1778518800,2,False,,,,,,,,,,,,
1778518800,3,False,,,,,,,,,,,,
1778518800,4,False,,,,,,,,,,,,
1778518800,5,False,,,,,,,,,,,,
1778518800,6,False,,,,,,,,,,,,
1778518800,7,False,,,,,,,,,,,,
1778518800,8,False,,,,,,,,,,,,
1778518800,9,False,,,,,,,,,,,,
1778518800,10,False,,,,,,,,,,,,
1778522400,1,False,,,,,,,,,,,,
1778522400,2,False,,,,,,,,,,,,
1778522400,3,False,,,,,,,,,,,,
1778522400,4,False,,,,,,,,,,,,
1778522400,5,False,,,,,,,,,,,,
1778522400,6,False,,,,,,,,,,,,
1778522400,7,False,,,,,,,,,,,,
1778522400,8,False,,,,,,,,,,,,
1778522400,9,False,,,,,,,,,,,,
1778522400,10,False,,,,,,,,,,,,
1778526000,1,False,,,,,,,,,,,,
1778526000,2,False,,,,,,,,,,,,
1778526000,3,False,,,,,,,,,,,,
1778526000,4,False,,,,,,,,,,,,
1778526000,5,False,,,,,,,,,,,,
1778526000,6,False,,,,,,,,,,,,
1778526000,7,False,,,,,,,,,,,,
1778526000,8,False,,,,,,,,,,,,
1778526000,9,False,,,,,,,,,,,,
1778526000,10,False,,,,,,,,,,,,
1778529600,1,False,,,,,,,,,,,,
1778529600,2,False,,,,,,,,,,,,
1778529600,3,False,,,,,,,,,,,,
1778529600,4,False,,,,,,,,,,,,
1778529600,5,False,,,,,,,,,,,,
1778529600,6,False,,,,,,,,,,,,
1778529600,7,False,,,,,,,,,,,,
1778529600,8,False,,,,,,,,,,,,
1778529600,9,False,,,,,,,,,,,,
1778529600,10,False,,,,,,,,,,,,
1778533200,1,False,,,,,,,,,,,,
1778533200,2,False,,,,,,,,,,,,
1778533200,3,False,,,,,,,,,,,,
1778533200,4,False,,,,,,,,,,,,
1778533200,5,False,,,,,,,,,,,,
1778533200,6,False,,,,,,,,,,,,
1778533200,7,False,,,,,,,,,,,,
1778533200,8,False,,,,,,,,,,,,
1778533200,9,False,,,,,,,,,,,,
1778533200,10,False,,,,,,,,,,,,
1778536800,1,False,,,,,,,,,,,,
1778536800,2,False,,,,,,,,,,,,
1778536800,3,False,,,,,,,,,,,,
1778536800,4,False,,,,,,,,,,,,
1778536800,5,False,,,,,,,,,,,,
1778536800,6,False,,,,,,,,,,,,
1778536800,7,False,,,,,,,,,,,,
1778536800,8,True,up,0.9694780333672224,0.8700000047683716,1.4500000476837158,0.09156102884585245,book_moved_no_edge,0.9599999785423279,0.0,0.0,0.0,True,0.0
1778536800,9,True,up,0.9613061276521694,0.8700000047683716,1.4500000476837158,0.08338912313079945,filled,0.8700000047683716,1.4500000476837158,1.2615000483989718,0.011479650019359574,True,0.17702034926538446
1778536800,10,True,up,0.9529452573672799,0.8700000047683716,1.4500000476837158,0.07502825284590993,filled,0.8700000047683716,1.4500000476837158,1.2615000483989718,0.011479650019359574,True,0.17702034926538446
1778540400,1,False,,,,,,,,,,,,
1778540400,2,False,,,,,,,,,,,,
1778540400,3,False,,,,,,,,,,,,
1778540400,4,False,,,,,,,,,,,,
1778540400,5,False,,,,,,,,,,,,
1778540400,6,False,,,,,,,,,,,,
1778540400,7,False,,,,,,,,,,,,
1778540400,8,False,,,,,,,,,,,,
1778540400,9,False,,,,,,,,,,,,
1778540400,10,False,,,,,,,,,,,,
1778544000,1,False,,,,,,,,,,,,
1778544000,2,False,,,,,,,,,,,,
1778544000,3,False,,,,,,,,,,,,
1778544000,4,False,,,,,,,,,,,,
1778544000,5,False,,,,,,,,,,,,
1778544000,6,False,,,,,,,,,,,,
1778544000,7,False,,,,,,,,,,,,
1778544000,8,False,,,,,,,,,,,,
1778544000,9,False,,,,,,,,,,,,
1778544000,10,False,,,,,,,,,,,,
1778547600,1,False,,,,,,,,,,,,
1778547600,2,False,,,,,,,,,,,,
1778547600,3,False,,,,,,,,,,,,
1778547600,4,False,,,,,,,,,,,,
1778547600,5,False,,,,,,,,,,,,
1778547600,6,False,,,,,,,,,,,,
1778547600,7,False,,,,,,,,,,,,
1778547600,8,False,,,,,,,,,,,,
1778547600,9,False,,,,,,,,,,,,
1778547600,10,False,,,,,,,,,,,,
1778551200,1,False,,,,,,,,,,,,
1778551200,2,False,,,,,,,,,,,,
1778551200,3,False,,,,,,,,,,,,
1778551200,4,False,,,,,,,,,,,,
1778551200,5,False,,,,,,,,,,,,
1778551200,6,False,,,,,,,,,,,,
1778551200,7,False,,,,,,,,,,,,
1778551200,8,False,,,,,,,,,,,,
1778551200,9,False,,,,,,,,,,,,
1778551200,10,False,,,,,,,,,,,,
1778554800,1,False,,,,,,,,,,,,
1778554800,2,False,,,,,,,,,,,,
1778554800,3,False,,,,,,,,,,,,
1778554800,4,False,,,,,,,,,,,,
1778554800,5,False,,,,,,,,,,,,
1778554800,6,False,,,,,,,,,,,,
1778554800,7,False,,,,,,,,,,,,
1778554800,8,False,,,,,,,,,,,,
1778554800,9,False,,,,,,,,,,,,
1778554800,10,False,,,,,,,,,,,,
1778558400,1,False,,,,,,,,,,,,
1778558400,2,False,,,,,,,,,,,,
1778558400,3,False,,,,,,,,,,,,
1778558400,4,False,,,,,,,,,,,,
1778558400,5,False,,,,,,,,,,,,
1778558400,6,False,,,,,,,,,,,,
1778558400,7,False,,,,,,,,,,,,
1778558400,8,False,,,,,,,,,,,,
1778558400,9,False,,,,,,,,,,,,
1778558400,10,False,,,,,,,,,,,,
1778562000,1,False,,,,,,,,,,,,
1778562000,2,False,,,,,,,,,,,,
1778562000,3,False,,,,,,,,,,,,
1778562000,4,True,down,0.98,0.8999999985098839,170.9199981689453,0.0737000014066696,book_moved_no_edge,0.9800000004470348,0.0,0.0,0.0,True,0.0
1778562000,5,True,down,0.98,0.8900000005960464,6.96999979019165,0.08314699943649767,book_moved_no_edge,0.9400000013411045,0.0,0.0,0.0,True,0.0
1778562000,6,True,down,0.98,0.8900000005960464,21.969999313354492,0.08314699943649767,filled,0.8900000005960464,6.96999979019165,6.2032998174250125,0.04776540833535076,True,0.7189345644312871
1778562000,7,True,down,0.98,0.8900000005960464,27.5,0.08314699943649767,filled,0.8900000005960464,6.96999979019165,6.2032998174250125,0.04776540833535076,True,0.7189345644312871
1778562000,8,True,down,0.98,0.8900000005960464,27.5,0.08314699943649767,filled,0.8900000005960464,21.969999313354492,19.553299401980638,0.1505604045794237,True,2.2661395067944303
1778562000,9,False,,,,,,,,,,,,
1778562000,10,True,down,0.9794018971696177,0.880000002682209,12.0,0.09200989463010217,filled,0.8999999985098839,27.777777823769018,25.0,0.17500000260770324,True,2.6027778211613146
1778565600,1,False,,,,,,,,,,,,
1778565600,2,False,,,,,,,,,,,,
1778565600,3,False,,,,,,,,,,,,
1778565600,4,False,,,,,,,,,,,,
1778565600,5,False,,,,,,,,,,,,
1778565600,6,False,,,,,,,,,,,,
1778565600,7,False,,,,,,,,,,,,
1778565600,8,False,,,,,,,,,,,,
1778565600,9,False,,,,,,,,,,,,
1778565600,10,False,,,,,,,,,,,,
1778569200,1,False,,,,,,,,,,,,
1778569200,2,False,,,,,,,,,,,,
1778569200,3,False,,,,,,,,,,,,
1778569200,4,False,,,,,,,,,,,,
1778569200,5,False,,,,,,,,,,,,
1778569200,6,False,,,,,,,,,,,,
1778569200,7,False,,,,,,,,,,,,
1778569200,8,False,,,,,,,,,,,,
1778569200,9,False,,,,,,,,,,,,
1778569200,10,False,,,,,,,,,,,,
1778572800,1,False,,,,,,,,,,,,
1778572800,2,False,,,,,,,,,,,,
1778572800,3,False,,,,,,,,,,,,
1778572800,4,False,,,,,,,,,,,,
1778572800,5,False,,,,,,,,,,,,
1778572800,6,False,,,,,,,,,,,,
1778572800,7,False,,,,,,,,,,,,
1778572800,8,False,,,,,,,,,,,,
1778572800,9,True,up,0.9537007310860688,0.3400000035762787,500.0,0.5979927274296815,book_moved_no_edge,0.029999999329447746,0.0,0.0,0.0,False,0.0
1778572800,10,True,up,0.944703704222738,0.41999998688697815,102.61000061035156,0.5076517174826257,filled,0.33000001311302185,75.75757274724029,25.000000000000004,1.172499977052212,False,-26.172499977052215
1778576400,1,True,down,0.98,0.8499999940395355,16.149999618530273,0.12107500566840171,empty_book,,0.0,0.0,0.0,True,0.0
1778576400,2,True,down,0.973305510764914,0.7400000095367432,4.949999809265137,0.21983750154860543,filled,0.8499999940395355,16.149999618530273,13.727499579489233,0.1441387513121961,True,2.2783612877288437
1778576400,3,True,down,0.9430566136012506,0.7400000095367432,65.0,0.18958860438494202,filled,0.8499999940395355,16.149999618530273,13.727499579489233,0.1441387513121961,True,2.2783612877288437
1778576400,4,True,down,0.914025916510789,0.75,5.0,0.15090091651078902,filled,0.7400000095367432,33.78378334839559,25.0,0.4549999833106995,True,8.328783365084888
1778576400,5,True,down,0.8890994956837464,0.6200000047683716,6.0,0.2526074909954834,book_moved_no_edge,0.8400000035762787,0.0,0.0,0.0,True,0.0
1778576400,6,True,down,0.8681955057638312,0.760000005364418,60.0,0.09542750059467799,book_moved_no_edge,0.8499999940395355,0.0,0.0,0.0,True,0.0
1778576400,7,True,down,0.849659903482735,0.7400000095367432,15.0,0.09619189426642642,filled,0.760000005364418,32.89473660991958,25.0,0.4199999906122685,True,7.474736619307315
1778576400,8,True,down,0.8335121298735142,0.7400000095367432,25.0,0.0800441206572056,filled,0.760000005364418,32.89473660991958,25.0,0.4199999906122685,True,7.474736619307315
1778576400,9,True,down,0.8193162898981867,0.7199999988079071,20.0,0.08520429105356316,filled,0.7400000095367432,15.0,11.100000143051147,0.20201999519348138,True,3.697979861755371
1778576400,10,True,down,0.8061828211347377,0.7199999988079071,20.0,0.07207082229011415,filled,0.7299999892711639,5.0,3.6499999463558197,0.06898500172734258,True,1.2810150519168377
1778580000,1,False,,,,,,,,,,,,
1778580000,2,False,,,,,,,,,,,,
1778580000,3,False,,,,,,,,,,,,
1778580000,4,False,,,,,,,,,,,,
1778580000,5,False,,,,,,,,,,,,
1778580000,6,False,,,,,,,,,,,,
1778580000,7,False,,,,,,,,,,,,
1778580000,8,False,,,,,,,,,,,,
1778580000,9,False,,,,,,,,,,,,
1778580000,10,False,,,,,,,,,,,,
1778583600,1,False,,,,,,,,,,,,
1778583600,2,False,,,,,,,,,,,,
1778583600,3,False,,,,,,,,,,,,
1778583600,4,False,,,,,,,,,,,,
1778583600,5,False,,,,,,,,,,,,
1778583600,6,False,,,,,,,,,,,,
1778583600,7,False,,,,,,,,,,,,
1778583600,8,False,,,,,,,,,,,,
1778583600,9,False,,,,,,,,,,,,
1778583600,10,False,,,,,,,,,,,,
1778587200,1,False,,,,,,,,,,,,
1778587200,2,False,,,,,,,,,,,,
1778587200,3,False,,,,,,,,,,,,
1778587200,4,False,,,,,,,,,,,,
1778587200,5,False,,,,,,,,,,,,
1778587200,6,False,,,,,,,,,,,,
1778587200,7,False,,,,,,,,,,,,
1778587200,8,False,,,,,,,,,,,,
1778587200,9,False,,,,,,,,,,,,
1778587200,10,False,,,,,,,,,,,,
1778590800,1,False,,,,,,,,,,,,
1778590800,2,False,,,,,,,,,,,,
1778590800,3,False,,,,,,,,,,,,
1778590800,4,False,,,,,,,,,,,,
1778590800,5,False,,,,,,,,,,,,
1778590800,6,False,,,,,,,,,,,,
1778590800,7,False,,,,,,,,,,,,
1778590800,8,False,,,,,,,,,,,,
1778590800,9,False,,,,,,,,,,,,
1778590800,10,False,,,,,,,,,,,,
1778594400,1,False,,,,,,,,,,,,
1778594400,2,False,,,,,,,,,,,,
1778594400,3,False,,,,,,,,,,,,
1778594400,4,False,,,,,,,,,,,,
1778594400,5,False,,,,,,,,,,,,
1778594400,6,False,,,,,,,,,,,,
1778594400,7,False,,,,,,,,,,,,
1778594400,8,False,,,,,,,,,,,,
1778594400,9,False,,,,,,,,,,,,
1778594400,10,False,,,,,,,,,,,,
1778598000,1,False,,,,,,,,,,,,
1778598000,2,False,,,,,,,,,,,,
1778598000,3,False,,,,,,,,,,,,
1778598000,4,False,,,,,,,,,,,,
1778598000,5,False,,,,,,,,,,,,
1778598000,6,False,,,,,,,,,,,,
1778598000,7,False,,,,,,,,,,,,
1778598000,8,False,,,,,,,,,,,,
1778598000,9,False,,,,,,,,,,,,
1778598000,10,False,,,,,,,,,,,,
1778601600,1,False,,,,,,,,,,,,
1778601600,2,False,,,,,,,,,,,,
1778601600,3,False,,,,,,,,,,,,
1778601600,4,False,,,,,,,,,,,,
1778601600,5,False,,,,,,,,,,,,
1778601600,6,False,,,,,,,,,,,,
1778601600,7,False,,,,,,,,,,,,
1778601600,8,False,,,,,,,,,,,,
1778601600,9,False,,,,,,,,,,,,
1778601600,10,False,,,,,,,,,,,,
1778605200,1,False,,,,,,,,,,,,
1778605200,2,False,,,,,,,,,,,,
1778605200,3,False,,,,,,,,,,,,
1778605200,4,False,,,,,,,,,,,,
1778605200,5,False,,,,,,,,,,,,
1778605200,6,False,,,,,,,,,,,,
1778605200,7,False,,,,,,,,,,,,
1778605200,8,False,,,,,,,,,,,,
1778605200,9,False,,,,,,,,,,,,
1778605200,10,False,,,,,,,,,,,,
1778608800,1,False,,,,,,,,,,,,
1778608800,2,False,,,,,,,,,,,,
1778608800,3,False,,,,,,,,,,,,
1778608800,4,False,,,,,,,,,,,,
1778608800,5,False,,,,,,,,,,,,
1778608800,6,False,,,,,,,,,,,,
1778608800,7,False,,,,,,,,,,,,
1778608800,8,False,,,,,,,,,,,,
1778608800,9,False,,,,,,,,,,,,
1778608800,10,False,,,,,,,,,,,,
1778612400,1,False,,,,,,,,,,,,
1778612400,2,False,,,,,,,,,,,,
1778612400,3,False,,,,,,,,,,,,
1778612400,4,False,,,,,,,,,,,,
1778612400,5,False,,,,,,,,,,,,
1778612400,6,False,,,,,,,,,,,,
1778612400,7,False,,,,,,,,,,,,
1778612400,8,False,,,,,,,,,,,,
1778612400,9,False,,,,,,,,,,,,
1778612400,10,False,,,,,,,,,,,,
1778616000,1,False,,,,,,,,,,,,
1778616000,2,False,,,,,,,,,,,,
1778616000,3,False,,,,,,,,,,,,
1778616000,4,False,,,,,,,,,,,,
1778616000,5,False,,,,,,,,,,,,
1778616000,6,False,,,,,,,,,,,,
1778616000,7,False,,,,,,,,,,,,
1778616000,8,False,,,,,,,,,,,,
1778616000,9,False,,,,,,,,,,,,
1778616000,10,False,,,,,,,,,,,,
1778619600,1,False,,,,,,,,,,,,
1778619600,2,False,,,,,,,,,,,,
1778619600,3,False,,,,,,,,,,,,
1778619600,4,False,,,,,,,,,,,,
1778619600,5,False,,,,,,,,,,,,
1778619600,6,False,,,,,,,,,,,,
1778619600,7,False,,,,,,,,,,,,
1778619600,8,False,,,,,,,,,,,,
1778619600,9,False,,,,,,,,,,,,
1778619600,10,False,,,,,,,,,,,,
1778623200,1,False,,,,,,,,,,,,
1778623200,2,False,,,,,,,,,,,,
1778623200,3,False,,,,,,,,,,,,
1778623200,4,False,,,,,,,,,,,,
1778623200,5,False,,,,,,,,,,,,
1778623200,6,False,,,,,,,,,,,,
1778623200,7,False,,,,,,,,,,,,
1778623200,8,False,,,,,,,,,,,,
1778623200,9,False,,,,,,,,,,,,
1778623200,10,False,,,,,,,,,,,,
1778626800,1,False,,,,,,,,,,,,
1778626800,2,False,,,,,,,,,,,,
1778626800,3,False,,,,,,,,,,,,
1778626800,4,False,,,,,,,,,,,,
1778626800,5,False,,,,,,,,,,,,
1778626800,6,False,,,,,,,,,,,,
1778626800,7,False,,,,,,,,,,,,
1778626800,8,False,,,,,,,,,,,,
1778626800,9,False,,,,,,,,,,,,
1778626800,10,False,,,,,,,,,,,,
1778630400,1,False,,,,,,,,,,,,
1778630400,2,False,,,,,,,,,,,,
1778630400,3,False,,,,,,,,,,,,
1778630400,4,False,,,,,,,,,,,,
1778630400,5,False,,,,,,,,,,,,
1778630400,6,False,,,,,,,,,,,,
1778630400,7,False,,,,,,,,,,,,
1778630400,8,False,,,,,,,,,,,,
1778630400,9,False,,,,,,,,,,,,
1778630400,10,False,,,,,,,,,,,,
1778637600,1,False,,,,,,,,,,,,
1778637600,2,False,,,,,,,,,,,,
1778637600,3,False,,,,,,,,,,,,
1778637600,4,False,,,,,,,,,,,,
1778637600,5,False,,,,,,,,,,,,
1778637600,6,False,,,,,,,,,,,,
1778637600,7,False,,,,,,,,,,,,
1778637600,8,False,,,,,,,,,,,,
1778637600,9,False,,,,,,,,,,,,
1778637600,10,False,,,,,,,,,,,,
1778648400,1,False,,,,,,,,,,,,
1778648400,2,False,,,,,,,,,,,,
1778648400,3,False,,,,,,,,,,,,
1778648400,4,False,,,,,,,,,,,,
1778648400,5,False,,,,,,,,,,,,
1778648400,6,False,,,,,,,,,,,,
1778648400,7,False,,,,,,,,,,,,
1778648400,8,False,,,,,,,,,,,,
1778648400,9,False,,,,,,,,,,,,
1778648400,10,False,,,,,,,,,,,,
1778655600,1,False,,,,,,,,,,,,
1778655600,2,False,,,,,,,,,,,,
1778655600,3,False,,,,,,,,,,,,
1778655600,4,False,,,,,,,,,,,,
1778655600,5,False,,,,,,,,,,,,
1778655600,6,False,,,,,,,,,,,,
1778655600,7,False,,,,,,,,,,,,
1778655600,8,False,,,,,,,,,,,,
1778655600,9,False,,,,,,,,,,,,
1778655600,10,False,,,,,,,,,,,,
1778666400,1,False,,,,,,,,,,,,
1778666400,2,False,,,,,,,,,,,,
1778666400,3,False,,,,,,,,,,,,
1778666400,4,False,,,,,,,,,,,,
1778666400,5,False,,,,,,,,,,,,
1778666400,6,False,,,,,,,,,,,,
1778666400,7,False,,,,,,,,,,,,
1778666400,8,False,,,,,,,,,,,,
1778666400,9,False,,,,,,,,,,,,
1778666400,10,False,,,,,,,,,,,,
1778670000,1,False,,,,,,,,,,,,
1778670000,2,False,,,,,,,,,,,,
1778670000,3,False,,,,,,,,,,,,
1778670000,4,False,,,,,,,,,,,,
1778670000,5,False,,,,,,,,,,,,
1778670000,6,False,,,,,,,,,,,,
1778670000,7,False,,,,,,,,,,,,
1778670000,8,False,,,,,,,,,,,,
1778670000,9,False,,,,,,,,,,,,
1778670000,10,False,,,,,,,,,,,,
1778673600,1,False,,,,,,,,,,,,
1778673600,2,False,,,,,,,,,,,,
1778673600,3,False,,,,,,,,,,,,
1778673600,4,False,,,,,,,,,,,,
1778673600,5,False,,,,,,,,,,,,
1778673600,6,False,,,,,,,,,,,,
1778673600,7,False,,,,,,,,,,,,
1778673600,8,False,,,,,,,,,,,,
1778673600,9,False,,,,,,,,,,,,
1778673600,10,False,,,,,,,,,,,,
1778677200,1,False,,,,,,,,,,,,
1778677200,2,False,,,,,,,,,,,,
1778677200,3,False,,,,,,,,,,,,
1778677200,4,False,,,,,,,,,,,,
1778677200,5,False,,,,,,,,,,,,
1778677200,6,False,,,,,,,,,,,,
1778677200,7,False,,,,,,,,,,,,
1778677200,8,False,,,,,,,,,,,,
1778677200,9,False,,,,,,,,,,,,
1778677200,10,False,,,,,,,,,,,,
1778684400,1,False,,,,,,,,,,,,
1778684400,2,False,,,,,,,,,,,,
1778684400,3,False,,,,,,,,,,,,
1778684400,4,False,,,,,,,,,,,,
1778684400,5,False,,,,,,,,,,,,
1778684400,6,False,,,,,,,,,,,,
1778684400,7,False,,,,,,,,,,,,
1778684400,8,False,,,,,,,,,,,,
1778684400,9,False,,,,,,,,,,,,
1778684400,10,False,,,,,,,,,,,,
1778688000,1,False,,,,,,,,,,,,
1778688000,2,False,,,,,,,,,,,,
1778688000,3,False,,,,,,,,,,,,
1778688000,4,False,,,,,,,,,,,,
1778688000,5,False,,,,,,,,,,,,
1778688000,6,False,,,,,,,,,,,,
1778688000,7,False,,,,,,,,,,,,
1778688000,8,False,,,,,,,,,,,,
1778688000,9,False,,,,,,,,,,,,
1778688000,10,False,,,,,,,,,,,,
1778691600,1,False,,,,,,,,,,,,
1778691600,2,False,,,,,,,,,,,,
1778691600,3,False,,,,,,,,,,,,
1778691600,4,False,,,,,,,,,,,,
1778691600,5,False,,,,,,,,,,,,
1778691600,6,False,,,,,,,,,,,,
1778691600,7,False,,,,,,,,,,,,
1778691600,8,False,,,,,,,,,,,,
1778691600,9,False,,,,,,,,,,,,
1778691600,10,False,,,,,,,,,,,,
1778695200,1,False,,,,,,,,,,,,
1778695200,2,False,,,,,,,,,,,,
1778695200,3,False,,,,,,,,,,,,
1778695200,4,False,,,,,,,,,,,,
1778695200,5,False,,,,,,,,,,,,
1778695200,6,False,,,,,,,,,,,,
1778695200,7,False,,,,,,,,,,,,
1778695200,8,False,,,,,,,,,,,,
1778695200,9,False,,,,,,,,,,,,
1778695200,10,False,,,,,,,,,,,,
1778698800,1,False,,,,,,,,,,,,
1778698800,2,False,,,,,,,,,,,,
1778698800,3,False,,,,,,,,,,,,
1778698800,4,False,,,,,,,,,,,,
1778698800,5,False,,,,,,,,,,,,
1778698800,6,False,,,,,,,,,,,,
1778698800,7,False,,,,,,,,,,,,
1778698800,8,False,,,,,,,,,,,,
1778698800,9,False,,,,,,,,,,,,
1778698800,10,False,,,,,,,,,,,,
1778702400,1,False,,,,,,,,,,,,
1778702400,2,False,,,,,,,,,,,,
1778702400,3,False,,,,,,,,,,,,
1778702400,4,False,,,,,,,,,,,,
1778702400,5,False,,,,,,,,,,,,
1778702400,6,False,,,,,,,,,,,,
1778702400,7,False,,,,,,,,,,,,
1778702400,8,False,,,,,,,,,,,,
1778702400,9,False,,,,,,,,,,,,
1778702400,10,False,,,,,,,,,,,,
1778706000,1,False,,,,,,,,,,,,
1778706000,2,False,,,,,,,,,,,,
1778706000,3,False,,,,,,,,,,,,
1778706000,4,False,,,,,,,,,,,,
1778706000,5,False,,,,,,,,,,,,
1778706000,6,False,,,,,,,,,,,,
1778706000,7,False,,,,,,,,,,,,
1778706000,8,False,,,,,,,,,,,,
1778706000,9,False,,,,,,,,,,,,
1778706000,10,False,,,,,,,,,,,,
1778709600,1,False,,,,,,,,,,,,
1778709600,2,False,,,,,,,,,,,,
1778709600,3,False,,,,,,,,,,,,
1778709600,4,False,,,,,,,,,,,,
1778709600,5,False,,,,,,,,,,,,
1778709600,6,False,,,,,,,,,,,,
1778709600,7,False,,,,,,,,,,,,
1778709600,8,False,,,,,,,,,,,,
1778709600,9,False,,,,,,,,,,,,
1778709600,10,False,,,,,,,,,,,,
1778713200,1,False,,,,,,,,,,,,
1778713200,2,False,,,,,,,,,,,,
1778713200,3,False,,,,,,,,,,,,
1778713200,4,False,,,,,,,,,,,,
1778713200,5,False,,,,,,,,,,,,
1778713200,6,False,,,,,,,,,,,,
1778713200,7,False,,,,,,,,,,,,
1778713200,8,False,,,,,,,,,,,,
1778713200,9,False,,,,,,,,,,,,
1778713200,10,False,,,,,,,,,,,,
1778716800,1,False,,,,,,,,,,,,
1778716800,2,False,,,,,,,,,,,,
1778716800,3,False,,,,,,,,,,,,
1778716800,4,False,,,,,,,,,,,,
1778716800,5,False,,,,,,,,,,,,
1778716800,6,False,,,,,,,,,,,,
1778716800,7,False,,,,,,,,,,,,
1778716800,8,False,,,,,,,,,,,,
1778716800,9,False,,,,,,,,,,,,
1778716800,10,False,,,,,,,,,,,,
1778720400,1,False,,,,,,,,,,,,
1778720400,2,False,,,,,,,,,,,,
1778720400,3,False,,,,,,,,,,,,
1778720400,4,False,,,,,,,,,,,,
1778720400,5,False,,,,,,,,,,,,
1778720400,6,False,,,,,,,,,,,,
1778720400,7,False,,,,,,,,,,,,
1778720400,8,False,,,,,,,,,,,,
1778720400,9,False,,,,,,,,,,,,
1778720400,10,False,,,,,,,,,,,,
1778724000,1,False,,,,,,,,,,,,
1778724000,2,False,,,,,,,,,,,,
1778724000,3,False,,,,,,,,,,,,
1778724000,4,False,,,,,,,,,,,,
1778724000,5,False,,,,,,,,,,,,
1778724000,6,False,,,,,,,,,,,,
1778724000,7,False,,,,,,,,,,,,
1778724000,8,False,,,,,,,,,,,,
1778724000,9,False,,,,,,,,,,,,
1778724000,10,False,,,,,,,,,,,,
1778727600,1,False,,,,,,,,,,,,
1778727600,2,False,,,,,,,,,,,,
1778727600,3,False,,,,,,,,,,,,
1778727600,4,False,,,,,,,,,,,,
1778727600,5,False,,,,,,,,,,,,
1778727600,6,False,,,,,,,,,,,,
1778727600,7,False,,,,,,,,,,,,
1778727600,8,False,,,,,,,,,,,,
1778727600,9,False,,,,,,,,,,,,
1778727600,10,False,,,,,,,,,,,,
1778731200,1,False,,,,,,,,,,,,
1778731200,2,False,,,,,,,,,,,,
1778731200,3,False,,,,,,,,,,,,
1778731200,4,False,,,,,,,,,,,,
1778731200,5,False,,,,,,,,,,,,
1778731200,6,False,,,,,,,,,,,,
1778731200,7,False,,,,,,,,,,,,
1778731200,8,False,,,,,,,,,,,,
1778731200,9,False,,,,,,,,,,,,
1778731200,10,False,,,,,,,,,,,,
1778734800,1,False,,,,,,,,,,,,
1778734800,2,False,,,,,,,,,,,,
1778734800,3,False,,,,,,,,,,,,
1778734800,4,False,,,,,,,,,,,,
1778734800,5,False,,,,,,,,,,,,
1778734800,6,False,,,,,,,,,,,,
1778734800,7,False,,,,,,,,,,,,
1778734800,8,False,,,,,,,,,,,,
1778734800,9,False,,,,,,,,,,,,
1778734800,10,False,,,,,,,,,,,,
1778738400,1,True,down,0.98,0.8499999940395355,5.0,0.12107500566840171,empty_book,,0.0,0.0,0.0,True,0.0
1778738400,2,True,down,0.9503199535461807,0.8299999982118607,60.0,0.11044295525170801,filled,0.8499999940395355,5.0,4.249999970197678,0.04462500146031379,True,0.7053750283420086
1778738400,3,True,down,0.9112674194566417,0.8299999982118607,65.0,0.071390421162169,filled,0.8299999982118607,30.12048199260195,25.0,0.29750000312924385,True,4.822981989472705
1778738400,4,True,down,0.8780485141025552,0.75,5.0,0.11492351410255525,book_moved_no_edge,0.8299999982118607,0.0,0.0,0.0,True,0.0
1778738400,5,True,down,0.8519011650541273,0.75,5.0,0.08877616505412728,filled,0.7699999958276749,7.349999904632568,5.659499895900488,0.09111794997692703,True,1.599382058755153
1778738400,6,True,down,0.8298582210092228,0.7299999892711639,4.940000057220459,0.08606123139259034,book_moved_no_edge,0.7999999970197678,0.0,0.0,0.0,True,0.0
1778738400,7,True,down,0.8108070248711512,0.7299999892711639,4.940000057220459,0.06701003525451873,book_moved_no_edge,0.75,0.0,0.0,0.0,True,0.0
1778738400,8,True,down,0.795554402413639,0.6699999868869781,5.0,0.11007741521457089,filled,0.7299999892711639,4.940000057220459,3.6061999887704843,0.06815718249608516,True,1.2656428859538895
1778738400,9,True,down,0.7818979663270376,0.6500000059604645,5.0,0.11597296049174284,filled,0.6899999976158142,5.0,3.449999988079071,0.07486500031709671,True,1.4751350116038322
1778738400,10,True,down,0.7699441791490322,0.6500000059604645,5.0,0.10401917331373751,filled,0.6699999868869781,5.0,3.3499999344348907,0.07738500156044954,True,1.5726150640046597
1778742000,1,False,,,,,,,,,,,,
1778742000,2,False,,,,,,,,,,,,
1778742000,3,False,,,,,,,,,,,,
1778742000,4,False,,,,,,,,,,,,
1778742000,5,False,,,,,,,,,,,,
1778742000,6,False,,,,,,,,,,,,
1778742000,7,False,,,,,,,,,,,,
1778742000,8,False,,,,,,,,,,,,
1778742000,9,False,,,,,,,,,,,,
1778742000,10,False,,,,,,,,,,,,
1778745600,1,False,,,,,,,,,,,,
1778745600,2,False,,,,,,,,,,,,
1778745600,3,False,,,,,,,,,,,,
1778745600,4,False,,,,,,,,,,,,
1778745600,5,False,,,,,,,,,,,,
1778745600,6,False,,,,,,,,,,,,
1778745600,7,False,,,,,,,,,,,,
1778745600,8,False,,,,,,,,,,,,
1778745600,9,False,,,,,,,,,,,,
1778745600,10,False,,,,,,,,,,,,
1778749200,1,False,,,,,,,,,,,,
1778749200,2,False,,,,,,,,,,,,
1778749200,3,False,,,,,,,,,,,,
1778749200,4,False,,,,,,,,,,,,
1778749200,5,False,,,,,,,,,,,,
1778749200,6,False,,,,,,,,,,,,
1778749200,7,False,,,,,,,,,,,,
1778749200,8,False,,,,,,,,,,,,
1778749200,9,False,,,,,,,,,,,,
1778749200,10,False,,,,,,,,,,,,
1778752800,1,False,,,,,,,,,,,,
1778752800,2,False,,,,,,,,,,,,
1778752800,3,False,,,,,,,,,,,,
1778752800,4,False,,,,,,,,,,,,
1778752800,5,False,,,,,,,,,,,,
1778752800,6,False,,,,,,,,,,,,
1778752800,7,False,,,,,,,,,,,,
1778752800,8,False,,,,,,,,,,,,
1778752800,9,False,,,,,,,,,,,,
1778752800,10,False,,,,,,,,,,,,
1778756400,1,False,,,,,,,,,,,,
1778756400,2,False,,,,,,,,,,,,
1778756400,3,False,,,,,,,,,,,,
1778756400,4,False,,,,,,,,,,,,
1778756400,5,False,,,,,,,,,,,,
1778756400,6,False,,,,,,,,,,,,
1778756400,7,False,,,,,,,,,,,,
1778756400,8,False,,,,,,,,,,,,
1778756400,9,False,,,,,,,,,,,,
1778756400,10,False,,,,,,,,,,,,
1778760000,1,False,,,,,,,,,,,,
1778760000,2,False,,,,,,,,,,,,
1778760000,3,False,,,,,,,,,,,,
1778760000,4,False,,,,,,,,,,,,
1778760000,5,False,,,,,,,,,,,,
1778760000,6,False,,,,,,,,,,,,
1778760000,7,False,,,,,,,,,,,,
1778760000,8,False,,,,,,,,,,,,
1778760000,9,False,,,,,,,,,,,,
1778760000,10,False,,,,,,,,,,,,
1778763600,1,False,,,,,,,,,,,,
1778763600,2,False,,,,,,,,,,,,
1778763600,3,False,,,,,,,,,,,,
1778763600,4,False,,,,,,,,,,,,
1778763600,5,False,,,,,,,,,,,,
1778763600,6,False,,,,,,,,,,,,
1778763600,7,False,,,,,,,,,,,,
1778763600,8,False,,,,,,,,,,,,
1778763600,9,False,,,,,,,,,,,,
1778763600,10,False,,,,,,,,,,,,
1778767200,1,False,,,,,,,,,,,,
1778767200,2,False,,,,,,,,,,,,
1778767200,3,False,,,,,,,,,,,,
1778767200,4,False,,,,,,,,,,,,
1778767200,5,False,,,,,,,,,,,,
1778767200,6,False,,,,,,,,,,,,
1778767200,7,False,,,,,,,,,,,,
1778767200,8,False,,,,,,,,,,,,
1778767200,9,False,,,,,,,,,,,,
1778767200,10,False,,,,,,,,,,,,
1778770800,1,False,,,,,,,,,,,,
1778770800,2,False,,,,,,,,,,,,
1778770800,3,False,,,,,,,,,,,,
1778770800,4,False,,,,,,,,,,,,
1778770800,5,False,,,,,,,,,,,,
1778770800,6,False,,,,,,,,,,,,
1778770800,7,False,,,,,,,,,,,,
1778770800,8,False,,,,,,,,,,,,
1778770800,9,False,,,,,,,,,,,,
1778770800,10,False,,,,,,,,,,,,
1778774400,1,False,,,,,,,,,,,,
1778774400,2,False,,,,,,,,,,,,
1778774400,3,False,,,,,,,,,,,,
1778774400,4,False,,,,,,,,,,,,
1778774400,5,False,,,,,,,,,,,,
1778774400,6,False,,,,,,,,,,,,
1778774400,7,False,,,,,,,,,,,,
1778774400,8,False,,,,,,,,,,,,
1778774400,9,False,,,,,,,,,,,,
1778774400,10,False,,,,,,,,,,,,
1778778000,1,False,,,,,,,,,,,,
1778778000,2,False,,,,,,,,,,,,
1778778000,3,False,,,,,,,,,,,,
1778778000,4,False,,,,,,,,,,,,
1778778000,5,False,,,,,,,,,,,,
1778778000,6,False,,,,,,,,,,,,
1778778000,7,False,,,,,,,,,,,,
1778778000,8,False,,,,,,,,,,,,
1778778000,9,False,,,,,,,,,,,,
1778778000,10,False,,,,,,,,,,,,
1778781600,1,False,,,,,,,,,,,,
1778781600,2,False,,,,,,,,,,,,
1778781600,3,False,,,,,,,,,,,,
1778781600,4,False,,,,,,,,,,,,
1778781600,5,False,,,,,,,,,,,,
1778781600,6,False,,,,,,,,,,,,
1778781600,7,False,,,,,,,,,,,,
1778781600,8,False,,,,,,,,,,,,
1778781600,9,False,,,,,,,,,,,,
1778781600,10,False,,,,,,,,,,,,
1778785200,1,False,,,,,,,,,,,,
1778785200,2,False,,,,,,,,,,,,
1778785200,3,False,,,,,,,,,,,,
1778785200,4,False,,,,,,,,,,,,
1778785200,5,False,,,,,,,,,,,,
1778785200,6,False,,,,,,,,,,,,
1778785200,7,False,,,,,,,,,,,,
1778785200,8,False,,,,,,,,,,,,
1778785200,9,False,,,,,,,,,,,,
1778785200,10,False,,,,,,,,,,,,
1778788800,1,False,,,,,,,,,,,,
1778788800,2,False,,,,,,,,,,,,
1778788800,3,False,,,,,,,,,,,,
1778788800,4,False,,,,,,,,,,,,
1778788800,5,False,,,,,,,,,,,,
1778788800,6,False,,,,,,,,,,,,
1778788800,7,False,,,,,,,,,,,,
1778788800,8,False,,,,,,,,,,,,
1778788800,9,False,,,,,,,,,,,,
1778788800,10,False,,,,,,,,,,,,
1778792400,1,False,,,,,,,,,,,,
1778792400,2,False,,,,,,,,,,,,
1778792400,3,False,,,,,,,,,,,,
1778792400,4,False,,,,,,,,,,,,
1778792400,5,False,,,,,,,,,,,,
1778792400,6,False,,,,,,,,,,,,
1778792400,7,False,,,,,,,,,,,,
1778792400,8,False,,,,,,,,,,,,
1778792400,9,False,,,,,,,,,,,,
1778792400,10,False,,,,,,,,,,,,
1778796000,1,False,,,,,,,,,,,,
1778796000,2,False,,,,,,,,,,,,
1778796000,3,False,,,,,,,,,,,,
1778796000,4,False,,,,,,,,,,,,
1778796000,5,False,,,,,,,,,,,,
1778796000,6,False,,,,,,,,,,,,
1778796000,7,False,,,,,,,,,,,,
1778796000,8,False,,,,,,,,,,,,
1778796000,9,False,,,,,,,,,,,,
1778796000,10,False,,,,,,,,,,,,
1778799600,1,False,,,,,,,,,,,,
1778799600,2,False,,,,,,,,,,,,
1778799600,3,False,,,,,,,,,,,,
1778799600,4,False,,,,,,,,,,,,
1778799600,5,False,,,,,,,,,,,,
1778799600,6,False,,,,,,,,,,,,
1778799600,7,False,,,,,,,,,,,,
1778799600,8,False,,,,,,,,,,,,
1778799600,9,False,,,,,,,,,,,,
1778799600,10,False,,,,,,,,,,,,
1778803200,1,False,,,,,,,,,,,,
1778803200,2,False,,,,,,,,,,,,
1778803200,3,False,,,,,,,,,,,,
1778803200,4,False,,,,,,,,,,,,
1778803200,5,False,,,,,,,,,,,,
1778803200,6,False,,,,,,,,,,,,
1778803200,7,False,,,,,,,,,,,,
1778803200,8,False,,,,,,,,,,,,
1778803200,9,False,,,,,,,,,,,,
1778803200,10,False,,,,,,,,,,,,
1778806800,1,False,,,,,,,,,,,,
1778806800,2,False,,,,,,,,,,,,
1778806800,3,False,,,,,,,,,,,,
1778806800,4,False,,,,,,,,,,,,
1778806800,5,False,,,,,,,,,,,,
1778806800,6,False,,,,,,,,,,,,
1778806800,7,False,,,,,,,,,,,,
1778806800,8,False,,,,,,,,,,,,
1778806800,9,False,,,,,,,,,,,,
1778806800,10,False,,,,,,,,,,,,
1778810400,1,False,,,,,,,,,,,,
1778810400,2,False,,,,,,,,,,,,
1778810400,3,False,,,,,,,,,,,,
1778810400,4,False,,,,,,,,,,,,
1778810400,5,False,,,,,,,,,,,,
1778810400,6,False,,,,,,,,,,,,
1778810400,7,False,,,,,,,,,,,,
1778810400,8,False,,,,,,,,,,,,
1778810400,9,False,,,,,,,,,,,,
1778810400,10,False,,,,,,,,,,,,
1778814000,1,False,,,,,,,,,,,,
1778814000,2,False,,,,,,,,,,,,
1778814000,3,False,,,,,,,,,,,,
1778814000,4,False,,,,,,,,,,,,
1778814000,5,False,,,,,,,,,,,,
1778814000,6,False,,,,,,,,,,,,
1778814000,7,False,,,,,,,,,,,,
1778814000,8,False,,,,,,,,,,,,
1778814000,9,False,,,,,,,,,,,,
1778814000,10,False,,,,,,,,,,,,
1778817600,1,False,,,,,,,,,,,,
1778817600,2,False,,,,,,,,,,,,
1778817600,3,False,,,,,,,,,,,,
1778817600,4,False,,,,,,,,,,,,
1778817600,5,False,,,,,,,,,,,,
1778817600,6,False,,,,,,,,,,,,
1778817600,7,False,,,,,,,,,,,,
1778817600,8,False,,,,,,,,,,,,
1778817600,9,False,,,,,,,,,,,,
1778817600,10,False,,,,,,,,,,,,
1778821200,1,False,,,,,,,,,,,,
1778821200,2,False,,,,,,,,,,,,
1778821200,3,False,,,,,,,,,,,,
1778821200,4,False,,,,,,,,,,,,
1778821200,5,False,,,,,,,,,,,,
1778821200,6,False,,,,,,,,,,,,
1778821200,7,False,,,,,,,,,,,,
1778821200,8,False,,,,,,,,,,,,
1778821200,9,False,,,,,,,,,,,,
1778821200,10,False,,,,,,,,,,,,
1778824800,1,False,,,,,,,,,,,,
1778824800,2,False,,,,,,,,,,,,
1778824800,3,False,,,,,,,,,,,,
1778824800,4,False,,,,,,,,,,,,
1778824800,5,False,,,,,,,,,,,,
1778824800,6,False,,,,,,,,,,,,
1778824800,7,False,,,,,,,,,,,,
1778824800,8,False,,,,,,,,,,,,
1778824800,9,False,,,,,,,,,,,,
1778824800,10,False,,,,,,,,,,,,
1778828400,1,False,,,,,,,,,,,,
1778828400,2,False,,,,,,,,,,,,
1778828400,3,False,,,,,,,,,,,,
1778828400,4,False,,,,,,,,,,,,
1778828400,5,False,,,,,,,,,,,,
1778828400,6,False,,,,,,,,,,,,
1778828400,7,False,,,,,,,,,,,,
1778828400,8,False,,,,,,,,,,,,
1778828400,9,False,,,,,,,,,,,,
1778828400,10,False,,,,,,,,,,,,
1778832000,1,False,,,,,,,,,,,,
1778832000,2,False,,,,,,,,,,,,
1778832000,3,False,,,,,,,,,,,,
1778832000,4,False,,,,,,,,,,,,
1778832000,5,False,,,,,,,,,,,,
1778832000,6,False,,,,,,,,,,,,
1778832000,7,False,,,,,,,,,,,,
1778832000,8,False,,,,,,,,,,,,
1778832000,9,False,,,,,,,,,,,,
1778832000,10,False,,,,,,,,,,,,
1778835600,1,False,,,,,,,,,,,,
1778835600,2,False,,,,,,,,,,,,
1778835600,3,False,,,,,,,,,,,,
1778835600,4,False,,,,,,,,,,,,
1778835600,5,False,,,,,,,,,,,,
1778835600,6,False,,,,,,,,,,,,
1778835600,7,False,,,,,,,,,,,,
1778835600,8,False,,,,,,,,,,,,
1778835600,9,False,,,,,,,,,,,,
1778835600,10,False,,,,,,,,,,,,
1778839200,1,False,,,,,,,,,,,,
1778839200,2,False,,,,,,,,,,,,
1778839200,3,False,,,,,,,,,,,,
1778839200,4,False,,,,,,,,,,,,
1778839200,5,False,,,,,,,,,,,,
1778839200,6,False,,,,,,,,,,,,
1778839200,7,False,,,,,,,,,,,,
1778839200,8,False,,,,,,,,,,,,
1778839200,9,False,,,,,,,,,,,,
1778839200,10,False,,,,,,,,,,,,
1778842800,1,False,,,,,,,,,,,,
1778842800,2,False,,,,,,,,,,,,
1778842800,3,False,,,,,,,,,,,,
1778842800,4,False,,,,,,,,,,,,
1778842800,5,False,,,,,,,,,,,,
1778842800,6,False,,,,,,,,,,,,
1778842800,7,False,,,,,,,,,,,,
1778842800,8,False,,,,,,,,,,,,
1778842800,9,False,,,,,,,,,,,,
1778842800,10,False,,,,,,,,,,,,
1778846400,1,False,,,,,,,,,,,,
1778846400,2,False,,,,,,,,,,,,
1778846400,3,False,,,,,,,,,,,,
1778846400,4,False,,,,,,,,,,,,
1778846400,5,False,,,,,,,,,,,,
1778846400,6,False,,,,,,,,,,,,
1778846400,7,False,,,,,,,,,,,,
1778846400,8,False,,,,,,,,,,,,
1778846400,9,False,,,,,,,,,,,,
1778846400,10,False,,,,,,,,,,,,
1778850000,1,False,,,,,,,,,,,,
1778850000,2,False,,,,,,,,,,,,
1778850000,3,False,,,,,,,,,,,,
1778850000,4,False,,,,,,,,,,,,
1778850000,5,False,,,,,,,,,,,,
1778850000,6,False,,,,,,,,,,,,
1778850000,7,False,,,,,,,,,,,,
1778850000,8,False,,,,,,,,,,,,
1778850000,9,False,,,,,,,,,,,,
1778850000,10,False,,,,,,,,,,,,
1778853600,1,False,,,,,,,,,,,,
1778853600,2,False,,,,,,,,,,,,
1778853600,3,False,,,,,,,,,,,,
1778853600,4,False,,,,,,,,,,,,
1778853600,5,False,,,,,,,,,,,,
1778853600,6,False,,,,,,,,,,,,
1778853600,7,False,,,,,,,,,,,,
1778853600,8,False,,,,,,,,,,,,
1778853600,9,False,,,,,,,,,,,,
1778853600,10,False,,,,,,,,,,,,
1778857200,1,True,up,0.4873740088952927,0.4099999964237213,14.210000038146973,0.060441012516632496,book_moved_no_edge,0.009999999776482582,0.0,0.0,0.0,False,0.0
1778857200,2,False,,,,,,,,,,,,
1778857200,3,False,,,,,,,,,,,,
1778857200,4,False,,,,,,,,,,,,
1778857200,5,False,,,,,,,,,,,,
1778857200,6,False,,,,,,,,,,,,
1778857200,7,False,,,,,,,,,,,,
1778857200,8,False,,,,,,,,,,,,
1778857200,9,True,up,0.7243625141746242,0.6200000047683716,9.289999961853027,0.08787050948636121,filled,0.44999998807907104,5.0,2.2499999403953552,0.08662499958276745,False,-2.3366249399781225
1778857200,10,True,up,0.7852107932340169,0.6700000166893005,5.0,0.09973377694192172,filled,0.6299999952316284,3.0,1.8899999856948853,0.04895100026035309,False,-1.9389509859552383
1778860800,1,False,,,,,,,,,,,,
1778860800,2,False,,,,,,,,,,,,
1778860800,3,False,,,,,,,,,,,,
1778860800,4,False,,,,,,,,,,,,
1778860800,5,False,,,,,,,,,,,,
1778860800,6,False,,,,,,,,,,,,
1778860800,7,False,,,,,,,,,,,,
1778860800,8,False,,,,,,,,,,,,
1778860800,9,False,,,,,,,,,,,,
1778860800,10,False,,,,,,,,,,,,
1778864400,1,False,,,,,,,,,,,,
1778864400,2,False,,,,,,,,,,,,
1778864400,3,False,,,,,,,,,,,,
1778864400,4,False,,,,,,,,,,,,
1778864400,5,False,,,,,,,,,,,,
1778864400,6,False,,,,,,,,,,,,
1778864400,7,False,,,,,,,,,,,,
1778864400,8,False,,,,,,,,,,,,
1778864400,9,False,,,,,,,,,,,,
1778864400,10,False,,,,,,,,,,,,
1778868000,1,False,,,,,,,,,,,,
1778868000,2,False,,,,,,,,,,,,
1778868000,3,False,,,,,,,,,,,,
1778868000,4,False,,,,,,,,,,,,
1778868000,5,False,,,,,,,,,,,,
1778868000,6,False,,,,,,,,,,,,
1778868000,7,False,,,,,,,,,,,,
1778868000,8,False,,,,,,,,,,,,
1778868000,9,False,,,,,,,,,,,,
1778868000,10,False,,,,,,,,,,,,
1778871600,1,False,,,,,,,,,,,,
1778871600,2,False,,,,,,,,,,,,
1778871600,3,False,,,,,,,,,,,,
1778871600,4,False,,,,,,,,,,,,
1778871600,5,False,,,,,,,,,,,,
1778871600,6,False,,,,,,,,,,,,
1778871600,7,False,,,,,,,,,,,,
1778871600,8,False,,,,,,,,,,,,
1778871600,9,False,,,,,,,,,,,,
1778871600,10,False,,,,,,,,,,,,
1778875200,1,False,,,,,,,,,,,,
1778875200,2,False,,,,,,,,,,,,
1778875200,3,False,,,,,,,,,,,,
1778875200,4,False,,,,,,,,,,,,
1778875200,5,False,,,,,,,,,,,,
1778875200,6,False,,,,,,,,,,,,
1778875200,7,False,,,,,,,,,,,,
1778875200,8,False,,,,,,,,,,,,
1778875200,9,False,,,,,,,,,,,,
1778875200,10,False,,,,,,,,,,,,
1778878800,1,False,,,,,,,,,,,,
1778878800,2,False,,,,,,,,,,,,
1778878800,3,False,,,,,,,,,,,,
1778878800,4,False,,,,,,,,,,,,
1778878800,5,False,,,,,,,,,,,,
1778878800,6,False,,,,,,,,,,,,
1778878800,7,False,,,,,,,,,,,,
1778878800,8,False,,,,,,,,,,,,
1778878800,9,False,,,,,,,,,,,,
1778878800,10,False,,,,,,,,,,,,
1778882400,1,False,,,,,,,,,,,,
1778882400,2,False,,,,,,,,,,,,
1778882400,3,False,,,,,,,,,,,,
1778882400,4,False,,,,,,,,,,,,
1778882400,5,False,,,,,,,,,,,,
1778882400,6,False,,,,,,,,,,,,
1778882400,7,False,,,,,,,,,,,,
1778882400,8,False,,,,,,,,,,,,
1778882400,9,False,,,,,,,,,,,,
1778882400,10,False,,,,,,,,,,,,
1778886000,1,False,,,,,,,,,,,,
1778886000,2,False,,,,,,,,,,,,
1778886000,3,False,,,,,,,,,,,,
1778886000,4,False,,,,,,,,,,,,
1778886000,5,False,,,,,,,,,,,,
1778886000,6,False,,,,,,,,,,,,
1778886000,7,False,,,,,,,,,,,,
1778886000,8,False,,,,,,,,,,,,
1778886000,9,False,,,,,,,,,,,,
1778886000,10,False,,,,,,,,,,,,
1778889600,1,False,,,,,,,,,,,,
1778889600,2,False,,,,,,,,,,,,
1778889600,3,False,,,,,,,,,,,,
1778889600,4,False,,,,,,,,,,,,
1778889600,5,False,,,,,,,,,,,,
1778889600,6,False,,,,,,,,,,,,
1778889600,7,False,,,,,,,,,,,,
1778889600,8,False,,,,,,,,,,,,
1778889600,9,False,,,,,,,,,,,,
1778889600,10,False,,,,,,,,,,,,
1778893200,1,False,,,,,,,,,,,,
1778893200,2,False,,,,,,,,,,,,
1778893200,3,False,,,,,,,,,,,,
1778893200,4,False,,,,,,,,,,,,
1778893200,5,False,,,,,,,,,,,,
1778893200,6,True,up,0.98,0.7200000286102295,189.5,0.24588797227096562,book_moved_no_edge,0.9800000190734863,0.0,0.0,0.0,True,0.0
1778893200,7,True,up,0.98,0.7300000190734863,501.4700012207031,0.23620298154067992,book_moved_no_edge,0.9599999785423279,0.0,0.0,0.0,True,0.0
1778893200,8,True,up,0.98,0.7300000190734863,501.4700012207031,0.23620298154067992,filled,0.7300000190734863,34.24657444766908,25.0,0.472499966621399,True,8.774074481047684
1778893200,9,True,up,0.98,0.7300000190734863,510.7900085449219,0.23620298154067992,filled,0.7300000190734863,34.24657444766908,25.0,0.472499966621399,True,8.774074481047684
1778893200,10,True,up,0.98,0.7200000286102295,295.2099914550781,0.24588797227096562,filled,0.6399999856948853,5.0,3.1999999284744263,0.08064000140190118,True,1.7193600701236726
1778896800,1,False,,,,,,,,,,,,
1778896800,2,False,,,,,,,,,,,,
1778896800,3,False,,,,,,,,,,,,
1778896800,4,False,,,,,,,,,,,,
1778896800,5,False,,,,,,,,,,,,
1778896800,6,False,,,,,,,,,,,,
1778896800,7,False,,,,,,,,,,,,
1778896800,8,False,,,,,,,,,,,,
1778896800,9,False,,,,,,,,,,,,
1778896800,10,False,,,,,,,,,,,,
1778900400,1,False,,,,,,,,,,,,
1778900400,2,False,,,,,,,,,,,,
1778900400,3,False,,,,,,,,,,,,
1778900400,4,False,,,,,,,,,,,,
1778900400,5,False,,,,,,,,,,,,
1778900400,6,False,,,,,,,,,,,,
1778900400,7,False,,,,,,,,,,,,
1778900400,8,False,,,,,,,,,,,,
1778900400,9,False,,,,,,,,,,,,
1778900400,10,False,,,,,,,,,,,,
1778904000,1,False,,,,,,,,,,,,
1778904000,2,False,,,,,,,,,,,,
1778904000,3,False,,,,,,,,,,,,
1778904000,4,False,,,,,,,,,,,,
1778904000,5,False,,,,,,,,,,,,
1778904000,6,False,,,,,,,,,,,,
1778904000,7,False,,,,,,,,,,,,
1778904000,8,False,,,,,,,,,,,,
1778904000,9,False,,,,,,,,,,,,
1778904000,10,False,,,,,,,,,,,,
1778907600,1,False,,,,,,,,,,,,
1778907600,2,False,,,,,,,,,,,,
1778907600,3,False,,,,,,,,,,,,
1778907600,4,False,,,,,,,,,,,,
1778907600,5,False,,,,,,,,,,,,
1778907600,6,False,,,,,,,,,,,,
1778907600,7,False,,,,,,,,,,,,
1778907600,8,False,,,,,,,,,,,,
1778907600,9,False,,,,,,,,,,,,
1778907600,10,False,,,,,,,,,,,,
1778911200,1,False,,,,,,,,,,,,
1778911200,2,False,,,,,,,,,,,,
1778911200,3,False,,,,,,,,,,,,
1778911200,4,False,,,,,,,,,,,,
1778911200,5,False,,,,,,,,,,,,
1778911200,6,False,,,,,,,,,,,,
1778911200,7,False,,,,,,,,,,,,
1778911200,8,False,,,,,,,,,,,,
1778911200,9,False,,,,,,,,,,,,
1778911200,10,False,,,,,,,,,,,,
1778914800,1,False,,,,,,,,,,,,
1778914800,2,False,,,,,,,,,,,,
1778914800,3,False,,,,,,,,,,,,
1778914800,4,False,,,,,,,,,,,,
1778914800,5,False,,,,,,,,,,,,
1778914800,6,False,,,,,,,,,,,,
1778914800,7,False,,,,,,,,,,,,
1778914800,8,False,,,,,,,,,,,,
1778914800,9,False,,,,,,,,,,,,
1778914800,10,False,,,,,,,,,,,,
1778918400,1,False,,,,,,,,,,,,
1778918400,2,False,,,,,,,,,,,,
1778918400,3,False,,,,,,,,,,,,
1778918400,4,False,,,,,,,,,,,,
1778918400,5,False,,,,,,,,,,,,
1778918400,6,False,,,,,,,,,,,,
1778918400,7,False,,,,,,,,,,,,
1778918400,8,False,,,,,,,,,,,,
1778918400,9,False,,,,,,,,,,,,
1778918400,10,False,,,,,,,,,,,,
1778922000,1,False,,,,,,,,,,,,
1778922000,2,False,,,,,,,,,,,,
1778922000,3,False,,,,,,,,,,,,
1778922000,4,False,,,,,,,,,,,,
1778922000,5,False,,,,,,,,,,,,
1778922000,6,False,,,,,,,,,,,,
1778922000,7,False,,,,,,,,,,,,
1778922000,8,False,,,,,,,,,,,,
1778922000,9,False,,,,,,,,,,,,
1778922000,10,False,,,,,,,,,,,,
1778925600,1,False,,,,,,,,,,,,
1778925600,2,False,,,,,,,,,,,,
1778925600,3,False,,,,,,,,,,,,
1778925600,4,False,,,,,,,,,,,,
1778925600,5,False,,,,,,,,,,,,
1778925600,6,False,,,,,,,,,,,,
1778925600,7,False,,,,,,,,,,,,
1778925600,8,False,,,,,,,,,,,,
1778925600,9,False,,,,,,,,,,,,
1778925600,10,False,,,,,,,,,,,,
1778929200,1,False,,,,,,,,,,,,
1778929200,2,False,,,,,,,,,,,,
1778929200,3,False,,,,,,,,,,,,
1778929200,4,False,,,,,,,,,,,,
1778929200,5,False,,,,,,,,,,,,
1778929200,6,False,,,,,,,,,,,,
1778929200,7,False,,,,,,,,,,,,
1778929200,8,False,,,,,,,,,,,,
1778929200,9,False,,,,,,,,,,,,
1778929200,10,False,,,,,,,,,,,,
1778932800,1,False,,,,,,,,,,,,
1778932800,2,False,,,,,,,,,,,,
1778932800,3,False,,,,,,,,,,,,
1778932800,4,False,,,,,,,,,,,,
1778932800,5,False,,,,,,,,,,,,
1778932800,6,False,,,,,,,,,,,,
1778932800,7,False,,,,,,,,,,,,
1778932800,8,False,,,,,,,,,,,,
1778932800,9,False,,,,,,,,,,,,
1778932800,10,False,,,,,,,,,,,,
1778936400,1,True,up,0.98,0.8899999856948853,1.5099999904632568,0.08314701352405547,empty_book,,0.0,0.0,0.0,True,0.0
1778936400,2,True,up,0.98,0.5099999904632568,10.75,0.45250700952339173,book_moved_no_edge,0.949999988079071,0.0,0.0,0.0,True,0.0
1778936400,3,True,up,0.8379921139332878,0.49000000953674316,15.0,0.3304991043831932,filled,0.6700000166893005,21.0,14.070000350475311,0.3250169916586872,True,6.604982657866001
1778936400,4,True,up,0.8034770131946767,0.46000000834465027,2.5299999713897705,0.3260890048032964,filled,0.5,8.520000457763672,4.260000228881836,0.14910000801086426,True,4.110900220870971
1778936400,5,True,up,0.7775477241017985,0.41999998688697815,5.0,0.3404957373616862,filled,0.47999998927116394,5.0,2.3999999463558197,0.08735999984979627,True,2.512640053794384
1778936400,6,True,up,0.49497025572329434,0.3199999928474426,4.369999885559082,0.15973826305609615,book_moved_no_edge,0.44999998807907104,0.0,0.0,0.0,True,0.0
1778936400,7,True,up,0.4953433502443303,0.3199999928474426,9.369999885559082,0.1601113575771321,filled,0.38999998569488525,5.0,1.9499999284744263,0.0832649988985061,True,2.966735072627068
1778936400,8,True,up,0.4949181418925369,0.3199999928474426,40.619998931884766,0.15968614922533872,filled,0.3199999928474426,9.369999885559082,2.9983998963594445,0.1427238365679455,True,6.228876152631692
1778936400,9,True,up,0.4952087638305599,0.3199999928474426,40.619998931884766,0.1599767711633617,filled,0.3199999928474426,40.619998931884766,12.998399367666252,0.6187238164089395,True,27.002875747809576
1778936400,10,True,up,0.49610393554864923,0.3199999928474426,40.619998931884766,0.16087194288145104,filled,0.3199999928474426,40.619998931884766,12.998399367666252,0.6187238164089395,True,27.002875747809576
1778940000,1,False,,,,,,,,,,,,
1778940000,2,False,,,,,,,,,,,,
1778940000,3,False,,,,,,,,,,,,
1778940000,4,False,,,,,,,,,,,,
1778940000,5,False,,,,,,,,,,,,
1778940000,6,False,,,,,,,,,,,,
1778940000,7,False,,,,,,,,,,,,
1778940000,8,False,,,,,,,,,,,,
1778940000,9,False,,,,,,,,,,,,
1778940000,10,False,,,,,,,,,,,,
1778943600,1,False,,,,,,,,,,,,
1778943600,2,False,,,,,,,,,,,,
1778943600,3,False,,,,,,,,,,,,
1778943600,4,False,,,,,,,,,,,,
1778943600,5,False,,,,,,,,,,,,
1778943600,6,False,,,,,,,,,,,,
1778943600,7,False,,,,,,,,,,,,
1778943600,8,False,,,,,,,,,,,,
1778943600,9,False,,,,,,,,,,,,
1778943600,10,False,,,,,,,,,,,,
1778947200,1,False,,,,,,,,,,,,
1778947200,2,False,,,,,,,,,,,,
1778947200,3,False,,,,,,,,,,,,
1778947200,4,False,,,,,,,,,,,,
1778947200,5,False,,,,,,,,,,,,
1778947200,6,False,,,,,,,,,,,,
1778947200,7,False,,,,,,,,,,,,
1778947200,8,False,,,,,,,,,,,,
1778947200,9,False,,,,,,,,,,,,
1778947200,10,False,,,,,,,,,,,,
1778950800,1,True,down,0.98,0.75,24.989999771118164,0.21687499999999998,empty_book,,0.0,0.0,0.0,True,0.0
1778950800,2,True,down,0.98,0.6500000059604645,10.0,0.31407499416470525,filled,0.75,24.989999771118164,18.742499828338623,0.3279937469959259,True,5.919506195783615
1778950800,3,True,down,0.98,0.6100000143051147,157.1699981689453,0.35334698591518404,filled,0.6699999868869781,10.0,6.6999998688697815,0.15477000312089909,True,3.1452301280093193
1778950800,4,True,down,0.9385657261692771,0.6100000143051147,199.08999633789062,0.3119127120844612,filled,0.6100000143051147,40.983605596270195,25.0,0.6824999749660492,True,15.301105621304146
1778950800,5,True,down,0.9156876904293827,0.6100000143051147,336.0899963378906,0.28903467634456675,filled,0.6100000143051147,40.983605596270195,25.0,0.6824999749660492,True,15.301105621304146
1778950800,6,True,down,0.8955659580976101,0.6100000143051147,721.0900268554688,0.26891294401279414,filled,0.6100000143051147,40.983605596270195,25.0,0.6824999749660492,True,15.301105621304146
1778950800,7,True,down,0.45424374479233565,0.3799999952316284,9.869999885559082,0.05775174964081587,book_moved_no_edge,0.6100000143051147,0.0,0.0,0.0,True,0.0
1778950800,8,True,up,0.8137919213369498,0.6499999761581421,57.0,0.14786694467812872,filled,0.4300000071525574,5.0,2.150000035762787,0.0857850003504753,False,-2.235785036113262
1778950800,9,True,up,0.7998105743172896,0.6299999952316284,5.0,0.15349357899887686,filled,0.6499999761581421,38.46153987229933,24.999999999999996,0.6125000417232512,False,-25.612500041723248
1778950800,10,True,up,0.7882221891555494,0.6299999952316284,5.0,0.14190519383713665,filled,0.6299999952316284,5.0,3.149999976158142,0.0815850004339218,False,-3.231584976592064
1778954400,1,False,,,,,,,,,,,,
1778954400,2,False,,,,,,,,,,,,
1778954400,3,False,,,,,,,,,,,,
1778954400,4,False,,,,,,,,,,,,
1778954400,5,False,,,,,,,,,,,,
1778954400,6,False,,,,,,,,,,,,
1778954400,7,False,,,,,,,,,,,,
1778954400,8,False,,,,,,,,,,,,
1778954400,9,False,,,,,,,,,,,,
1778954400,10,False,,,,,,,,,,,,
1778958000,1,False,,,,,,,,,,,,
1778958000,2,False,,,,,,,,,,,,
1778958000,3,False,,,,,,,,,,,,
1778958000,4,False,,,,,,,,,,,,
1778958000,5,False,,,,,,,,,,,,
1778958000,6,False,,,,,,,,,,,,
1778958000,7,False,,,,,,,,,,,,
1778958000,8,False,,,,,,,,,,,,
1778958000,9,False,,,,,,,,,,,,
1778958000,10,False,,,,,,,,,,,,
1778961600,1,False,,,,,,,,,,,,
1778961600,2,True,down,0.98,0.7400000095367432,10.579999923706055,0.2265319907836914,filled,0.5300000011920929,17.739999771118164,9.402199899840355,0.309332375920167,False,-9.711532275760522
1778961600,3,True,up,0.8567859323475895,0.3100000023841858,11.1899995803833,0.5318129298999843,filled,0.6499999761581421,4.789999961853027,3.1134998610019693,0.07628075179076173,True,1.6002193490602963
1778961600,4,True,up,0.98,0.44999998807907104,257.19000244140625,0.5126750120043755,book_moved_no_edge,0.15000000596046448,0.0,0.0,0.0,True,0.0
1778961600,5,True,up,0.98,0.44999998807907104,735.1799926757812,0.5126750120043755,filled,0.44999998807907104,55.55555702727522,25.0,0.9625000208616259,True,29.593057006413595
1778961600,6,True,up,0.98,0.44999998807907104,245.19000244140625,0.5126750120043755,filled,0.44999998807907104,55.55555702727522,25.0,0.9625000208616259,True,29.593057006413595
1778961600,7,True,up,0.98,0.44999998807907104,259.989990234375,0.5126750120043755,filled,0.44999998807907104,55.55555702727522,25.0,0.9625000208616259,True,29.593057006413595
1778961600,8,True,up,0.98,0.6000000238418579,224.94000244140625,0.36319997649192814,filled,0.44999998807907104,55.55555702727522,25.0,0.9625000208616259,True,29.593057006413595
1778961600,9,True,up,0.98,0.6000000238418579,464.94000244140625,0.36319997649192814,filled,0.6000000238418579,41.66666501098216,25.0,0.6999999582767488,True,15.966665052705409
1778961600,10,True,up,0.98,0.6000000238418579,464.94000244140625,0.36319997649192814,filled,0.6000000238418579,41.66666501098216,25.0,0.6999999582767488,True,15.966665052705409
1778965200,1,False,,,,,,,,,,,,
1778965200,2,True,up,0.9202772372683596,0.8399999737739563,5.0,0.0708692622460437,book_moved_no_edge,0.9900000095367432,0.0,0.0,0.0,True,0.0
1778965200,3,False,,,,,,,,,,,,
1778965200,4,True,up,0.8400968457997868,0.699999988079071,56.86000061035156,0.1253968573869298,book_moved_no_edge,0.8399999737739563,0.0,0.0,0.0,True,0.0
1778965200,5,True,up,0.8132204059340672,0.699999988079071,56.86000061035156,0.09852041752121014,filled,0.7099999785423279,27.309999465942383,19.390099034810078,0.39361903953129174,True,7.526281391601014
1778965200,6,True,up,0.9755210204599337,0.699999988079071,51.86000061035156,0.2608210320470767,filled,0.699999988079071,35.714286322496385,25.0,0.5250000208616257,True,10.189286301634759
1778965200,7,True,up,0.9658407712442905,0.699999988079071,51.86000061035156,0.25114078283143343,filled,0.699999988079071,35.714286322496385,25.0,0.5250000208616257,True,10.189286301634759
1778965200,8,True,up,0.9560592289843647,0.699999988079071,51.86000061035156,0.24135924057150765,filled,0.699999988079071,35.714286322496385,25.0,0.5250000208616257,True,10.189286301634759
1778965200,9,True,up,0.946200145783512,0.699999988079071,56.86000061035156,0.23150015737065494,filled,0.699999988079071,35.714286322496385,25.0,0.5250000208616257,True,10.189286301634759
1778965200,10,True,up,0.9365577521797176,0.699999988079071,56.86000061035156,0.22185776376686056,filled,0.699999988079071,35.714286322496385,25.0,0.5250000208616257,True,10.189286301634759
1778968800,1,False,,,,,,,,,,,,
1778968800,2,False,,,,,,,,,,,,
1778968800,3,False,,,,,,,,,,,,
1778968800,4,False,,,,,,,,,,,,
1778968800,5,False,,,,,,,,,,,,
1778968800,6,False,,,,,,,,,,,,
1778968800,7,False,,,,,,,,,,,,
1778968800,8,False,,,,,,,,,,,,
1778968800,9,False,,,,,,,,,,,,
1778968800,10,False,,,,,,,,,,,,
1778972400,1,False,,,,,,,,,,,,
1778972400,2,False,,,,,,,,,,,,
1778972400,3,False,,,,,,,,,,,,
1778972400,4,False,,,,,,,,,,,,
1778972400,5,False,,,,,,,,,,,,
1778972400,6,False,,,,,,,,,,,,
1778972400,7,False,,,,,,,,,,,,
1778972400,8,False,,,,,,,,,,,,
1778972400,9,False,,,,,,,,,,,,
1778972400,10,False,,,,,,,,,,,,
1778976000,1,False,,,,,,,,,,,,
1778976000,2,False,,,,,,,,,,,,
1778976000,3,False,,,,,,,,,,,,
1778976000,4,False,,,,,,,,,,,,
1778976000,5,False,,,,,,,,,,,,
1778976000,6,False,,,,,,,,,,,,
1778976000,7,False,,,,,,,,,,,,
1778976000,8,False,,,,,,,,,,,,
1778976000,9,False,,,,,,,,,,,,
1778976000,10,False,,,,,,,,,,,,
1778979600,1,False,,,,,,,,,,,,
1778979600,2,False,,,,,,,,,,,,
1778979600,3,False,,,,,,,,,,,,
1778979600,4,False,,,,,,,,,,,,
1778979600,5,False,,,,,,,,,,,,
1778979600,6,False,,,,,,,,,,,,
1778979600,7,False,,,,,,,,,,,,
1778979600,8,False,,,,,,,,,,,,
1778979600,9,False,,,,,,,,,,,,
1778979600,10,False,,,,,,,,,,,,
1778983200,1,False,,,,,,,,,,,,
1778983200,2,False,,,,,,,,,,,,
1778983200,3,False,,,,,,,,,,,,
1778983200,4,False,,,,,,,,,,,,
1778983200,5,False,,,,,,,,,,,,
1778983200,6,False,,,,,,,,,,,,
1778983200,7,False,,,,,,,,,,,,
1778983200,8,False,,,,,,,,,,,,
1778983200,9,False,,,,,,,,,,,,
1778983200,10,False,,,,,,,,,,,,
1778986800,1,False,,,,,,,,,,,,
1778986800,2,False,,,,,,,,,,,,
1778986800,3,False,,,,,,,,,,,,
1778986800,4,False,,,,,,,,,,,,
1778986800,5,False,,,,,,,,,,,,
1778986800,6,False,,,,,,,,,,,,
1778986800,7,False,,,,,,,,,,,,
1778986800,8,False,,,,,,,,,,,,
1778986800,9,False,,,,,,,,,,,,
1778986800,10,False,,,,,,,,,,,,
1778990400,1,False,,,,,,,,,,,,
1778990400,2,False,,,,,,,,,,,,
1778990400,3,False,,,,,,,,,,,,
1778990400,4,False,,,,,,,,,,,,
1778990400,5,False,,,,,,,,,,,,
1778990400,6,False,,,,,,,,,,,,
1778990400,7,False,,,,,,,,,,,,
1778990400,8,False,,,,,,,,,,,,
1778990400,9,False,,,,,,,,,,,,
1778990400,10,False,,,,,,,,,,,,
1778994000,1,False,,,,,,,,,,,,
1778994000,2,False,,,,,,,,,,,,
1778994000,3,False,,,,,,,,,,,,
1778994000,4,False,,,,,,,,,,,,
1778994000,5,False,,,,,,,,,,,,
1778994000,6,False,,,,,,,,,,,,
1778994000,7,False,,,,,,,,,,,,
1778994000,8,False,,,,,,,,,,,,
1778994000,9,False,,,,,,,,,,,,
1778994000,10,False,,,,,,,,,,,,
1778997600,1,False,,,,,,,,,,,,
1778997600,2,False,,,,,,,,,,,,
1778997600,3,False,,,,,,,,,,,,
1778997600,4,False,,,,,,,,,,,,
1778997600,5,False,,,,,,,,,,,,
1778997600,6,False,,,,,,,,,,,,
1778997600,7,False,,,,,,,,,,,,
1778997600,8,False,,,,,,,,,,,,
1778997600,9,False,,,,,,,,,,,,
1778997600,10,False,,,,,,,,,,,,
1779001200,1,False,,,,,,,,,,,,
1779001200,2,False,,,,,,,,,,,,
1779001200,3,False,,,,,,,,,,,,
1779001200,4,False,,,,,,,,,,,,
1779001200,5,False,,,,,,,,,,,,
1779001200,6,False,,,,,,,,,,,,
1779001200,7,False,,,,,,,,,,,,
1779001200,8,False,,,,,,,,,,,,
1779001200,9,False,,,,,,,,,,,,
1779001200,10,False,,,,,,,,,,,,
1779004800,1,False,,,,,,,,,,,,
1779004800,2,False,,,,,,,,,,,,
1779004800,3,False,,,,,,,,,,,,
1779004800,4,False,,,,,,,,,,,,
1779004800,5,False,,,,,,,,,,,,
1779004800,6,False,,,,,,,,,,,,
1779004800,7,False,,,,,,,,,,,,
1779004800,8,False,,,,,,,,,,,,
1779004800,9,False,,,,,,,,,,,,
1779004800,10,False,,,,,,,,,,,,
1779008400,1,False,,,,,,,,,,,,
1779008400,2,False,,,,,,,,,,,,
1779008400,3,False,,,,,,,,,,,,
1779008400,4,False,,,,,,,,,,,,
1779008400,5,False,,,,,,,,,,,,
1779008400,6,False,,,,,,,,,,,,
1779008400,7,False,,,,,,,,,,,,
1779008400,8,False,,,,,,,,,,,,
1779008400,9,False,,,,,,,,,,,,
1779008400,10,False,,,,,,,,,,,,
1779012000,1,False,,,,,,,,,,,,
1779012000,2,False,,,,,,,,,,,,
1779012000,3,False,,,,,,,,,,,,
1779012000,4,False,,,,,,,,,,,,
1779012000,5,False,,,,,,,,,,,,
1779012000,6,False,,,,,,,,,,,,
1779012000,7,False,,,,,,,,,,,,
1779012000,8,False,,,,,,,,,,,,
1779012000,9,False,,,,,,,,,,,,
1779012000,10,False,,,,,,,,,,,,
1779015600,1,False,,,,,,,,,,,,
1779015600,2,False,,,,,,,,,,,,
1779015600,3,False,,,,,,,,,,,,
1779015600,4,False,,,,,,,,,,,,
1779015600,5,False,,,,,,,,,,,,
1779015600,6,False,,,,,,,,,,,,
1779015600,7,False,,,,,,,,,,,,
1779015600,8,False,,,,,,,,,,,,
1779015600,9,False,,,,,,,,,,,,
1779015600,10,False,,,,,,,,,,,,
1779019200,1,False,,,,,,,,,,,,
1779019200,2,False,,,,,,,,,,,,
1779019200,3,False,,,,,,,,,,,,
1779019200,4,False,,,,,,,,,,,,
1779019200,5,False,,,,,,,,,,,,
1779019200,6,False,,,,,,,,,,,,
1779019200,7,False,,,,,,,,,,,,
1779019200,8,False,,,,,,,,,,,,
1779019200,9,False,,,,,,,,,,,,
1779019200,10,False,,,,,,,,,,,,
1779022800,1,False,,,,,,,,,,,,
1779022800,2,False,,,,,,,,,,,,
1779022800,3,False,,,,,,,,,,,,
1779022800,4,False,,,,,,,,,,,,
1779022800,5,False,,,,,,,,,,,,
1779022800,6,False,,,,,,,,,,,,
1779022800,7,False,,,,,,,,,,,,
1779022800,8,False,,,,,,,,,,,,
1779022800,9,False,,,,,,,,,,,,
1779022800,10,False,,,,,,,,,,,,
1779026400,1,False,,,,,,,,,,,,
1779026400,2,False,,,,,,,,,,,,
1779026400,3,False,,,,,,,,,,,,
1779026400,4,False,,,,,,,,,,,,
1779026400,5,False,,,,,,,,,,,,
1779026400,6,False,,,,,,,,,,,,
1779026400,7,False,,,,,,,,,,,,
1779026400,8,False,,,,,,,,,,,,
1779026400,9,False,,,,,,,,,,,,
1779026400,10,False,,,,,,,,,,,,
1779030000,1,False,,,,,,,,,,,,
1779030000,2,False,,,,,,,,,,,,
1779030000,3,False,,,,,,,,,,,,
1779030000,4,False,,,,,,,,,,,,
1779030000,5,False,,,,,,,,,,,,
1779030000,6,False,,,,,,,,,,,,
1779030000,7,False,,,,,,,,,,,,
1779030000,8,False,,,,,,,,,,,,
1779030000,9,True,down,0.5191598990589434,0.4399999976158142,20.690000534057617,0.061911901463156394,book_moved_no_edge,0.48000001907348633,0.0,0.0,0.0,True,0.0
1779030000,10,True,down,0.5201954451785148,0.4399999976158142,20.690000534057617,0.06294744758272774,book_moved_no_edge,0.48000001907348633,0.0,0.0,0.0,True,0.0
1779033600,1,False,,,,,,,,,,,,
1779033600,2,False,,,,,,,,,,,,
1779033600,3,False,,,,,,,,,,,,
1779033600,4,False,,,,,,,,,,,,
1779033600,5,False,,,,,,,,,,,,
1779033600,6,False,,,,,,,,,,,,
1779033600,7,False,,,,,,,,,,,,
1779033600,8,False,,,,,,,,,,,,
1779033600,9,False,,,,,,,,,,,,
1779033600,10,False,,,,,,,,,,,,
1779037200,1,False,,,,,,,,,,,,
1779037200,2,False,,,,,,,,,,,,
1779037200,3,False,,,,,,,,,,,,
1779037200,4,False,,,,,,,,,,,,
1779037200,5,False,,,,,,,,,,,,
1779037200,6,False,,,,,,,,,,,,
1779037200,7,False,,,,,,,,,,,,
1779037200,8,False,,,,,,,,,,,,
1779037200,9,False,,,,,,,,,,,,
1779037200,10,False,,,,,,,,,,,,
1779040800,1,False,,,,,,,,,,,,
1779040800,2,False,,,,,,,,,,,,
1779040800,3,False,,,,,,,,,,,,
1779040800,4,False,,,,,,,,,,,,
1779040800,5,False,,,,,,,,,,,,
1779040800,6,False,,,,,,,,,,,,
1779040800,7,False,,,,,,,,,,,,
1779040800,8,False,,,,,,,,,,,,
1779040800,9,False,,,,,,,,,,,,
1779040800,10,False,,,,,,,,,,,,
1779044400,1,False,,,,,,,,,,,,
1779044400,2,False,,,,,,,,,,,,
1779044400,3,False,,,,,,,,,,,,
1779044400,4,False,,,,,,,,,,,,
1779044400,5,False,,,,,,,,,,,,
1779044400,6,False,,,,,,,,,,,,
1779044400,7,False,,,,,,,,,,,,
1779044400,8,False,,,,,,,,,,,,
1779044400,9,False,,,,,,,,,,,,
1779044400,10,False,,,,,,,,,,,,
1779048000,1,False,,,,,,,,,,,,
1779048000,2,False,,,,,,,,,,,,
1779048000,3,False,,,,,,,,,,,,
1779048000,4,False,,,,,,,,,,,,
1779048000,5,False,,,,,,,,,,,,
1779048000,6,False,,,,,,,,,,,,
1779048000,7,False,,,,,,,,,,,,
1779048000,8,False,,,,,,,,,,,,
1779048000,9,False,,,,,,,,,,,,
1779048000,10,False,,,,,,,,,,,,
1779051600,1,False,,,,,,,,,,,,
1779051600,2,False,,,,,,,,,,,,
1779051600,3,False,,,,,,,,,,,,
1779051600,4,False,,,,,,,,,,,,
1779051600,5,False,,,,,,,,,,,,
1779051600,6,False,,,,,,,,,,,,
1779051600,7,False,,,,,,,,,,,,
1779051600,8,False,,,,,,,,,,,,
1779051600,9,False,,,,,,,,,,,,
1779051600,10,False,,,,,,,,,,,,
1779055200,1,False,,,,,,,,,,,,
1779055200,2,False,,,,,,,,,,,,
1779055200,3,False,,,,,,,,,,,,
1779055200,4,False,,,,,,,,,,,,
1779055200,5,False,,,,,,,,,,,,
1779055200,6,False,,,,,,,,,,,,
1779055200,7,False,,,,,,,,,,,,
1779055200,8,False,,,,,,,,,,,,
1779055200,9,False,,,,,,,,,,,,
1779055200,10,False,,,,,,,,,,,,
1779058800,1,False,,,,,,,,,,,,
1779058800,2,False,,,,,,,,,,,,
1779058800,3,False,,,,,,,,,,,,
1779058800,4,False,,,,,,,,,,,,
1779058800,5,False,,,,,,,,,,,,
1779058800,6,False,,,,,,,,,,,,
1779058800,7,False,,,,,,,,,,,,
1779058800,8,False,,,,,,,,,,,,
1779058800,9,False,,,,,,,,,,,,
1779058800,10,False,,,,,,,,,,,,
1779062400,1,False,,,,,,,,,,,,
1779062400,2,False,,,,,,,,,,,,
1779062400,3,False,,,,,,,,,,,,
1779062400,4,False,,,,,,,,,,,,
1779062400,5,False,,,,,,,,,,,,
1779062400,6,False,,,,,,,,,,,,
1779062400,7,False,,,,,,,,,,,,
1779062400,8,False,,,,,,,,,,,,
1779062400,9,False,,,,,,,,,,,,
1779062400,10,False,,,,,,,,,,,,
1779066000,1,False,,,,,,,,,,,,
1779066000,2,False,,,,,,,,,,,,
1779066000,3,False,,,,,,,,,,,,
1779066000,4,False,,,,,,,,,,,,
1779066000,5,False,,,,,,,,,,,,
1779066000,6,False,,,,,,,,,,,,
1779066000,7,False,,,,,,,,,,,,
1779066000,8,False,,,,,,,,,,,,
1779066000,9,False,,,,,,,,,,,,
1779066000,10,False,,,,,,,,,,,,
1779069600,1,False,,,,,,,,,,,,
1779069600,2,False,,,,,,,,,,,,
1779069600,3,False,,,,,,,,,,,,
1779069600,4,False,,,,,,,,,,,,
1779069600,5,False,,,,,,,,,,,,
1779069600,6,False,,,,,,,,,,,,
1779069600,7,False,,,,,,,,,,,,
1779069600,8,False,,,,,,,,,,,,
1779069600,9,False,,,,,,,,,,,,
1779069600,10,False,,,,,,,,,,,,
1779073200,1,False,,,,,,,,,,,,
1779073200,2,False,,,,,,,,,,,,
1779073200,3,False,,,,,,,,,,,,
1779073200,4,False,,,,,,,,,,,,
1779073200,5,False,,,,,,,,,,,,
1779073200,6,False,,,,,,,,,,,,
1779073200,7,False,,,,,,,,,,,,
1779073200,8,False,,,,,,,,,,,,
1779073200,9,False,,,,,,,,,,,,
1779073200,10,False,,,,,,,,,,,,
1779076800,1,False,,,,,,,,,,,,
1779076800,2,False,,,,,,,,,,,,
1779076800,3,False,,,,,,,,,,,,
1779076800,4,False,,,,,,,,,,,,
1779076800,5,False,,,,,,,,,,,,
1779076800,6,False,,,,,,,,,,,,
1779076800,7,False,,,,,,,,,,,,
1779076800,8,False,,,,,,,,,,,,
1779076800,9,False,,,,,,,,,,,,
1779076800,10,False,,,,,,,,,,,,
1779080400,1,False,,,,,,,,,,,,
1779080400,2,False,,,,,,,,,,,,
1779080400,3,False,,,,,,,,,,,,
1779080400,4,False,,,,,,,,,,,,
1779080400,5,False,,,,,,,,,,,,
1779080400,6,False,,,,,,,,,,,,
1779080400,7,False,,,,,,,,,,,,
1779080400,8,False,,,,,,,,,,,,
1779080400,9,False,,,,,,,,,,,,
1779080400,10,False,,,,,,,,,,,,
1779084000,1,False,,,,,,,,,,,,
1779084000,2,False,,,,,,,,,,,,
1779084000,3,False,,,,,,,,,,,,
1779084000,4,False,,,,,,,,,,,,
1779084000,5,False,,,,,,,,,,,,
1779084000,6,False,,,,,,,,,,,,
1779084000,7,False,,,,,,,,,,,,
1779084000,8,False,,,,,,,,,,,,
1779084000,9,False,,,,,,,,,,,,
1779084000,10,False,,,,,,,,,,,,
1779087600,1,False,,,,,,,,,,,,
1779087600,2,False,,,,,,,,,,,,
1779087600,3,False,,,,,,,,,,,,
1779087600,4,False,,,,,,,,,,,,
1779087600,5,False,,,,,,,,,,,,
1779087600,6,False,,,,,,,,,,,,
1779087600,7,False,,,,,,,,,,,,
1779087600,8,False,,,,,,,,,,,,
1779087600,9,False,,,,,,,,,,,,
1779087600,10,False,,,,,,,,,,,,
1779091200,1,False,,,,,,,,,,,,
1779091200,2,False,,,,,,,,,,,,
1779091200,3,False,,,,,,,,,,,,
1779091200,4,False,,,,,,,,,,,,
1779091200,5,False,,,,,,,,,,,,
1779091200,6,False,,,,,,,,,,,,
1779091200,7,False,,,,,,,,,,,,
1779091200,8,False,,,,,,,,,,,,
1779091200,9,False,,,,,,,,,,,,
1779091200,10,False,,,,,,,,,,,,
1779094800,1,False,,,,,,,,,,,,
1779094800,2,False,,,,,,,,,,,,
1779094800,3,False,,,,,,,,,,,,
1779094800,4,False,,,,,,,,,,,,
1779094800,5,False,,,,,,,,,,,,
1779094800,6,False,,,,,,,,,,,,
1779094800,7,False,,,,,,,,,,,,
1779094800,8,False,,,,,,,,,,,,
1779094800,9,False,,,,,,,,,,,,
1779094800,10,False,,,,,,,,,,,,
1779098400,1,False,,,,,,,,,,,,
1779098400,2,False,,,,,,,,,,,,
1779098400,3,False,,,,,,,,,,,,
1779098400,4,False,,,,,,,,,,,,
1779098400,5,False,,,,,,,,,,,,
1779098400,6,False,,,,,,,,,,,,
1779098400,7,False,,,,,,,,,,,,
1779098400,8,False,,,,,,,,,,,,
1779098400,9,False,,,,,,,,,,,,
1779098400,10,False,,,,,,,,,,,,
1779102000,1,False,,,,,,,,,,,,
1779102000,2,False,,,,,,,,,,,,
1779102000,3,False,,,,,,,,,,,,
1779102000,4,False,,,,,,,,,,,,
1779102000,5,False,,,,,,,,,,,,
1779102000,6,False,,,,,,,,,,,,
1779102000,7,False,,,,,,,,,,,,
1779102000,8,False,,,,,,,,,,,,
1779102000,9,False,,,,,,,,,,,,
1779102000,10,False,,,,,,,,,,,,
1779105600,1,False,,,,,,,,,,,,
1779105600,2,False,,,,,,,,,,,,
1779105600,3,False,,,,,,,,,,,,
1779105600,4,False,,,,,,,,,,,,
1779105600,5,False,,,,,,,,,,,,
1779105600,6,False,,,,,,,,,,,,
1779105600,7,False,,,,,,,,,,,,
1779105600,8,False,,,,,,,,,,,,
1779105600,9,False,,,,,,,,,,,,
1779105600,10,False,,,,,,,,,,,,
1779109200,1,False,,,,,,,,,,,,
1779109200,2,False,,,,,,,,,,,,
1779109200,3,False,,,,,,,,,,,,
1779109200,4,False,,,,,,,,,,,,
1779109200,5,False,,,,,,,,,,,,
1779109200,6,False,,,,,,,,,,,,
1779109200,7,False,,,,,,,,,,,,
1779109200,8,False,,,,,,,,,,,,
1779109200,9,False,,,,,,,,,,,,
1779109200,10,False,,,,,,,,,,,,
1779112800,1,False,,,,,,,,,,,,
1779112800,2,False,,,,,,,,,,,,
1779112800,3,False,,,,,,,,,,,,
1779112800,4,False,,,,,,,,,,,,
1779112800,5,False,,,,,,,,,,,,
1779112800,6,False,,,,,,,,,,,,
1779112800,7,False,,,,,,,,,,,,
1779112800,8,False,,,,,,,,,,,,
1779112800,9,False,,,,,,,,,,,,
1779112800,10,False,,,,,,,,,,,,
1779116400,1,True,up,0.98,0.8500000238418579,40.68000030517578,0.12107497732639315,empty_book,,0.0,0.0,0.0,True,0.0
1779116400,2,True,up,0.8044636651526198,0.7099999785423279,5.0,0.08005068597943639,book_moved_no_edge,0.8500000238418579,0.0,0.0,0.0,True,0.0
1779116400,3,True,up,0.758125142138228,0.6899999976158142,5.0,0.053152144458994466,book_moved_no_edge,0.8700000047683716,0.0,0.0,0.0,True,0.0
1779116400,4,True,down,0.8333926585307505,0.6899999976158142,67.1500015258789,0.12841966085151696,filled,0.30000001192092896,19.229999542236328,5.769000091910357,0.2826809996895787,False,-6.051681091599935
1779116400,5,True,down,0.8066164848606538,0.550000011920929,10.0,0.2392914730231714,filled,0.6699999868869781,37.15999984741211,24.897199410486223,0.5751253292356582,False,-25.47232473972188
1779116400,6,True,down,0.7851776435130056,0.6699999868869781,20.0,0.0997006563139375,filled,0.6500000059604645,4.269999980926514,2.775500013053417,0.06799974916177988,False,-2.843499762215197
1779116400,7,True,down,0.949410311084671,0.6699999868869781,5.0,0.2639333238856029,filled,0.8400000035762787,0.8199999928474426,0.6887999969244003,0.007714559793119431,False,-0.6965145567175197
1779116400,8,True,down,0.9373985688974781,0.6599999964237213,10.0,0.2616905723936481,filled,0.6699999868869781,5.0,3.3499999344348907,0.07738500156044954,False,-3.4273849359953403
1779116400,9,True,down,0.9258560765440051,0.550000011920929,5.0,0.3585310647065227,filled,0.6500000059604645,5.0,3.2500000298023224,0.07962499937415123,False,-3.3296250291764737
1779116400,10,True,down,0.9148782652703416,0.5300000011920929,7.449999809265137,0.36744126408325545,filled,0.5699999928474426,15.0,8.54999989271164,0.2573550010514259,False,-8.807354893763065
1779120000,1,True,up,0.6337090104319966,0.5199999809265137,12.119999885559082,0.09623702945207716,empty_book,,0.0,0.0,0.0,True,0.0
1779120000,2,True,up,0.5954603744478457,0.5099999904632568,5.0,0.06796738397123744,filled,0.5199999809265137,12.119999885559082,6.3023997093200705,0.2117606386477658,True,5.605839537591246
1779120000,3,False,,,,,,,,,,,,
1779120000,4,True,down,0.4333936688870992,0.36000001430511475,5.0,0.0572656543016042,book_moved_no_edge,0.48000001907348633,0.0,0.0,0.0,False,0.0
1779120000,5,True,up,0.9688223769260387,0.8100000023841858,10.0,0.14804937464532655,filled,0.550000011920929,5.0,2.7500000596046448,0.08662499958276745,True,2.163374940812588
1779120000,6,True,up,0.98,0.8500000238418579,2.880000114440918,0.12107497732639315,filled,0.6600000262260437,2.3399999141693115,1.5444000047206856,0.03675671727710718,True,0.7588431921715187
1779120000,7,True,up,0.98,0.8299999833106995,5.0,0.14012301591825485,filled,0.8500000238418579,2.880000114440918,2.448000165939334,0.025703997656821957,True,0.4062959508447622
1779120000,8,True,up,0.98,0.8100000023841858,28.510000228881836,0.15922699771928786,filled,0.8500000238418579,2.880000114440918,2.448000165939334,0.025703997656821957,True,0.4062959508447622
1779120000,9,True,up,0.98,0.7900000214576721,5.0,0.1783869794135094,filled,0.8199999928474426,15.020000457763672,12.316400267934796,0.1551866495425416,True,2.5484135402863344
1779120000,10,True,up,0.98,0.7699999809265137,5.0,0.19760301835250854,filled,0.8100000023841858,7.360000133514404,5.961600125694275,0.07928928067678451,True,1.3191107271433447
1779123600,1,False,,,,,,,,,,,,
1779123600,2,False,,,,,,,,,,,,
1779123600,3,False,,,,,,,,,,,,
1779123600,4,False,,,,,,,,,,,,
1779123600,5,False,,,,,,,,,,,,
1779123600,6,False,,,,,,,,,,,,
1779123600,7,False,,,,,,,,,,,,
1779123600,8,False,,,,,,,,,,,,
1779123600,9,False,,,,,,,,,,,,
1779123600,10,False,,,,,,,,,,,,
1779127200,1,False,,,,,,,,,,,,
1779127200,2,False,,,,,,,,,,,,
1779127200,3,False,,,,,,,,,,,,
1779127200,4,False,,,,,,,,,,,,
1779127200,5,False,,,,,,,,,,,,
1779127200,6,False,,,,,,,,,,,,
1779127200,7,False,,,,,,,,,,,,
1779127200,8,False,,,,,,,,,,,,
1779127200,9,False,,,,,,,,,,,,
1779127200,10,False,,,,,,,,,,,,
1779130800,1,False,,,,,,,,,,,,
1779130800,2,False,,,,,,,,,,,,
1779130800,3,False,,,,,,,,,,,,
1779130800,4,False,,,,,,,,,,,,
1779130800,5,False,,,,,,,,,,,,
1779130800,6,False,,,,,,,,,,,,
1779130800,7,False,,,,,,,,,,,,
1779130800,8,False,,,,,,,,,,,,
1779130800,9,False,,,,,,,,,,,,
1779130800,10,False,,,,,,,,,,,,
1779134400,1,False,,,,,,,,,,,,
1779134400,2,False,,,,,,,,,,,,
1779134400,3,False,,,,,,,,,,,,
1779134400,4,False,,,,,,,,,,,,
1779134400,5,False,,,,,,,,,,,,
1779134400,6,False,,,,,,,,,,,,
1779134400,7,False,,,,,,,,,,,,
1779134400,8,False,,,,,,,,,,,,
1779134400,9,False,,,,,,,,,,,,
1779134400,10,False,,,,,,,,,,,,
1779138000,1,False,,,,,,,,,,,,
1779138000,2,False,,,,,,,,,,,,
1779138000,3,False,,,,,,,,,,,,
1779138000,4,False,,,,,,,,,,,,
1779138000,5,False,,,,,,,,,,,,
1779138000,6,False,,,,,,,,,,,,
1779138000,7,False,,,,,,,,,,,,
1779138000,8,False,,,,,,,,,,,,
1779138000,9,False,,,,,,,,,,,,
1779138000,10,False,,,,,,,,,,,,
1779141600,1,False,,,,,,,,,,,,
1779141600,2,False,,,,,,,,,,,,
1779141600,3,False,,,,,,,,,,,,
1779141600,4,False,,,,,,,,,,,,
1779141600,5,False,,,,,,,,,,,,
1779141600,6,False,,,,,,,,,,,,
1779141600,7,False,,,,,,,,,,,,
1779141600,8,False,,,,,,,,,,,,
1779141600,9,False,,,,,,,,,,,,
1779141600,10,False,,,,,,,,,,,,
1779145200,1,False,,,,,,,,,,,,
1779145200,2,False,,,,,,,,,,,,
1779145200,3,False,,,,,,,,,,,,
1779145200,4,False,,,,,,,,,,,,
1779145200,5,False,,,,,,,,,,,,
1779145200,6,False,,,,,,,,,,,,
1779145200,7,False,,,,,,,,,,,,
1779145200,8,False,,,,,,,,,,,,
1779145200,9,False,,,,,,,,,,,,
1779145200,10,False,,,,,,,,,,,,
1779148800,1,False,,,,,,,,,,,,
1779148800,2,False,,,,,,,,,,,,
1779148800,3,False,,,,,,,,,,,,
1779148800,4,False,,,,,,,,,,,,
1779148800,5,False,,,,,,,,,,,,
1779148800,6,False,,,,,,,,,,,,
1779148800,7,False,,,,,,,,,,,,
1779148800,8,False,,,,,,,,,,,,
1779148800,9,False,,,,,,,,,,,,
1779148800,10,False,,,,,,,,,,,,
1779152400,1,False,,,,,,,,,,,,
1779152400,2,False,,,,,,,,,,,,
1779152400,3,False,,,,,,,,,,,,
1779152400,4,False,,,,,,,,,,,,
1779152400,5,False,,,,,,,,,,,,
1779152400,6,False,,,,,,,,,,,,
1779152400,7,False,,,,,,,,,,,,
1779152400,8,False,,,,,,,,,,,,
1779152400,9,False,,,,,,,,,,,,
1779152400,10,False,,,,,,,,,,,,
1779156000,1,False,,,,,,,,,,,,
1779156000,2,False,,,,,,,,,,,,
1779156000,3,False,,,,,,,,,,,,
1779156000,4,False,,,,,,,,,,,,
1779156000,5,False,,,,,,,,,,,,
1779156000,6,False,,,,,,,,,,,,
1779156000,7,False,,,,,,,,,,,,
1779156000,8,False,,,,,,,,,,,,
1779156000,9,False,,,,,,,,,,,,
1779156000,10,False,,,,,,,,,,,,
1779159600,1,False,,,,,,,,,,,,
1779159600,2,False,,,,,,,,,,,,
1779159600,3,False,,,,,,,,,,,,
1779159600,4,False,,,,,,,,,,,,
1779159600,5,False,,,,,,,,,,,,
1779159600,6,False,,,,,,,,,,,,
1779159600,7,False,,,,,,,,,,,,
1779159600,8,False,,,,,,,,,,,,
1779159600,9,False,,,,,,,,,,,,
1779159600,10,False,,,,,,,,,,,,
1779163200,1,False,,,,,,,,,,,,
1779163200,2,False,,,,,,,,,,,,
1779163200,3,False,,,,,,,,,,,,
1779163200,4,False,,,,,,,,,,,,
1779163200,5,False,,,,,,,,,,,,
1779163200,6,False,,,,,,,,,,,,
1779163200,7,False,,,,,,,,,,,,
1779163200,8,False,,,,,,,,,,,,
1779163200,9,False,,,,,,,,,,,,
1779163200,10,False,,,,,,,,,,,,
1779166800,1,False,,,,,,,,,,,,
1779166800,2,False,,,,,,,,,,,,
1779166800,3,False,,,,,,,,,,,,
1779166800,4,False,,,,,,,,,,,,
1779166800,5,False,,,,,,,,,,,,
1779166800,6,False,,,,,,,,,,,,
1779166800,7,False,,,,,,,,,,,,
1779166800,8,False,,,,,,,,,,,,
1779166800,9,False,,,,,,,,,,,,
1779166800,10,False,,,,,,,,,,,,
1779170400,1,False,,,,,,,,,,,,
1779170400,2,False,,,,,,,,,,,,
1779170400,3,False,,,,,,,,,,,,
1779170400,4,False,,,,,,,,,,,,
1779170400,5,False,,,,,,,,,,,,
1779170400,6,False,,,,,,,,,,,,
1779170400,7,False,,,,,,,,,,,,
1779170400,8,False,,,,,,,,,,,,
1779170400,9,False,,,,,,,,,,,,
1779170400,10,False,,,,,,,,,,,,
1779174000,1,False,,,,,,,,,,,,
1779174000,2,False,,,,,,,,,,,,
1779174000,3,False,,,,,,,,,,,,
1779174000,4,False,,,,,,,,,,,,
1779174000,5,False,,,,,,,,,,,,
1779174000,6,False,,,,,,,,,,,,
1779174000,7,False,,,,,,,,,,,,
1779174000,8,False,,,,,,,,,,,,
1779174000,9,False,,,,,,,,,,,,
1779174000,10,False,,,,,,,,,,,,
1779177600,1,False,,,,,,,,,,,,
1779177600,2,False,,,,,,,,,,,,
1779177600,3,False,,,,,,,,,,,,
1779177600,4,False,,,,,,,,,,,,
1779177600,5,False,,,,,,,,,,,,
1779177600,6,False,,,,,,,,,,,,
1779177600,7,False,,,,,,,,,,,,
1779177600,8,False,,,,,,,,,,,,
1779177600,9,False,,,,,,,,,,,,
1779177600,10,False,,,,,,,,,,,,
1779181200,1,False,,,,,,,,,,,,
1779181200,2,False,,,,,,,,,,,,
1779181200,3,False,,,,,,,,,,,,
1779181200,4,False,,,,,,,,,,,,
1779181200,5,False,,,,,,,,,,,,
1779181200,6,False,,,,,,,,,,,,
1779181200,7,False,,,,,,,,,,,,
1779181200,8,False,,,,,,,,,,,,
1779181200,9,False,,,,,,,,,,,,
1779181200,10,False,,,,,,,,,,,,
1779184800,1,False,,,,,,,,,,,,
1779184800,2,False,,,,,,,,,,,,
1779184800,3,False,,,,,,,,,,,,
1779184800,4,False,,,,,,,,,,,,
1779184800,5,False,,,,,,,,,,,,
1779184800,6,False,,,,,,,,,,,,
1779184800,7,False,,,,,,,,,,,,
1779184800,8,False,,,,,,,,,,,,
1779184800,9,False,,,,,,,,,,,,
1779184800,10,False,,,,,,,,,,,,
1779188400,1,False,,,,,,,,,,,,
1779188400,2,False,,,,,,,,,,,,
1779188400,3,False,,,,,,,,,,,,
1779188400,4,False,,,,,,,,,,,,
1779188400,5,False,,,,,,,,,,,,
1779188400,6,False,,,,,,,,,,,,
1779188400,7,False,,,,,,,,,,,,
1779188400,8,False,,,,,,,,,,,,
1779188400,9,False,,,,,,,,,,,,
1779188400,10,False,,,,,,,,,,,,
1779192000,1,False,,,,,,,,,,,,
1779192000,2,False,,,,,,,,,,,,
1779192000,3,False,,,,,,,,,,,,
1779192000,4,False,,,,,,,,,,,,
1779192000,5,False,,,,,,,,,,,,
1779192000,6,False,,,,,,,,,,,,
1779192000,7,False,,,,,,,,,,,,
1779192000,8,False,,,,,,,,,,,,
1779192000,9,False,,,,,,,,,,,,
1779192000,10,False,,,,,,,,,,,,
1779195600,1,False,,,,,,,,,,,,
1779195600,2,False,,,,,,,,,,,,
1779195600,3,False,,,,,,,,,,,,
1779195600,4,False,,,,,,,,,,,,
1779195600,5,False,,,,,,,,,,,,
1779195600,6,False,,,,,,,,,,,,
1779195600,7,False,,,,,,,,,,,,
1779195600,8,False,,,,,,,,,,,,
1779195600,9,False,,,,,,,,,,,,
1779195600,10,False,,,,,,,,,,,,
1779199200,1,False,,,,,,,,,,,,
1779199200,2,False,,,,,,,,,,,,
1779199200,3,False,,,,,,,,,,,,
1779199200,4,False,,,,,,,,,,,,
1779199200,5,False,,,,,,,,,,,,
1779199200,6,False,,,,,,,,,,,,
1779199200,7,False,,,,,,,,,,,,
1779199200,8,False,,,,,,,,,,,,
1779199200,9,False,,,,,,,,,,,,
1779199200,10,False,,,,,,,,,,,,
1779202800,1,False,,,,,,,,,,,,
1779202800,2,False,,,,,,,,,,,,
1779202800,3,False,,,,,,,,,,,,
1779202800,4,False,,,,,,,,,,,,
1779202800,5,False,,,,,,,,,,,,
1779202800,6,False,,,,,,,,,,,,
1779202800,7,False,,,,,,,,,,,,
1779202800,8,False,,,,,,,,,,,,
1779202800,9,False,,,,,,,,,,,,
1779202800,10,False,,,,,,,,,,,,
1779206400,1,False,,,,,,,,,,,,
1779206400,2,False,,,,,,,,,,,,
1779206400,3,False,,,,,,,,,,,,
1779206400,4,False,,,,,,,,,,,,
1779206400,5,False,,,,,,,,,,,,
1779206400,6,False,,,,,,,,,,,,
1779206400,7,False,,,,,,,,,,,,
1779206400,8,False,,,,,,,,,,,,
1779206400,9,False,,,,,,,,,,,,
1779206400,10,False,,,,,,,,,,,,
1779210000,1,False,,,,,,,,,,,,
1779210000,2,False,,,,,,,,,,,,
1779210000,3,False,,,,,,,,,,,,
1779210000,4,False,,,,,,,,,,,,
1779210000,5,False,,,,,,,,,,,,
1779210000,6,False,,,,,,,,,,,,
1779210000,7,False,,,,,,,,,,,,
1779210000,8,False,,,,,,,,,,,,
1779210000,9,False,,,,,,,,,,,,
1779210000,10,False,,,,,,,,,,,,
1779213600,1,False,,,,,,,,,,,,
1779213600,2,False,,,,,,,,,,,,
1779213600,3,False,,,,,,,,,,,,
1779213600,4,False,,,,,,,,,,,,
1779213600,5,False,,,,,,,,,,,,
1779213600,6,False,,,,,,,,,,,,
1779213600,7,False,,,,,,,,,,,,
1779213600,8,False,,,,,,,,,,,,
1779213600,9,False,,,,,,,,,,,,
1779213600,10,False,,,,,,,,,,,,
1779217200,1,False,,,,,,,,,,,,
1779217200,2,True,up,0.98,0.8899999856948853,64.2300033569336,0.08314701352405547,empty_book,,0.0,0.0,0.0,True,0.0
1779217200,3,True,up,0.98,0.8899999856948853,64.2300033569336,0.08314701352405547,filled,0.9100000262260437,5.0,4.5500001311302185,0.028664992473125223,True,0.4213348763966563
1779217200,4,True,up,0.98,0.8899999856948853,91.70999908447266,0.08314701352405547,filled,0.8899999856948853,28.08988809194278,25.0,0.19250002503395083,True,2.897388066908828
1779217200,5,True,up,0.98,0.8899999856948853,103.80999755859375,0.08314701352405547,filled,0.8899999856948853,28.08988809194278,25.0,0.19250002503395083,True,2.897388066908828
1779217200,6,True,up,0.98,0.8899999856948853,142.5399932861328,0.08314701352405547,filled,0.8899999856948853,28.08988809194278,25.0,0.19250002503395083,True,2.897388066908828
1779217200,7,True,up,0.98,0.8899999856948853,142.5399932861328,0.08314701352405547,filled,0.8899999856948853,28.08988809194278,25.0,0.19250002503395083,True,2.897388066908828
1779217200,8,True,up,0.98,0.8899999856948853,154.63999938964844,0.08314701352405547,filled,0.8899999856948853,28.08988809194278,25.0,0.19250002503395083,True,2.897388066908828
1779217200,9,True,up,0.98,0.8899999856948853,176.0399932861328,0.08314701352405547,filled,0.8899999856948853,28.08988809194278,25.0,0.19250002503395083,True,2.897388066908828
1779217200,10,True,up,0.98,0.8899999856948853,176.0399932861328,0.08314701352405547,filled,0.8899999856948853,28.08988809194278,25.0,0.19250002503395083,True,2.897388066908828
1779220800,1,False,,,,,,,,,,,,
1779220800,2,False,,,,,,,,,,,,
1779220800,3,False,,,,,,,,,,,,
1779220800,4,False,,,,,,,,,,,,
1779220800,5,False,,,,,,,,,,,,
1779220800,6,False,,,,,,,,,,,,
1779220800,7,False,,,,,,,,,,,,
1779220800,8,False,,,,,,,,,,,,
1779220800,9,False,,,,,,,,,,,,
1779220800,10,False,,,,,,,,,,,,
1779224400,1,False,,,,,,,,,,,,
1779224400,2,False,,,,,,,,,,,,
1779224400,3,False,,,,,,,,,,,,
1779224400,4,False,,,,,,,,,,,,
1779224400,5,False,,,,,,,,,,,,
1779224400,6,False,,,,,,,,,,,,
1779224400,7,False,,,,,,,,,,,,
1779224400,8,False,,,,,,,,,,,,
1779224400,9,False,,,,,,,,,,,,
1779224400,10,False,,,,,,,,,,,,
1779228000,1,False,,,,,,,,,,,,
1779228000,2,False,,,,,,,,,,,,
1779228000,3,False,,,,,,,,,,,,
1779228000,4,False,,,,,,,,,,,,
1779228000,5,False,,,,,,,,,,,,
1779228000,6,False,,,,,,,,,,,,
1779228000,7,False,,,,,,,,,,,,
1779228000,8,False,,,,,,,,,,,,
1779228000,9,False,,,,,,,,,,,,
1779228000,10,False,,,,,,,,,,,,
1779231600,1,False,,,,,,,,,,,,
1779231600,2,False,,,,,,,,,,,,
1779231600,3,False,,,,,,,,,,,,
1779231600,4,False,,,,,,,,,,,,
1779231600,5,False,,,,,,,,,,,,
1779231600,6,False,,,,,,,,,,,,
1779231600,7,False,,,,,,,,,,,,
1779231600,8,False,,,,,,,,,,,,
1779231600,9,False,,,,,,,,,,,,
1779231600,10,False,,,,,,,,,,,,
1779235200,1,False,,,,,,,,,,,,
1779235200,2,False,,,,,,,,,,,,
1779235200,3,False,,,,,,,,,,,,
1779235200,4,False,,,,,,,,,,,,
1779235200,5,False,,,,,,,,,,,,
1779235200,6,False,,,,,,,,,,,,
1779235200,7,False,,,,,,,,,,,,
1779235200,8,False,,,,,,,,,,,,
1779235200,9,False,,,,,,,,,,,,
1779235200,10,False,,,,,,,,,,,,
1779238800,1,False,,,,,,,,,,,,
1779238800,2,False,,,,,,,,,,,,
1779238800,3,False,,,,,,,,,,,,
1779238800,4,False,,,,,,,,,,,,
1779238800,5,False,,,,,,,,,,,,
1779238800,6,False,,,,,,,,,,,,
1779238800,7,False,,,,,,,,,,,,
1779238800,8,False,,,,,,,,,,,,
1779238800,9,False,,,,,,,,,,,,
1779238800,10,False,,,,,,,,,,,,
1779242400,1,False,,,,,,,,,,,,
1779242400,2,False,,,,,,,,,,,,
1779242400,3,False,,,,,,,,,,,,
1779242400,4,False,,,,,,,,,,,,
1779242400,5,False,,,,,,,,,,,,
1779242400,6,False,,,,,,,,,,,,
1779242400,7,False,,,,,,,,,,,,
1779242400,8,False,,,,,,,,,,,,
1779242400,9,False,,,,,,,,,,,,
1779242400,10,False,,,,,,,,,,,,
1779246000,1,False,,,,,,,,,,,,
1779246000,2,False,,,,,,,,,,,,
1779246000,3,False,,,,,,,,,,,,
1779246000,4,False,,,,,,,,,,,,
1779246000,5,False,,,,,,,,,,,,
1779246000,6,False,,,,,,,,,,,,
1779246000,7,False,,,,,,,,,,,,
1779246000,8,False,,,,,,,,,,,,
1779246000,9,False,,,,,,,,,,,,
1779246000,10,False,,,,,,,,,,,,
1779249600,1,False,,,,,,,,,,,,
1779249600,2,False,,,,,,,,,,,,
1779249600,3,False,,,,,,,,,,,,
1779249600,4,False,,,,,,,,,,,,
1779249600,5,False,,,,,,,,,,,,
1779249600,6,False,,,,,,,,,,,,
1779249600,7,False,,,,,,,,,,,,
1779249600,8,False,,,,,,,,,,,,
1779249600,9,False,,,,,,,,,,,,
1779249600,10,False,,,,,,,,,,,,
1779253200,1,False,,,,,,,,,,,,
1779253200,2,False,,,,,,,,,,,,
1779253200,3,False,,,,,,,,,,,,
1779253200,4,False,,,,,,,,,,,,
1779253200,5,False,,,,,,,,,,,,
1779253200,6,False,,,,,,,,,,,,
1779253200,7,False,,,,,,,,,,,,
1779253200,8,False,,,,,,,,,,,,
1779253200,9,False,,,,,,,,,,,,
1779253200,10,False,,,,,,,,,,,,
1779256800,1,False,,,,,,,,,,,,
1779256800,2,False,,,,,,,,,,,,
1779256800,3,False,,,,,,,,,,,,
1779256800,4,False,,,,,,,,,,,,
1779256800,5,False,,,,,,,,,,,,
1779256800,6,False,,,,,,,,,,,,
1779256800,7,False,,,,,,,,,,,,
1779256800,8,False,,,,,,,,,,,,
1779256800,9,False,,,,,,,,,,,,
1779256800,10,False,,,,,,,,,,,,
1779260400,1,False,,,,,,,,,,,,
1779260400,2,False,,,,,,,,,,,,
1779260400,3,False,,,,,,,,,,,,
1779260400,4,False,,,,,,,,,,,,
1779260400,5,False,,,,,,,,,,,,
1779260400,6,False,,,,,,,,,,,,
1779260400,7,False,,,,,,,,,,,,
1779260400,8,False,,,,,,,,,,,,
1779260400,9,False,,,,,,,,,,,,
1779260400,10,False,,,,,,,,,,,,
1779264000,1,False,,,,,,,,,,,,
1779264000,2,False,,,,,,,,,,,,
1779264000,3,False,,,,,,,,,,,,
1779264000,4,False,,,,,,,,,,,,
1779264000,5,False,,,,,,,,,,,,
1779264000,6,False,,,,,,,,,,,,
1779264000,7,False,,,,,,,,,,,,
1779264000,8,False,,,,,,,,,,,,
1779264000,9,False,,,,,,,,,,,,
1779264000,10,False,,,,,,,,,,,,
1779267600,1,False,,,,,,,,,,,,
1779267600,2,False,,,,,,,,,,,,
1779267600,3,False,,,,,,,,,,,,
1779267600,4,False,,,,,,,,,,,,
1779267600,5,False,,,,,,,,,,,,
1779267600,6,False,,,,,,,,,,,,
1779267600,7,False,,,,,,,,,,,,
1779267600,8,False,,,,,,,,,,,,
1779267600,9,False,,,,,,,,,,,,
1779267600,10,False,,,,,,,,,,,,
1779271200,1,False,,,,,,,,,,,,
1779271200,2,False,,,,,,,,,,,,
1779271200,3,False,,,,,,,,,,,,
1779271200,4,False,,,,,,,,,,,,
1779271200,5,False,,,,,,,,,,,,
1779271200,6,False,,,,,,,,,,,,
1779271200,7,False,,,,,,,,,,,,
1779271200,8,False,,,,,,,,,,,,
1779271200,9,False,,,,,,,,,,,,
1779271200,10,False,,,,,,,,,,,,
1779274800,1,False,,,,,,,,,,,,
1779274800,2,False,,,,,,,,,,,,
1779274800,3,False,,,,,,,,,,,,
1779274800,4,False,,,,,,,,,,,,
1779274800,5,False,,,,,,,,,,,,
1779274800,6,False,,,,,,,,,,,,
1779274800,7,False,,,,,,,,,,,,
1779274800,8,False,,,,,,,,,,,,
1779274800,9,False,,,,,,,,,,,,
1779274800,10,False,,,,,,,,,,,,
1779278400,1,False,,,,,,,,,,,,
1779278400,2,False,,,,,,,,,,,,
1779278400,3,False,,,,,,,,,,,,
1779278400,4,False,,,,,,,,,,,,
1779278400,5,False,,,,,,,,,,,,
1779278400,6,False,,,,,,,,,,,,
1779278400,7,False,,,,,,,,,,,,
1779278400,8,False,,,,,,,,,,,,
1779278400,9,False,,,,,,,,,,,,
1779278400,10,False,,,,,,,,,,,,
1779282000,1,False,,,,,,,,,,,,
1779282000,2,False,,,,,,,,,,,,
1779282000,3,False,,,,,,,,,,,,
1779282000,4,False,,,,,,,,,,,,
1779282000,5,False,,,,,,,,,,,,
1779282000,6,False,,,,,,,,,,,,
1779282000,7,False,,,,,,,,,,,,
1779282000,8,False,,,,,,,,,,,,
1779282000,9,False,,,,,,,,,,,,
1779282000,10,False,,,,,,,,,,,,
1779285600,1,False,,,,,,,,,,,,
1779285600,2,False,,,,,,,,,,,,
1779285600,3,False,,,,,,,,,,,,
1779285600,4,False,,,,,,,,,,,,
1779285600,5,False,,,,,,,,,,,,
1779285600,6,False,,,,,,,,,,,,
1779285600,7,False,,,,,,,,,,,,
1779285600,8,False,,,,,,,,,,,,
1779285600,9,False,,,,,,,,,,,,
1779285600,10,False,,,,,,,,,,,,
1779289200,1,True,up,0.98,0.8299999833106995,18.1299991607666,0.14012301591825485,empty_book,,0.0,0.0,0.0,True,0.0
1779289200,2,True,up,0.98,0.8299999833106995,5.0,0.14012301591825485,filled,0.7599999904632568,12.970000267028809,9.857200079250333,0.1656009679117966,True,2.947199219866679
1779289200,3,True,up,0.9566571144472678,0.5099999904632568,3.940000057220459,0.4291641239706595,filled,0.8399999737739563,19.239999771118164,16.161599303150183,0.18100994186511876,True,2.8973905261028623
1779289200,4,True,up,0.9307468058786666,0.4699999988079071,28.030000686645508,0.44330980707576634,book_moved_no_edge,0.9200000166893005,0.0,0.0,0.0,True,0.0
1779289200,5,True,up,0.907171663908126,0.4699999988079071,45.0,0.41973466510522567,filled,0.4699999988079071,16.6200008392334,7.811400374627112,0.2898029545504999,True,8.518797510055785
1779289200,6,True,up,0.8812629003562706,0.4300000071525574,0.7200000286102295,0.4341058931336182,filled,0.4699999988079071,33.779998779296875,15.876599386000635,0.5890218385454703,True,17.31437755475077
1779289200,7,True,up,0.8627011792421646,0.4300000071525574,21.280000686645508,0.41554417201951216,filled,0.4699999988079071,45.0,21.14999994635582,0.7846649997746945,True,23.065335053869486
1779289200,8,True,up,0.8466033279987863,0.4699999988079071,50.91999816894531,0.35916632919588604,filled,0.4300000071525574,12.800000190734863,5.504000173568727,0.21960960416965483,True,7.076390412996481
1779289200,9,True,up,0.8208497088499648,0.47999998927116394,9.0,0.3233777196088416,filled,0.4699999988079071,43.790000915527344,20.581300378096103,0.763566245744803,True,22.44513429168644
1779289200,10,True,up,0.8079979918089186,0.47999998927116394,15.0,0.31052600256779544,filled,0.4699999988079071,45.0,21.14999994635582,0.7846649997746945,True,23.065335053869486
1779292800,1,False,,,,,,,,,,,,
1779292800,2,False,,,,,,,,,,,,
1779292800,3,False,,,,,,,,,,,,
1779292800,4,False,,,,,,,,,,,,
1779292800,5,False,,,,,,,,,,,,
1779292800,6,False,,,,,,,,,,,,
1779292800,7,False,,,,,,,,,,,,
1779292800,8,False,,,,,,,,,,,,
1779292800,9,False,,,,,,,,,,,,
1779292800,10,False,,,,,,,,,,,,
1779296400,1,False,,,,,,,,,,,,
1779296400,2,False,,,,,,,,,,,,
1779296400,3,False,,,,,,,,,,,,
1779296400,4,False,,,,,,,,,,,,
1779296400,5,False,,,,,,,,,,,,
1779296400,6,False,,,,,,,,,,,,
1779296400,7,False,,,,,,,,,,,,
1779296400,8,False,,,,,,,,,,,,
1779296400,9,False,,,,,,,,,,,,
1779296400,10,False,,,,,,,,,,,,
1779300000,1,False,,,,,,,,,,,,
1779300000,2,False,,,,,,,,,,,,
1779300000,3,False,,,,,,,,,,,,
1779300000,4,False,,,,,,,,,,,,
1779300000,5,False,,,,,,,,,,,,
1779300000,6,False,,,,,,,,,,,,
1779300000,7,False,,,,,,,,,,,,
1779300000,8,False,,,,,,,,,,,,
1779300000,9,False,,,,,,,,,,,,
1779300000,10,False,,,,,,,,,,,,
1779303600,1,False,,,,,,,,,,,,
1779303600,2,False,,,,,,,,,,,,
1779303600,3,False,,,,,,,,,,,,
1779303600,4,False,,,,,,,,,,,,
1779303600,5,False,,,,,,,,,,,,
1779303600,6,False,,,,,,,,,,,,
1779303600,7,False,,,,,,,,,,,,
1779303600,8,False,,,,,,,,,,,,
1779303600,9,False,,,,,,,,,,,,
1779303600,10,False,,,,,,,,,,,,
1779307200,1,False,,,,,,,,,,,,
1779307200,2,False,,,,,,,,,,,,
1779307200,3,False,,,,,,,,,,,,
1779307200,4,False,,,,,,,,,,,,
1779307200,5,False,,,,,,,,,,,,
1779307200,6,False,,,,,,,,,,,,
1779307200,7,False,,,,,,,,,,,,
1779307200,8,False,,,,,,,,,,,,
1779307200,9,False,,,,,,,,,,,,
1779307200,10,False,,,,,,,,,,,,
1779310800,1,False,,,,,,,,,,,,
1779310800,2,False,,,,,,,,,,,,
1779310800,3,False,,,,,,,,,,,,
1779310800,4,False,,,,,,,,,,,,
1779310800,5,False,,,,,,,,,,,,
1779310800,6,False,,,,,,,,,,,,
1779310800,7,False,,,,,,,,,,,,
1779310800,8,False,,,,,,,,,,,,
1779310800,9,False,,,,,,,,,,,,
1779310800,10,False,,,,,,,,,,,,
1779314400,1,True,up,0.98,0.8999999761581421,20.729999542236328,0.07370002250671388,empty_book,,0.0,0.0,0.0,True,0.0
1779314400,2,True,up,0.98,0.8999999761581421,20.729999542236328,0.07370002250671388,book_moved_no_edge,0.9300000071525574,0.0,0.0,0.0,True,0.0
1779314400,3,True,up,0.98,0.8999999761581421,63.400001525878906,0.07370002250671388,filled,0.8999999761581421,20.729999542236328,18.65699909377099,0.13059902479362345,True,1.9424014236717129
1779314400,4,True,up,0.98,0.7099999785423279,6.670000076293945,0.25558702082681656,filled,0.8999999761581421,26.729999542236328,24.056998950719844,0.16839903280448745,True,2.5046015587119963
1779314400,5,True,down,0.47135395351770526,0.38999998569488525,5.0,0.06470096804311878,book_moved_no_edge,0.13999998569488525,0.0,0.0,0.0,False,0.0
1779314400,6,True,down,0.47571184206497086,0.38999998569488525,7.0,0.06905885659038438,filled,0.3500000238418579,5.0,1.7500001192092896,0.0796250025033949,False,-1.8296251217126844
1779314400,7,True,down,0.47687130280010326,0.38999998569488525,7.0,0.07021831732551678,filled,0.38999998569488525,2.0,0.7799999713897705,0.03330599955940244,False,-0.8133059709491729
1779314400,8,True,down,0.4783630257133883,0.38999998569488525,7.0,0.07171004023880181,filled,0.38999998569488525,7.0,2.7299998998641968,0.11657099845790853,False,-2.8465708983221054
1779314400,9,True,down,0.47959935308278945,0.38999998569488525,7.0,0.07294636760820297,filled,0.38999998569488525,7.0,2.7299998998641968,0.11657099845790853,False,-2.8465708983221054
1779314400,10,True,down,0.48064540303218406,0.3799999952316284,5.0,0.08415340788066428,filled,0.38999998569488525,7.0,2.7299998998641968,0.11657099845790853,False,-2.8465708983221054
1779318000,1,False,,,,,,,,,,,,
1779318000,2,False,,,,,,,,,,,,
1779318000,3,False,,,,,,,,,,,,
1779318000,4,False,,,,,,,,,,,,
1779318000,5,False,,,,,,,,,,,,
1779318000,6,False,,,,,,,,,,,,
1779318000,7,False,,,,,,,,,,,,
1779318000,8,False,,,,,,,,,,,,
1779318000,9,False,,,,,,,,,,,,
1779318000,10,False,,,,,,,,,,,,
1779321600,1,False,,,,,,,,,,,,
1779321600,2,False,,,,,,,,,,,,
1779321600,3,False,,,,,,,,,,,,
1779321600,4,False,,,,,,,,,,,,
1779321600,5,False,,,,,,,,,,,,
1779321600,6,False,,,,,,,,,,,,
1779321600,7,False,,,,,,,,,,,,
1779321600,8,False,,,,,,,,,,,,
1779321600,9,False,,,,,,,,,,,,
1779321600,10,False,,,,,,,,,,,,
1779325200,1,False,,,,,,,,,,,,
1779325200,2,False,,,,,,,,,,,,
1779325200,3,False,,,,,,,,,,,,
1779325200,4,False,,,,,,,,,,,,
1779325200,5,False,,,,,,,,,,,,
1779325200,6,False,,,,,,,,,,,,
1779325200,7,False,,,,,,,,,,,,
1779325200,8,False,,,,,,,,,,,,
1779325200,9,False,,,,,,,,,,,,
1779325200,10,False,,,,,,,,,,,,
1779328800,1,False,,,,,,,,,,,,
1779328800,2,False,,,,,,,,,,,,
1779328800,3,False,,,,,,,,,,,,
1779328800,4,False,,,,,,,,,,,,
1779328800,5,False,,,,,,,,,,,,
1779328800,6,False,,,,,,,,,,,,
1779328800,7,False,,,,,,,,,,,,
1779328800,8,False,,,,,,,,,,,,
1779328800,9,False,,,,,,,,,,,,
1779328800,10,False,,,,,,,,,,,,
1779332400,1,False,,,,,,,,,,,,
1779332400,2,False,,,,,,,,,,,,
1779332400,3,False,,,,,,,,,,,,
1779332400,4,False,,,,,,,,,,,,
1779332400,5,False,,,,,,,,,,,,
1779332400,6,False,,,,,,,,,,,,
1779332400,7,False,,,,,,,,,,,,
1779332400,8,False,,,,,,,,,,,,
1779332400,9,False,,,,,,,,,,,,
1779332400,10,False,,,,,,,,,,,,
1779336000,1,False,,,,,,,,,,,,
1779336000,2,False,,,,,,,,,,,,
1779336000,3,False,,,,,,,,,,,,
1779336000,4,False,,,,,,,,,,,,
1779336000,5,False,,,,,,,,,,,,
1779336000,6,False,,,,,,,,,,,,
1779336000,7,False,,,,,,,,,,,,
1779336000,8,False,,,,,,,,,,,,
1779336000,9,False,,,,,,,,,,,,
1779336000,10,False,,,,,,,,,,,,
1779339600,1,False,,,,,,,,,,,,
1779339600,2,False,,,,,,,,,,,,
1779339600,3,False,,,,,,,,,,,,
1779339600,4,False,,,,,,,,,,,,
1779339600,5,False,,,,,,,,,,,,
1779339600,6,False,,,,,,,,,,,,
1779339600,7,False,,,,,,,,,,,,
1779339600,8,False,,,,,,,,,,,,
1779339600,9,False,,,,,,,,,,,,
1779339600,10,False,,,,,,,,,,,,
1779343200,1,False,,,,,,,,,,,,
1779343200,2,False,,,,,,,,,,,,
1779343200,3,False,,,,,,,,,,,,
1779343200,4,False,,,,,,,,,,,,
1779343200,5,False,,,,,,,,,,,,
1779343200,6,False,,,,,,,,,,,,
1779343200,7,False,,,,,,,,,,,,
1779343200,8,False,,,,,,,,,,,,
1779343200,9,False,,,,,,,,,,,,
1779343200,10,False,,,,,,,,,,,,
1779346800,1,False,,,,,,,,,,,,
1779346800,2,False,,,,,,,,,,,,
1779346800,3,False,,,,,,,,,,,,
1779346800,4,False,,,,,,,,,,,,
1779346800,5,False,,,,,,,,,,,,
1779346800,6,False,,,,,,,,,,,,
1779346800,7,False,,,,,,,,,,,,
1779346800,8,False,,,,,,,,,,,,
1779346800,9,False,,,,,,,,,,,,
1779346800,10,False,,,,,,,,,,,,
1779350400,1,False,,,,,,,,,,,,
1779350400,2,False,,,,,,,,,,,,
1779350400,3,False,,,,,,,,,,,,
1779350400,4,False,,,,,,,,,,,,
1779350400,5,False,,,,,,,,,,,,
1779350400,6,False,,,,,,,,,,,,
1779350400,7,False,,,,,,,,,,,,
1779350400,8,False,,,,,,,,,,,,
1779350400,9,False,,,,,,,,,,,,
1779350400,10,False,,,,,,,,,,,,
1779354000,1,False,,,,,,,,,,,,
1779354000,2,False,,,,,,,,,,,,
1779354000,3,False,,,,,,,,,,,,
1779354000,4,False,,,,,,,,,,,,
1779354000,5,False,,,,,,,,,,,,
1779354000,6,False,,,,,,,,,,,,
1779354000,7,False,,,,,,,,,,,,
1779354000,8,False,,,,,,,,,,,,
1779354000,9,False,,,,,,,,,,,,
1779354000,10,False,,,,,,,,,,,,
1779357600,1,False,,,,,,,,,,,,
1779357600,2,False,,,,,,,,,,,,
1779357600,3,False,,,,,,,,,,,,
1779357600,4,False,,,,,,,,,,,,
1779357600,5,False,,,,,,,,,,,,
1779357600,6,False,,,,,,,,,,,,
1779357600,7,False,,,,,,,,,,,,
1779357600,8,False,,,,,,,,,,,,
1779357600,9,False,,,,,,,,,,,,
1779357600,10,False,,,,,,,,,,,,
1779361200,1,True,down,0.98,0.6500000059604645,3.4600000381469727,0.31407499416470525,empty_book,,0.0,0.0,0.0,True,0.0
1779361200,2,True,down,0.98,0.6500000059604645,3.4600000381469727,0.31407499416470525,filled,0.6599999964237213,27.0,17.819999903440475,0.42411600216293344,True,8.755884094396592
1779361200,3,True,down,0.98,0.6200000047683716,100.30999755859375,0.34350799531173704,filled,0.6500000059604645,3.4600000381469727,2.2490000454187395,0.05510050017440318,True,1.15589949255383
1779361200,4,True,down,0.968728530163259,0.6100000143051147,36.720001220703125,0.34207551607844305,filled,0.6599999964237213,37.878788084038035,25.0,0.5950000062584878,True,12.283788077779548
1779361200,5,True,down,0.9519390727358832,0.5999999940395355,15.9399995803833,0.33513907861290115,filled,0.6100000143051147,16.34000015258789,9.96740032682419,0.272110018941364,True,6.1004898068223365
1779361200,6,True,down,0.9358282531557902,0.5999999940395355,15.9399995803833,0.3190282590328082,filled,0.5999999940395355,15.9399995803833,9.56399965322018,0.26779199428057665,True,6.108207932882545
1779361200,7,True,down,0.9204140917367161,0.5699999928474426,316.9700012207031,0.33325709881917837,filled,0.5999999940395355,15.9399995803833,9.56399965322018,0.26779199428057665,True,6.108207932882545
1779361200,8,True,down,0.9058242297016124,0.5699999928474426,324.8599853515625,0.31866723678407466,filled,0.5800000131130219,43.103447301350954,25.0,0.7349999770522119,True,17.368447324298742
1779361200,9,True,down,0.8925561341745896,0.5699999928474426,324.8599853515625,0.30539914125705186,filled,0.5699999928474426,43.85964967317309,25.0,0.7525000125169755,True,18.107149660656113
1779361200,10,True,down,0.88032103805861,0.5699999928474426,500.8500061035156,0.29316404514107225,filled,0.5699999928474426,43.85964967317309,25.0,0.7525000125169755,True,18.107149660656113
1779364800,1,False,,,,,,,,,,,,
1779364800,2,False,,,,,,,,,,,,
1779364800,3,False,,,,,,,,,,,,
1779364800,4,False,,,,,,,,,,,,
1779364800,5,False,,,,,,,,,,,,
1779364800,6,False,,,,,,,,,,,,
1779364800,7,False,,,,,,,,,,,,
1779364800,8,False,,,,,,,,,,,,
1779364800,9,False,,,,,,,,,,,,
1779364800,10,False,,,,,,,,,,,,
1779368400,1,False,,,,,,,,,,,,
1779368400,2,False,,,,,,,,,,,,
1779368400,3,False,,,,,,,,,,,,
1779368400,4,False,,,,,,,,,,,,
1779368400,5,False,,,,,,,,,,,,
1779368400,6,False,,,,,,,,,,,,
1779368400,7,False,,,,,,,,,,,,
1779368400,8,False,,,,,,,,,,,,
1779368400,9,False,,,,,,,,,,,,
1779368400,10,False,,,,,,,,,,,,
1779372000,1,False,,,,,,,,,,,,
1779372000,2,False,,,,,,,,,,,,
1779372000,3,False,,,,,,,,,,,,
1779372000,4,False,,,,,,,,,,,,
1779372000,5,False,,,,,,,,,,,,
1779372000,6,False,,,,,,,,,,,,
1779372000,7,False,,,,,,,,,,,,
1779372000,8,False,,,,,,,,,,,,
1779372000,9,False,,,,,,,,,,,,
1779372000,10,False,,,,,,,,,,,,
1779375600,1,False,,,,,,,,,,,,
1779375600,2,False,,,,,,,,,,,,
1779375600,3,False,,,,,,,,,,,,
1779375600,4,False,,,,,,,,,,,,
1779375600,5,False,,,,,,,,,,,,
1779375600,6,False,,,,,,,,,,,,
1779375600,7,False,,,,,,,,,,,,
1779375600,8,False,,,,,,,,,,,,
1779375600,9,False,,,,,,,,,,,,
1779375600,10,False,,,,,,,,,,,,
1779379200,1,False,,,,,,,,,,,,
1779379200,2,False,,,,,,,,,,,,
1779379200,3,False,,,,,,,,,,,,
1779379200,4,False,,,,,,,,,,,,
1779379200,5,False,,,,,,,,,,,,
1779379200,6,False,,,,,,,,,,,,
1779379200,7,False,,,,,,,,,,,,
1779379200,8,False,,,,,,,,,,,,
1779379200,9,False,,,,,,,,,,,,
1779379200,10,False,,,,,,,,,,,,
1779382800,1,False,,,,,,,,,,,,
1779382800,2,False,,,,,,,,,,,,
1779382800,3,False,,,,,,,,,,,,
1779382800,4,False,,,,,,,,,,,,
1779382800,5,False,,,,,,,,,,,,
1779382800,6,False,,,,,,,,,,,,
1779382800,7,False,,,,,,,,,,,,
1779382800,8,False,,,,,,,,,,,,
1779382800,9,False,,,,,,,,,,,,
1779382800,10,False,,,,,,,,,,,,
1779386400,1,False,,,,,,,,,,,,
1779386400,2,False,,,,,,,,,,,,
1779386400,3,False,,,,,,,,,,,,
1779386400,4,False,,,,,,,,,,,,
1779386400,5,False,,,,,,,,,,,,
1779386400,6,False,,,,,,,,,,,,
1779386400,7,False,,,,,,,,,,,,
1779386400,8,False,,,,,,,,,,,,
1779386400,9,False,,,,,,,,,,,,
1779386400,10,False,,,,,,,,,,,,
1779390000,1,False,,,,,,,,,,,,
1779390000,2,False,,,,,,,,,,,,
1779390000,3,False,,,,,,,,,,,,
1779390000,4,False,,,,,,,,,,,,
1779390000,5,False,,,,,,,,,,,,
1779390000,6,False,,,,,,,,,,,,
1779390000,7,False,,,,,,,,,,,,
1779390000,8,False,,,,,,,,,,,,
1779390000,9,False,,,,,,,,,,,,
1779390000,10,False,,,,,,,,,,,,
1779393600,1,False,,,,,,,,,,,,
1779393600,2,False,,,,,,,,,,,,
1779393600,3,False,,,,,,,,,,,,
1779393600,4,False,,,,,,,,,,,,
1779393600,5,False,,,,,,,,,,,,
1779393600,6,False,,,,,,,,,,,,
1779393600,7,False,,,,,,,,,,,,
1779393600,8,False,,,,,,,,,,,,
1779393600,9,False,,,,,,,,,,,,
1779393600,10,False,,,,,,,,,,,,
1779397200,1,False,,,,,,,,,,,,
1779397200,2,False,,,,,,,,,,,,
1779397200,3,False,,,,,,,,,,,,
1779397200,4,False,,,,,,,,,,,,
1779397200,5,False,,,,,,,,,,,,
1779397200,6,False,,,,,,,,,,,,
1779397200,7,False,,,,,,,,,,,,
1779397200,8,False,,,,,,,,,,,,
1779397200,9,False,,,,,,,,,,,,
1779397200,10,False,,,,,,,,,,,,
1779400800,1,False,,,,,,,,,,,,
1779400800,2,False,,,,,,,,,,,,
1779400800,3,False,,,,,,,,,,,,
1779400800,4,False,,,,,,,,,,,,
1779400800,5,False,,,,,,,,,,,,
1779400800,6,False,,,,,,,,,,,,
1779400800,7,False,,,,,,,,,,,,
1779400800,8,False,,,,,,,,,,,,
1779400800,9,False,,,,,,,,,,,,
1779400800,10,False,,,,,,,,,,,,
1779404400,1,True,down,0.98,0.8999999985098839,32.540000915527344,0.0737000014066696,book_moved_no_edge,0.9900000002235174,0.0,0.0,0.0,True,0.0
1779404400,2,True,down,0.9759729107241996,0.7800000011920929,27.850000381469727,0.1839609095788367,book_moved_no_edge,0.9700000006705523,0.0,0.0,0.0,True,0.0
1779404400,3,False,,,,,,,,,,,,
1779404400,4,True,down,0.9189241883726801,0.7100000083446503,5.0,0.19451118027336253,filled,0.7900000065565109,31.64556935761453,25.0,0.3674999885261059,True,6.278069369088424
1779404400,5,True,down,0.8945865964813886,0.4300000071525574,10.0,0.44742958925873616,book_moved_no_edge,0.9800000004470348,0.0,0.0,0.0,True,0.0
1779404400,6,True,down,0.8731393968372304,0.4100000262260437,5.0,0.4462063702807386,filled,0.4700000286102295,5.0,2.3500001430511475,0.08718500060081455,True,2.562814856348038
1779404400,7,True,down,0.9039322088551589,0.699999988079071,10.579999923706055,0.18923222044230187,filled,0.4100000262260437,5.0,2.0500001311302185,0.08466500165224052,True,2.865334867217541
1779404400,8,True,down,0.8887768918700976,0.6899999976158142,5.0,0.18380389419086401,filled,0.7100000083446503,5.0,3.5500000417232513,0.0720649987733364,True,1.3779349595034123
1779404400,9,True,down,0.8749843661468428,0.550000011920929,5.0,0.30765935430936037,filled,0.7100000083446503,5.0,3.5500000417232513,0.0720649987733364,True,1.3779349595034123
1779404400,10,True,down,0.8624175369556858,0.4100000262260437,5.0,0.435484510399194,filled,0.6800000071525574,36.76470549564461,25.000000000000004,0.5599999874830247,True,11.204705508161585
1779408000,1,False,,,,,,,,,,,,
1779408000,2,False,,,,,,,,,,,,
1779408000,3,False,,,,,,,,,,,,
1779408000,4,False,,,,,,,,,,,,
1779408000,5,False,,,,,,,,,,,,
1779408000,6,False,,,,,,,,,,,,
1779408000,7,False,,,,,,,,,,,,
1779408000,8,False,,,,,,,,,,,,
1779408000,9,False,,,,,,,,,,,,
1779408000,10,False,,,,,,,,,,,,
1779411600,1,False,,,,,,,,,,,,
1779411600,2,False,,,,,,,,,,,,
1779411600,3,False,,,,,,,,,,,,
1779411600,4,False,,,,,,,,,,,,
1779411600,5,False,,,,,,,,,,,,
1779411600,6,False,,,,,,,,,,,,
1779411600,7,False,,,,,,,,,,,,
1779411600,8,False,,,,,,,,,,,,
1779411600,9,False,,,,,,,,,,,,
1779411600,10,False,,,,,,,,,,,,
1779415200,1,False,,,,,,,,,,,,
1779415200,2,False,,,,,,,,,,,,
1779415200,3,False,,,,,,,,,,,,
1779415200,4,False,,,,,,,,,,,,
1779415200,5,False,,,,,,,,,,,,
1779415200,6,False,,,,,,,,,,,,
1779415200,7,False,,,,,,,,,,,,
1779415200,8,False,,,,,,,,,,,,
1779415200,9,False,,,,,,,,,,,,
1779415200,10,False,,,,,,,,,,,,
1779418800,1,False,,,,,,,,,,,,
1779418800,2,False,,,,,,,,,,,,
1779418800,3,False,,,,,,,,,,,,
1779418800,4,False,,,,,,,,,,,,
1779418800,5,False,,,,,,,,,,,,
1779418800,6,False,,,,,,,,,,,,
1779418800,7,False,,,,,,,,,,,,
1779418800,8,False,,,,,,,,,,,,
1779418800,9,False,,,,,,,,,,,,
1779418800,10,False,,,,,,,,,,,,
1779422400,1,False,,,,,,,,,,,,
1779422400,2,False,,,,,,,,,,,,
1779422400,3,False,,,,,,,,,,,,
1779422400,4,False,,,,,,,,,,,,
1779422400,5,False,,,,,,,,,,,,
1779422400,6,False,,,,,,,,,,,,
1779422400,7,False,,,,,,,,,,,,
1779422400,8,False,,,,,,,,,,,,
1779422400,9,False,,,,,,,,,,,,
1779422400,10,False,,,,,,,,,,,,
1779426000,1,False,,,,,,,,,,,,
1779426000,2,False,,,,,,,,,,,,
1779426000,3,False,,,,,,,,,,,,
1779426000,4,False,,,,,,,,,,,,
1779426000,5,False,,,,,,,,,,,,
1779426000,6,False,,,,,,,,,,,,
1779426000,7,False,,,,,,,,,,,,
1779426000,8,False,,,,,,,,,,,,
1779426000,9,False,,,,,,,,,,,,
1779426000,10,False,,,,,,,,,,,,
1779429600,1,False,,,,,,,,,,,,
1779429600,2,False,,,,,,,,,,,,
1779429600,3,False,,,,,,,,,,,,
1779429600,4,False,,,,,,,,,,,,
1779429600,5,False,,,,,,,,,,,,
1779429600,6,False,,,,,,,,,,,,
1779429600,7,False,,,,,,,,,,,,
1779429600,8,False,,,,,,,,,,,,
1779429600,9,False,,,,,,,,,,,,
1779429600,10,False,,,,,,,,,,,,
1779433200,1,False,,,,,,,,,,,,
1779433200,2,False,,,,,,,,,,,,
1779433200,3,False,,,,,,,,,,,,
1779433200,4,False,,,,,,,,,,,,
1779433200,5,False,,,,,,,,,,,,
1779433200,6,False,,,,,,,,,,,,
1779433200,7,False,,,,,,,,,,,,
1779433200,8,False,,,,,,,,,,,,
1779433200,9,False,,,,,,,,,,,,
1779433200,10,False,,,,,,,,,,,,
1779436800,1,False,,,,,,,,,,,,
1779436800,2,False,,,,,,,,,,,,
1779436800,3,False,,,,,,,,,,,,
1779436800,4,False,,,,,,,,,,,,
1779436800,5,False,,,,,,,,,,,,
1779436800,6,False,,,,,,,,,,,,
1779436800,7,False,,,,,,,,,,,,
1779436800,8,False,,,,,,,,,,,,
1779436800,9,False,,,,,,,,,,,,
1779436800,10,False,,,,,,,,,,,,
1779440400,1,False,,,,,,,,,,,,
1779440400,2,False,,,,,,,,,,,,
1779440400,3,False,,,,,,,,,,,,
1779440400,4,False,,,,,,,,,,,,
1779440400,5,False,,,,,,,,,,,,
1779440400,6,False,,,,,,,,,,,,
1779440400,7,False,,,,,,,,,,,,
1779440400,8,False,,,,,,,,,,,,
1779440400,9,False,,,,,,,,,,,,
1779440400,10,False,,,,,,,,,,,,
1779444000,1,False,,,,,,,,,,,,
1779444000,2,False,,,,,,,,,,,,
1779444000,3,False,,,,,,,,,,,,
1779444000,4,False,,,,,,,,,,,,
1779444000,5,False,,,,,,,,,,,,
1779444000,6,False,,,,,,,,,,,,
1779444000,7,False,,,,,,,,,,,,
1779444000,8,False,,,,,,,,,,,,
1779444000,9,False,,,,,,,,,,,,
1779444000,10,False,,,,,,,,,,,,
1779447600,1,False,,,,,,,,,,,,
1779447600,2,False,,,,,,,,,,,,
1779447600,3,False,,,,,,,,,,,,
1779447600,4,False,,,,,,,,,,,,
1779447600,5,False,,,,,,,,,,,,
1779447600,6,False,,,,,,,,,,,,
1779447600,7,False,,,,,,,,,,,,
1779447600,8,False,,,,,,,,,,,,
1779447600,9,False,,,,,,,,,,,,
1779447600,10,False,,,,,,,,,,,,
1779451200,1,False,,,,,,,,,,,,
1779451200,2,False,,,,,,,,,,,,
1779451200,3,False,,,,,,,,,,,,
1779451200,4,False,,,,,,,,,,,,
1779451200,5,False,,,,,,,,,,,,
1779451200,6,False,,,,,,,,,,,,
1779451200,7,False,,,,,,,,,,,,
1779451200,8,False,,,,,,,,,,,,
1779451200,9,False,,,,,,,,,,,,
1779451200,10,False,,,,,,,,,,,,
1779454800,1,False,,,,,,,,,,,,
1779454800,2,False,,,,,,,,,,,,
1779454800,3,False,,,,,,,,,,,,
1779454800,4,False,,,,,,,,,,,,
1779454800,5,False,,,,,,,,,,,,
1779454800,6,False,,,,,,,,,,,,
1779454800,7,False,,,,,,,,,,,,
1779454800,8,False,,,,,,,,,,,,
1779454800,9,False,,,,,,,,,,,,
1779454800,10,False,,,,,,,,,,,,
1779458400,1,False,,,,,,,,,,,,
1779458400,2,False,,,,,,,,,,,,
1779458400,3,False,,,,,,,,,,,,
1779458400,4,False,,,,,,,,,,,,
1779458400,5,False,,,,,,,,,,,,
1779458400,6,False,,,,,,,,,,,,
1779458400,7,False,,,,,,,,,,,,
1779458400,8,False,,,,,,,,,,,,
1779458400,9,False,,,,,,,,,,,,
1779458400,10,False,,,,,,,,,,,,
1779462000,1,False,,,,,,,,,,,,
1779462000,2,False,,,,,,,,,,,,
1779462000,3,False,,,,,,,,,,,,
1779462000,4,False,,,,,,,,,,,,
1779462000,5,False,,,,,,,,,,,,
1779462000,6,False,,,,,,,,,,,,
1779462000,7,True,up,0.98,0.8999999761581421,17.93000030517578,0.07370002250671388,book_moved_no_edge,0.949999988079071,0.0,0.0,0.0,True,0.0
1779462000,8,True,up,0.98,0.8999999761581421,73.48999786376953,0.07370002250671388,filled,0.8999999761581421,12.930000305175781,11.636999966382973,0.08145901918601979,True,1.2115413196067883
1779462000,9,True,up,0.98,0.8999999761581421,75.54000091552734,0.07370002250671388,filled,0.8999999761581421,27.77777851363761,25.0,0.17500004172325134,True,2.602778471914359
1779462000,10,True,up,0.9793749514511404,0.8999999761581421,90.63999938964844,0.0730749739578543,filled,0.8999999761581421,27.77777851363761,25.0,0.17500004172325134,True,2.602778471914359
1779465600,1,False,,,,,,,,,,,,
1779465600,2,False,,,,,,,,,,,,
1779465600,3,False,,,,,,,,,,,,
1779465600,4,False,,,,,,,,,,,,
1779465600,5,False,,,,,,,,,,,,
1779465600,6,False,,,,,,,,,,,,
1779465600,7,False,,,,,,,,,,,,
1779465600,8,False,,,,,,,,,,,,
1779465600,9,False,,,,,,,,,,,,
1779465600,10,False,,,,,,,,,,,,
1779469200,1,False,,,,,,,,,,,,
1779469200,2,False,,,,,,,,,,,,
1779469200,3,False,,,,,,,,,,,,
1779469200,4,False,,,,,,,,,,,,
1779469200,5,False,,,,,,,,,,,,
1779469200,6,False,,,,,,,,,,,,
1779469200,7,False,,,,,,,,,,,,
1779469200,8,False,,,,,,,,,,,,
1779469200,9,False,,,,,,,,,,,,
1779469200,10,False,,,,,,,,,,,,
1779472800,1,False,,,,,,,,,,,,
1779472800,2,False,,,,,,,,,,,,
1779472800,3,False,,,,,,,,,,,,
1779472800,4,False,,,,,,,,,,,,
1779472800,5,False,,,,,,,,,,,,
1779472800,6,False,,,,,,,,,,,,
1779472800,7,False,,,,,,,,,,,,
1779472800,8,False,,,,,,,,,,,,
1779472800,9,False,,,,,,,,,,,,
1779472800,10,False,,,,,,,,,,,,
1779476400,1,False,,,,,,,,,,,,
1779476400,2,False,,,,,,,,,,,,
1779476400,3,False,,,,,,,,,,,,
1779476400,4,False,,,,,,,,,,,,
1779476400,5,False,,,,,,,,,,,,
1779476400,6,False,,,,,,,,,,,,
1779476400,7,False,,,,,,,,,,,,
1779476400,8,False,,,,,,,,,,,,
1779476400,9,False,,,,,,,,,,,,
1779476400,10,False,,,,,,,,,,,,
1779480000,1,False,,,,,,,,,,,,
1779480000,2,False,,,,,,,,,,,,
1779480000,3,False,,,,,,,,,,,,
1779480000,4,False,,,,,,,,,,,,
1779480000,5,False,,,,,,,,,,,,
1779480000,6,False,,,,,,,,,,,,
1779480000,7,False,,,,,,,,,,,,
1779480000,8,False,,,,,,,,,,,,
1779480000,9,False,,,,,,,,,,,,
1779480000,10,False,,,,,,,,,,,,
1779483600,1,True,down,0.98,0.699999988079071,4.150000095367432,0.26530001158714295,empty_book,,0.0,0.0,0.0,True,0.0
1779483600,2,True,down,0.98,0.6899999976158142,8.430000305175781,0.27502700232076643,filled,0.699999988079071,4.150000095367432,2.905000017285346,0.06100500278711318,True,1.1839950752949726
1779483600,3,True,down,0.98,0.6800000071525574,77.26000213623047,0.28476799302768707,filled,0.6899999976158142,28.43000030517578,19.616700142788886,0.4256823963724089,True,8.387617766014486
1779483600,4,True,down,0.98,0.6800000071525574,132.27999877929688,0.28476799302768707,filled,0.6800000071525574,17.75,12.070000126957893,0.27036799680066104,True,5.409631876241446
1779483600,5,True,down,0.98,0.6800000071525574,234.5500030517578,0.28476799302768707,filled,0.6800000071525574,36.76470549564461,25.000000000000004,0.5599999874830247,True,11.204705508161585
1779483600,6,True,down,0.98,0.6800000071525574,244.66000366210938,0.28476799302768707,filled,0.6800000071525574,36.76470549564461,25.000000000000004,0.5599999874830247,True,11.204705508161585
1779483600,7,True,down,0.98,0.6800000071525574,258.6600036621094,0.28476799302768707,filled,0.6800000071525574,36.76470549564461,25.000000000000004,0.5599999874830247,True,11.204705508161585
1779483600,8,True,down,0.98,0.6800000071525574,505.7200012207031,0.28476799302768707,filled,0.6800000071525574,36.76470549564461,25.000000000000004,0.5599999874830247,True,11.204705508161585
1779483600,9,True,down,0.98,0.6800000071525574,570.219970703125,0.28476799302768707,filled,0.6800000071525574,36.76470549564461,25.000000000000004,0.5599999874830247,True,11.204705508161585
1779483600,10,True,down,0.98,0.6800000071525574,634.3200073242188,0.28476799302768707,filled,0.6800000071525574,36.76470549564461,25.000000000000004,0.5599999874830247,True,11.204705508161585
1779487200,1,False,,,,,,,,,,,,
1779487200,2,False,,,,,,,,,,,,
1779487200,3,False,,,,,,,,,,,,
1779487200,4,False,,,,,,,,,,,,
1779487200,5,False,,,,,,,,,,,,
1779487200,6,False,,,,,,,,,,,,
1779487200,7,False,,,,,,,,,,,,
1779487200,8,False,,,,,,,,,,,,
1779487200,9,False,,,,,,,,,,,,
1779487200,10,False,,,,,,,,,,,,
1779490800,1,False,,,,,,,,,,,,
1779490800,2,False,,,,,,,,,,,,
1779490800,3,False,,,,,,,,,,,,
1779490800,4,False,,,,,,,,,,,,
1779490800,5,False,,,,,,,,,,,,
1779490800,6,False,,,,,,,,,,,,
1779490800,7,False,,,,,,,,,,,,
1779490800,8,False,,,,,,,,,,,,
1779490800,9,False,,,,,,,,,,,,
1779490800,10,False,,,,,,,,,,,,
1779494400,1,False,,,,,,,,,,,,
1779494400,2,False,,,,,,,,,,,,
1779494400,3,False,,,,,,,,,,,,
1779494400,4,False,,,,,,,,,,,,
1779494400,5,False,,,,,,,,,,,,
1779494400,6,False,,,,,,,,,,,,
1779494400,7,False,,,,,,,,,,,,
1779494400,8,False,,,,,,,,,,,,
1779494400,9,False,,,,,,,,,,,,
1779494400,10,False,,,,,,,,,,,,
1779498000,1,False,,,,,,,,,,,,
1779498000,2,False,,,,,,,,,,,,
1779498000,3,False,,,,,,,,,,,,
1779498000,4,False,,,,,,,,,,,,
1779498000,5,False,,,,,,,,,,,,
1779498000,6,False,,,,,,,,,,,,
1779498000,7,False,,,,,,,,,,,,
1779498000,8,False,,,,,,,,,,,,
1779498000,9,False,,,,,,,,,,,,
1779498000,10,False,,,,,,,,,,,,
1779501600,1,False,,,,,,,,,,,,
1779501600,2,False,,,,,,,,,,,,
1779501600,3,False,,,,,,,,,,,,
1779501600,4,False,,,,,,,,,,,,
1779501600,5,False,,,,,,,,,,,,
1779501600,6,False,,,,,,,,,,,,
1779501600,7,False,,,,,,,,,,,,
1779501600,8,False,,,,,,,,,,,,
1779501600,9,False,,,,,,,,,,,,
1779501600,10,False,,,,,,,,,,,,
1779505200,1,False,,,,,,,,,,,,
1779505200,2,False,,,,,,,,,,,,
1779505200,3,False,,,,,,,,,,,,
1779505200,4,False,,,,,,,,,,,,
1779505200,5,False,,,,,,,,,,,,
1779505200,6,False,,,,,,,,,,,,
1779505200,7,False,,,,,,,,,,,,
1779505200,8,False,,,,,,,,,,,,
1779505200,9,False,,,,,,,,,,,,
1779505200,10,False,,,,,,,,,,,,
1779508800,1,False,,,,,,,,,,,,
1779508800,2,False,,,,,,,,,,,,
1779508800,3,False,,,,,,,,,,,,
1779508800,4,False,,,,,,,,,,,,
1779508800,5,False,,,,,,,,,,,,
1779508800,6,False,,,,,,,,,,,,
1779508800,7,False,,,,,,,,,,,,
1779508800,8,False,,,,,,,,,,,,
1779508800,9,False,,,,,,,,,,,,
1779508800,10,False,,,,,,,,,,,,
1779512400,1,False,,,,,,,,,,,,
1779512400,2,False,,,,,,,,,,,,
1779512400,3,False,,,,,,,,,,,,
1779512400,4,False,,,,,,,,,,,,
1779512400,5,False,,,,,,,,,,,,
1779512400,6,False,,,,,,,,,,,,
1779512400,7,False,,,,,,,,,,,,
1779512400,8,False,,,,,,,,,,,,
1779512400,9,False,,,,,,,,,,,,
1779512400,10,False,,,,,,,,,,,,
1779516000,1,False,,,,,,,,,,,,
1779516000,2,False,,,,,,,,,,,,
1779516000,3,False,,,,,,,,,,,,
1779516000,4,False,,,,,,,,,,,,
1779516000,5,False,,,,,,,,,,,,
1779516000,6,False,,,,,,,,,,,,
1779516000,7,False,,,,,,,,,,,,
1779516000,8,False,,,,,,,,,,,,
1779516000,9,False,,,,,,,,,,,,
1779516000,10,False,,,,,,,,,,,,
1779519600,1,False,,,,,,,,,,,,
1779519600,2,False,,,,,,,,,,,,
1779519600,3,False,,,,,,,,,,,,
1779519600,4,False,,,,,,,,,,,,
1779519600,5,False,,,,,,,,,,,,
1779519600,6,False,,,,,,,,,,,,
1779519600,7,False,,,,,,,,,,,,
1779519600,8,False,,,,,,,,,,,,
1779519600,9,False,,,,,,,,,,,,
1779519600,10,False,,,,,,,,,,,,
1779523200,1,False,,,,,,,,,,,,
1779523200,2,False,,,,,,,,,,,,
1779523200,3,False,,,,,,,,,,,,
1779523200,4,False,,,,,,,,,,,,
1779523200,5,False,,,,,,,,,,,,
1779523200,6,False,,,,,,,,,,,,
1779523200,7,False,,,,,,,,,,,,
1779523200,8,False,,,,,,,,,,,,
1779523200,9,False,,,,,,,,,,,,
1779523200,10,False,,,,,,,,,,,,
1779526800,1,False,,,,,,,,,,,,
1779526800,2,False,,,,,,,,,,,,
1779526800,3,False,,,,,,,,,,,,
1779526800,4,False,,,,,,,,,,,,
1779526800,5,False,,,,,,,,,,,,
1779526800,6,False,,,,,,,,,,,,
1779526800,7,False,,,,,,,,,,,,
1779526800,8,False,,,,,,,,,,,,
1779526800,9,False,,,,,,,,,,,,
1779526800,10,False,,,,,,,,,,,,
1779530400,1,False,,,,,,,,,,,,
1779530400,2,False,,,,,,,,,,,,
1779530400,3,False,,,,,,,,,,,,
1779530400,4,False,,,,,,,,,,,,
1779530400,5,False,,,,,,,,,,,,
1779530400,6,False,,,,,,,,,,,,
1779530400,7,False,,,,,,,,,,,,
1779530400,8,False,,,,,,,,,,,,
1779530400,9,False,,,,,,,,,,,,
1779530400,10,True,up,0.98,0.9200000166893005,7.0,0.05484798429203033,book_moved_no_edge,0.9300000071525574,0.0,0.0,0.0,True,0.0
1779534000,1,False,,,,,,,,,,,,
1779534000,2,False,,,,,,,,,,,,
1779534000,3,False,,,,,,,,,,,,
1779534000,4,False,,,,,,,,,,,,
1779534000,5,False,,,,,,,,,,,,
1779534000,6,False,,,,,,,,,,,,
1779534000,7,False,,,,,,,,,,,,
1779534000,8,False,,,,,,,,,,,,
1779534000,9,False,,,,,,,,,,,,
1779534000,10,False,,,,,,,,,,,,
1779537600,1,False,,,,,,,,,,,,
1779537600,2,False,,,,,,,,,,,,
1779537600,3,False,,,,,,,,,,,,
1779537600,4,False,,,,,,,,,,,,
1779537600,5,False,,,,,,,,,,,,
1779537600,6,False,,,,,,,,,,,,
1779537600,7,False,,,,,,,,,,,,
1779537600,8,False,,,,,,,,,,,,
1779537600,9,False,,,,,,,,,,,,
1779537600,10,False,,,,,,,,,,,,
1779541200,1,False,,,,,,,,,,,,
1779541200,2,False,,,,,,,,,,,,
1779541200,3,False,,,,,,,,,,,,
1779541200,4,False,,,,,,,,,,,,
1779541200,5,False,,,,,,,,,,,,
1779541200,6,False,,,,,,,,,,,,
1779541200,7,False,,,,,,,,,,,,
1779541200,8,False,,,,,,,,,,,,
1779541200,9,False,,,,,,,,,,,,
1779541200,10,False,,,,,,,,,,,,
1779544800,1,False,,,,,,,,,,,,
1779544800,2,False,,,,,,,,,,,,
1779544800,3,False,,,,,,,,,,,,
1779544800,4,False,,,,,,,,,,,,
1779544800,5,False,,,,,,,,,,,,
1779544800,6,False,,,,,,,,,,,,
1779544800,7,False,,,,,,,,,,,,
1779544800,8,False,,,,,,,,,,,,
1779544800,9,False,,,,,,,,,,,,
1779544800,10,False,,,,,,,,,,,,
1779548400,1,False,,,,,,,,,,,,
1779548400,2,False,,,,,,,,,,,,
1779548400,3,False,,,,,,,,,,,,
1779548400,4,False,,,,,,,,,,,,
1779548400,5,False,,,,,,,,,,,,
1779548400,6,False,,,,,,,,,,,,
1779548400,7,False,,,,,,,,,,,,
1779548400,8,False,,,,,,,,,,,,
1779548400,9,False,,,,,,,,,,,,
1779548400,10,False,,,,,,,,,,,,
1779552000,1,False,,,,,,,,,,,,
1779552000,2,False,,,,,,,,,,,,
1779552000,3,False,,,,,,,,,,,,
1779552000,4,False,,,,,,,,,,,,
1779552000,5,False,,,,,,,,,,,,
1779552000,6,False,,,,,,,,,,,,
1779552000,7,False,,,,,,,,,,,,
1779552000,8,False,,,,,,,,,,,,
1779552000,9,False,,,,,,,,,,,,
1779552000,10,False,,,,,,,,,,,,
1779555600,1,False,,,,,,,,,,,,
1779555600,2,False,,,,,,,,,,,,
1779555600,3,False,,,,,,,,,,,,
1779555600,4,False,,,,,,,,,,,,
1779555600,5,False,,,,,,,,,,,,
1779555600,6,False,,,,,,,,,,,,
1779555600,7,False,,,,,,,,,,,,
1779555600,8,False,,,,,,,,,,,,
1779555600,9,False,,,,,,,,,,,,
1779555600,10,False,,,,,,,,,,,,
1779559200,1,False,,,,,,,,,,,,
1779559200,2,False,,,,,,,,,,,,
1779559200,3,False,,,,,,,,,,,,
1779559200,4,False,,,,,,,,,,,,
1779559200,5,False,,,,,,,,,,,,
1779559200,6,False,,,,,,,,,,,,
1779559200,7,False,,,,,,,,,,,,
1779559200,8,False,,,,,,,,,,,,
1779559200,9,False,,,,,,,,,,,,
1779559200,10,False,,,,,,,,,,,,
1779562800,1,False,,,,,,,,,,,,
1779562800,2,False,,,,,,,,,,,,
1779562800,3,False,,,,,,,,,,,,
1779562800,4,False,,,,,,,,,,,,
1779562800,5,False,,,,,,,,,,,,
1779562800,6,False,,,,,,,,,,,,
1779562800,7,False,,,,,,,,,,,,
1779562800,8,False,,,,,,,,,,,,
1779562800,9,False,,,,,,,,,,,,
1779562800,10,False,,,,,,,,,,,,
1779566400,1,False,,,,,,,,,,,,
1779566400,2,False,,,,,,,,,,,,
1779566400,3,False,,,,,,,,,,,,
1779566400,4,False,,,,,,,,,,,,
1779566400,5,False,,,,,,,,,,,,
1779566400,6,False,,,,,,,,,,,,
1779566400,7,False,,,,,,,,,,,,
1779566400,8,False,,,,,,,,,,,,
1779566400,9,False,,,,,,,,,,,,
1779566400,10,False,,,,,,,,,,,,
1779570000,1,False,,,,,,,,,,,,
1779570000,2,False,,,,,,,,,,,,
1779570000,3,False,,,,,,,,,,,,
1779570000,4,False,,,,,,,,,,,,
1779570000,5,False,,,,,,,,,,,,
1779570000,6,False,,,,,,,,,,,,
1779570000,7,False,,,,,,,,,,,,
1779570000,8,False,,,,,,,,,,,,
1779570000,9,False,,,,,,,,,,,,
1779570000,10,False,,,,,,,,,,,,
1779573600,1,False,,,,,,,,,,,,
1779573600,2,False,,,,,,,,,,,,
1779573600,3,False,,,,,,,,,,,,
1779573600,4,False,,,,,,,,,,,,
1779573600,5,False,,,,,,,,,,,,
1779573600,6,False,,,,,,,,,,,,
1779573600,7,False,,,,,,,,,,,,
1779573600,8,False,,,,,,,,,,,,
1779573600,9,False,,,,,,,,,,,,
1779573600,10,False,,,,,,,,,,,,
1779577200,1,False,,,,,,,,,,,,
1779577200,2,False,,,,,,,,,,,,
1779577200,3,False,,,,,,,,,,,,
1779577200,4,False,,,,,,,,,,,,
1779577200,5,False,,,,,,,,,,,,
1779577200,6,False,,,,,,,,,,,,
1779577200,7,False,,,,,,,,,,,,
1779577200,8,False,,,,,,,,,,,,
1779577200,9,False,,,,,,,,,,,,
1779577200,10,False,,,,,,,,,,,,
1779580800,1,False,,,,,,,,,,,,
1779580800,2,False,,,,,,,,,,,,
1779580800,3,False,,,,,,,,,,,,
1779580800,4,False,,,,,,,,,,,,
1779580800,5,False,,,,,,,,,,,,
1779580800,6,False,,,,,,,,,,,,
1779580800,7,False,,,,,,,,,,,,
1779580800,8,False,,,,,,,,,,,,
1779580800,9,False,,,,,,,,,,,,
1779580800,10,False,,,,,,,,,,,,
1779584400,1,False,,,,,,,,,,,,
1779584400,2,False,,,,,,,,,,,,
1779584400,3,False,,,,,,,,,,,,
1779584400,4,False,,,,,,,,,,,,
1779584400,5,False,,,,,,,,,,,,
1779584400,6,False,,,,,,,,,,,,
1779584400,7,False,,,,,,,,,,,,
1779584400,8,False,,,,,,,,,,,,
1779584400,9,False,,,,,,,,,,,,
1779584400,10,False,,,,,,,,,,,,
1779588000,1,False,,,,,,,,,,,,
1779588000,2,False,,,,,,,,,,,,
1779588000,3,False,,,,,,,,,,,,
1779588000,4,False,,,,,,,,,,,,
1779588000,5,False,,,,,,,,,,,,
1779588000,6,False,,,,,,,,,,,,
1779588000,7,False,,,,,,,,,,,,
1779588000,8,False,,,,,,,,,,,,
1779588000,9,False,,,,,,,,,,,,
1779588000,10,False,,,,,,,,,,,,
1779591600,1,False,,,,,,,,,,,,
1779591600,2,False,,,,,,,,,,,,
1779591600,3,False,,,,,,,,,,,,
1779591600,4,False,,,,,,,,,,,,
1779591600,5,False,,,,,,,,,,,,
1779591600,6,False,,,,,,,,,,,,
1779591600,7,False,,,,,,,,,,,,
1779591600,8,False,,,,,,,,,,,,
1779591600,9,False,,,,,,,,,,,,
1779591600,10,False,,,,,,,,,,,,
1779595200,1,False,,,,,,,,,,,,
1779595200,2,False,,,,,,,,,,,,
1779595200,3,False,,,,,,,,,,,,
1779595200,4,False,,,,,,,,,,,,
1779595200,5,False,,,,,,,,,,,,
1779595200,6,False,,,,,,,,,,,,
1779595200,7,False,,,,,,,,,,,,
1779595200,8,False,,,,,,,,,,,,
1779595200,9,False,,,,,,,,,,,,
1779595200,10,False,,,,,,,,,,,,
1779598800,1,False,,,,,,,,,,,,
1779598800,2,False,,,,,,,,,,,,
1779598800,3,False,,,,,,,,,,,,
1779598800,4,False,,,,,,,,,,,,
1779598800,5,False,,,,,,,,,,,,
1779598800,6,False,,,,,,,,,,,,
1779598800,7,False,,,,,,,,,,,,
1779598800,8,False,,,,,,,,,,,,
1779598800,9,False,,,,,,,,,,,,
1779598800,10,False,,,,,,,,,,,,
1779602400,1,False,,,,,,,,,,,,
1779602400,2,False,,,,,,,,,,,,
1779602400,3,False,,,,,,,,,,,,
1779602400,4,False,,,,,,,,,,,,
1779602400,5,False,,,,,,,,,,,,
1779602400,6,False,,,,,,,,,,,,
1779602400,7,False,,,,,,,,,,,,
1779602400,8,False,,,,,,,,,,,,
1779602400,9,False,,,,,,,,,,,,
1779602400,10,False,,,,,,,,,,,,
1779606000,1,False,,,,,,,,,,,,
1779606000,2,False,,,,,,,,,,,,
1779606000,3,False,,,,,,,,,,,,
1779606000,4,False,,,,,,,,,,,,
1779606000,5,False,,,,,,,,,,,,
1779606000,6,False,,,,,,,,,,,,
1779606000,7,False,,,,,,,,,,,,
1779606000,8,False,,,,,,,,,,,,
1779606000,9,False,,,,,,,,,,,,
1779606000,10,False,,,,,,,,,,,,
1779624000,1,False,,,,,,,,,,,,
1779624000,2,False,,,,,,,,,,,,
1779624000,3,False,,,,,,,,,,,,
1779624000,4,False,,,,,,,,,,,,
1779624000,5,False,,,,,,,,,,,,
1779624000,6,False,,,,,,,,,,,,
1779624000,7,False,,,,,,,,,,,,
1779624000,8,False,,,,,,,,,,,,
1779624000,9,False,,,,,,,,,,,,
1779624000,10,False,,,,,,,,,,,,
1779627600,1,False,,,,,,,,,,,,
1779627600,2,False,,,,,,,,,,,,
1779627600,3,False,,,,,,,,,,,,
1779627600,4,False,,,,,,,,,,,,
1779627600,5,False,,,,,,,,,,,,
1779627600,6,False,,,,,,,,,,,,
1779627600,7,False,,,,,,,,,,,,
1779627600,8,False,,,,,,,,,,,,
1779627600,9,False,,,,,,,,,,,,
1779627600,10,False,,,,,,,,,,,,
1779631200,1,False,,,,,,,,,,,,
1779631200,2,False,,,,,,,,,,,,
1779631200,3,False,,,,,,,,,,,,
1779631200,4,False,,,,,,,,,,,,
1779631200,5,False,,,,,,,,,,,,
1779631200,6,False,,,,,,,,,,,,
1779631200,7,False,,,,,,,,,,,,
1779631200,8,False,,,,,,,,,,,,
1779631200,9,False,,,,,,,,,,,,
1779631200,10,False,,,,,,,,,,,,
1779634800,1,False,,,,,,,,,,,,
1779634800,2,False,,,,,,,,,,,,
1779634800,3,False,,,,,,,,,,,,
1779634800,4,False,,,,,,,,,,,,
1779634800,5,False,,,,,,,,,,,,
1779634800,6,False,,,,,,,,,,,,
1779634800,7,False,,,,,,,,,,,,
1779634800,8,False,,,,,,,,,,,,
1779634800,9,False,,,,,,,,,,,,
1779634800,10,False,,,,,,,,,,,,
1779638400,1,False,,,,,,,,,,,,
1779638400,2,False,,,,,,,,,,,,
1779638400,3,False,,,,,,,,,,,,
1779638400,4,False,,,,,,,,,,,,
1779638400,5,False,,,,,,,,,,,,
1779638400,6,False,,,,,,,,,,,,
1779638400,7,False,,,,,,,,,,,,
1779638400,8,False,,,,,,,,,,,,
1779638400,9,False,,,,,,,,,,,,
1779638400,10,False,,,,,,,,,,,,
1779642000,1,False,,,,,,,,,,,,
1779642000,2,False,,,,,,,,,,,,
1779642000,3,False,,,,,,,,,,,,
1779642000,4,False,,,,,,,,,,,,
1779642000,5,False,,,,,,,,,,,,
1779642000,6,False,,,,,,,,,,,,
1779642000,7,False,,,,,,,,,,,,
1779642000,8,False,,,,,,,,,,,,
1779642000,9,False,,,,,,,,,,,,
1779642000,10,False,,,,,,,,,,,,
1779645600,1,False,,,,,,,,,,,,
1779645600,2,False,,,,,,,,,,,,
1779645600,3,False,,,,,,,,,,,,
1779645600,4,False,,,,,,,,,,,,
1779645600,5,False,,,,,,,,,,,,
1779645600,6,False,,,,,,,,,,,,
1779645600,7,False,,,,,,,,,,,,
1779645600,8,False,,,,,,,,,,,,
1779645600,9,False,,,,,,,,,,,,
1779645600,10,False,,,,,,,,,,,,
1779649200,1,False,,,,,,,,,,,,
1779649200,2,False,,,,,,,,,,,,
1779649200,3,False,,,,,,,,,,,,
1779649200,4,False,,,,,,,,,,,,
1779649200,5,False,,,,,,,,,,,,
1779649200,6,False,,,,,,,,,,,,
1779649200,7,False,,,,,,,,,,,,
1779649200,8,False,,,,,,,,,,,,
1779649200,9,False,,,,,,,,,,,,
1779649200,10,False,,,,,,,,,,,,
1779652800,1,False,,,,,,,,,,,,
1779652800,2,False,,,,,,,,,,,,
1779652800,3,False,,,,,,,,,,,,
1779652800,4,False,,,,,,,,,,,,
1779652800,5,False,,,,,,,,,,,,
1779652800,6,False,,,,,,,,,,,,
1779652800,7,False,,,,,,,,,,,,
1779652800,8,False,,,,,,,,,,,,
1779652800,9,False,,,,,,,,,,,,
1779652800,10,False,,,,,,,,,,,,
1779656400,1,False,,,,,,,,,,,,
1779656400,2,False,,,,,,,,,,,,
1779656400,3,False,,,,,,,,,,,,
1779656400,4,False,,,,,,,,,,,,
1779656400,5,False,,,,,,,,,,,,
1779656400,6,False,,,,,,,,,,,,
1779656400,7,False,,,,,,,,,,,,
1779656400,8,False,,,,,,,,,,,,
1779656400,9,False,,,,,,,,,,,,
1779656400,10,False,,,,,,,,,,,,
1779660000,1,False,,,,,,,,,,,,
1779660000,2,False,,,,,,,,,,,,
1779660000,3,False,,,,,,,,,,,,
1779660000,4,False,,,,,,,,,,,,
1779660000,5,False,,,,,,,,,,,,
1779660000,6,False,,,,,,,,,,,,
1779660000,7,False,,,,,,,,,,,,
1779660000,8,False,,,,,,,,,,,,
1779660000,9,False,,,,,,,,,,,,
1779660000,10,False,,,,,,,,,,,,
1779663600,1,False,,,,,,,,,,,,
1779663600,2,False,,,,,,,,,,,,
1779663600,3,False,,,,,,,,,,,,
1779663600,4,False,,,,,,,,,,,,
1779663600,5,False,,,,,,,,,,,,
1779663600,6,False,,,,,,,,,,,,
1779663600,7,False,,,,,,,,,,,,
1779663600,8,False,,,,,,,,,,,,
1779663600,9,False,,,,,,,,,,,,
1779663600,10,False,,,,,,,,,,,,
1779667200,1,False,,,,,,,,,,,,
1779667200,2,False,,,,,,,,,,,,
1779667200,3,False,,,,,,,,,,,,
1779667200,4,False,,,,,,,,,,,,
1779667200,5,False,,,,,,,,,,,,
1779667200,6,False,,,,,,,,,,,,
1779667200,7,False,,,,,,,,,,,,
1779667200,8,False,,,,,,,,,,,,
1779667200,9,False,,,,,,,,,,,,
1779667200,10,False,,,,,,,,,,,,
1779670800,1,False,,,,,,,,,,,,
1779670800,2,False,,,,,,,,,,,,
1779670800,3,False,,,,,,,,,,,,
1779670800,4,False,,,,,,,,,,,,
1779670800,5,False,,,,,,,,,,,,
1779670800,6,False,,,,,,,,,,,,
1779670800,7,False,,,,,,,,,,,,
1779670800,8,False,,,,,,,,,,,,
1779670800,9,False,,,,,,,,,,,,
1779670800,10,False,,,,,,,,,,,,
1779674400,1,False,,,,,,,,,,,,
1779674400,2,False,,,,,,,,,,,,
1779674400,3,False,,,,,,,,,,,,
1779674400,4,False,,,,,,,,,,,,
1779674400,5,False,,,,,,,,,,,,
1779674400,6,False,,,,,,,,,,,,
1779674400,7,False,,,,,,,,,,,,
1779674400,8,False,,,,,,,,,,,,
1779674400,9,False,,,,,,,,,,,,
1779674400,10,False,,,,,,,,,,,,
1779678000,1,False,,,,,,,,,,,,
1779678000,2,False,,,,,,,,,,,,
1779678000,3,False,,,,,,,,,,,,
1779678000,4,False,,,,,,,,,,,,
1779678000,5,False,,,,,,,,,,,,
1779678000,6,False,,,,,,,,,,,,
1779678000,7,False,,,,,,,,,,,,
1779678000,8,False,,,,,,,,,,,,
1779678000,9,False,,,,,,,,,,,,
1779678000,10,False,,,,,,,,,,,,
1779681600,1,False,,,,,,,,,,,,
1779681600,2,False,,,,,,,,,,,,
1779681600,3,False,,,,,,,,,,,,
1779681600,4,False,,,,,,,,,,,,
1779681600,5,False,,,,,,,,,,,,
1779681600,6,False,,,,,,,,,,,,
1779681600,7,False,,,,,,,,,,,,
1779681600,8,False,,,,,,,,,,,,
1779681600,9,False,,,,,,,,,,,,
1779681600,10,False,,,,,,,,,,,,
1779685200,1,False,,,,,,,,,,,,
1779685200,2,False,,,,,,,,,,,,
1779685200,3,False,,,,,,,,,,,,
1779685200,4,False,,,,,,,,,,,,
1779685200,5,False,,,,,,,,,,,,
1779685200,6,False,,,,,,,,,,,,
1779685200,7,False,,,,,,,,,,,,
1779685200,8,False,,,,,,,,,,,,
1779685200,9,False,,,,,,,,,,,,
1779685200,10,False,,,,,,,,,,,,
1779688800,1,False,,,,,,,,,,,,
1779688800,2,False,,,,,,,,,,,,
1779688800,3,False,,,,,,,,,,,,
1779688800,4,False,,,,,,,,,,,,
1779688800,5,False,,,,,,,,,,,,
1779688800,6,False,,,,,,,,,,,,
1779688800,7,False,,,,,,,,,,,,
1779688800,8,False,,,,,,,,,,,,
1779688800,9,False,,,,,,,,,,,,
1779688800,10,False,,,,,,,,,,,,
1779692400,1,False,,,,,,,,,,,,
1779692400,2,False,,,,,,,,,,,,
1779692400,3,False,,,,,,,,,,,,
1779692400,4,False,,,,,,,,,,,,
1779692400,5,False,,,,,,,,,,,,
1779692400,6,False,,,,,,,,,,,,
1779692400,7,False,,,,,,,,,,,,
1779692400,8,False,,,,,,,,,,,,
1779692400,9,False,,,,,,,,,,,,
1779692400,10,False,,,,,,,,,,,,
1779696000,1,False,,,,,,,,,,,,
1779696000,2,False,,,,,,,,,,,,
1779696000,3,False,,,,,,,,,,,,
1779696000,4,False,,,,,,,,,,,,
1779696000,5,False,,,,,,,,,,,,
1779696000,6,False,,,,,,,,,,,,
1779696000,7,False,,,,,,,,,,,,
1779696000,8,False,,,,,,,,,,,,
1779696000,9,False,,,,,,,,,,,,
1779696000,10,False,,,,,,,,,,,,
1779699600,1,False,,,,,,,,,,,,
1779699600,2,False,,,,,,,,,,,,
1779699600,3,False,,,,,,,,,,,,
1779699600,4,False,,,,,,,,,,,,
1779699600,5,False,,,,,,,,,,,,
1779699600,6,False,,,,,,,,,,,,
1779699600,7,False,,,,,,,,,,,,
1779699600,8,False,,,,,,,,,,,,
1779699600,9,False,,,,,,,,,,,,
1779699600,10,False,,,,,,,,,,,,
1779703200,1,False,,,,,,,,,,,,
1779703200,2,False,,,,,,,,,,,,
1779703200,3,False,,,,,,,,,,,,
1779703200,4,False,,,,,,,,,,,,
1779703200,5,False,,,,,,,,,,,,
1779703200,6,False,,,,,,,,,,,,
1779703200,7,False,,,,,,,,,,,,
1779703200,8,False,,,,,,,,,,,,
1779703200,9,False,,,,,,,,,,,,
1779703200,10,False,,,,,,,,,,,,
1779706800,1,False,,,,,,,,,,,,
1779706800,2,False,,,,,,,,,,,,
1779706800,3,False,,,,,,,,,,,,
1779706800,4,False,,,,,,,,,,,,
1779706800,5,False,,,,,,,,,,,,
1779706800,6,False,,,,,,,,,,,,
1779706800,7,False,,,,,,,,,,,,
1779706800,8,False,,,,,,,,,,,,
1779706800,9,False,,,,,,,,,,,,
1779706800,10,False,,,,,,,,,,,,
1779710400,1,False,,,,,,,,,,,,
1779710400,2,False,,,,,,,,,,,,
1779710400,3,False,,,,,,,,,,,,
1779710400,4,False,,,,,,,,,,,,
1779710400,5,False,,,,,,,,,,,,
1779710400,6,False,,,,,,,,,,,,
1779710400,7,False,,,,,,,,,,,,
1779710400,8,False,,,,,,,,,,,,
1779710400,9,False,,,,,,,,,,,,
1779710400,10,False,,,,,,,,,,,,
1779714000,1,False,,,,,,,,,,,,
1779714000,2,False,,,,,,,,,,,,
1779714000,3,False,,,,,,,,,,,,
1779714000,4,False,,,,,,,,,,,,
1779714000,5,False,,,,,,,,,,,,
1779714000,6,False,,,,,,,,,,,,
1779714000,7,False,,,,,,,,,,,,
1779714000,8,False,,,,,,,,,,,,
1779714000,9,False,,,,,,,,,,,,
1779714000,10,False,,,,,,,,,,,,
1779717600,1,False,,,,,,,,,,,,
1779717600,2,False,,,,,,,,,,,,
1779717600,3,False,,,,,,,,,,,,
1779717600,4,False,,,,,,,,,,,,
1779717600,5,False,,,,,,,,,,,,
1779717600,6,False,,,,,,,,,,,,
1779717600,7,False,,,,,,,,,,,,
1779717600,8,False,,,,,,,,,,,,
1779717600,9,False,,,,,,,,,,,,
1779717600,10,False,,,,,,,,,,,,
1779721200,1,False,,,,,,,,,,,,
1779721200,2,False,,,,,,,,,,,,
1779721200,3,False,,,,,,,,,,,,
1779721200,4,False,,,,,,,,,,,,
1779721200,5,False,,,,,,,,,,,,
1779721200,6,False,,,,,,,,,,,,
1779721200,7,False,,,,,,,,,,,,
1779721200,8,False,,,,,,,,,,,,
1779721200,9,False,,,,,,,,,,,,
1779721200,10,False,,,,,,,,,,,,
1779724800,1,False,,,,,,,,,,,,
1779724800,2,False,,,,,,,,,,,,
1779724800,3,False,,,,,,,,,,,,
1779724800,4,False,,,,,,,,,,,,
1779724800,5,False,,,,,,,,,,,,
1779724800,6,False,,,,,,,,,,,,
1779724800,7,False,,,,,,,,,,,,
1779724800,8,False,,,,,,,,,,,,
1779724800,9,False,,,,,,,,,,,,
1779724800,10,False,,,,,,,,,,,,
1779728400,1,False,,,,,,,,,,,,
1779728400,2,False,,,,,,,,,,,,
1779728400,3,False,,,,,,,,,,,,
1779728400,4,False,,,,,,,,,,,,
1779728400,5,False,,,,,,,,,,,,
1779728400,6,False,,,,,,,,,,,,
1779728400,7,False,,,,,,,,,,,,
1779728400,8,False,,,,,,,,,,,,
1779728400,9,False,,,,,,,,,,,,
1779728400,10,False,,,,,,,,,,,,
1779732000,1,False,,,,,,,,,,,,
1779732000,2,False,,,,,,,,,,,,
1779732000,3,True,down,0.98,0.9099999964237213,23.020000457763672,0.06426700337100028,book_moved_no_edge,0.9299999997019768,0.0,0.0,0.0,True,0.0
1779732000,4,True,down,0.98,0.9099999964237213,23.030000686645508,0.06426700337100028,book_moved_no_edge,0.9299999997019768,0.0,0.0,0.0,True,0.0
1779732000,5,True,down,0.98,0.7100000083446503,12.119999885559082,0.25558699190068246,filled,0.9099999964237213,23.030000686645508,20.95730054248571,0.1320309986641003,True,1.940669145495696
1779732000,6,True,down,0.98,0.6899999976158142,5.0,0.27502700232076643,book_moved_no_edge,0.9299999997019768,0.0,0.0,0.0,True,0.0
1779732000,7,True,down,0.98,0.6699999868869781,5.0,0.2945230128009319,filled,0.7100000083446503,12.119999885559082,8.605200019884109,0.1746855553771305,True,3.340114310297843
1779732000,8,True,down,0.98,0.6699999868869781,5.0,0.2945230128009319,filled,0.6899999976158142,5.0,3.449999988079071,0.07486500031709671,True,1.4751350116038322
1779732000,9,True,down,0.98,0.6500000059604645,5.0,0.31407499416470525,filled,0.6699999868869781,5.0,3.3499999344348907,0.07738500156044954,True,1.5726150640046597
1779732000,10,True,down,0.98,0.6500000059604645,5.0,0.31407499416470525,filled,0.6699999868869781,5.0,3.3499999344348907,0.07738500156044954,True,1.5726150640046597
1779735600,1,False,,,,,,,,,,,,
1779735600,2,False,,,,,,,,,,,,
1779735600,3,False,,,,,,,,,,,,
1779735600,4,False,,,,,,,,,,,,
1779735600,5,False,,,,,,,,,,,,
1779735600,6,False,,,,,,,,,,,,
1779735600,7,False,,,,,,,,,,,,
1779735600,8,False,,,,,,,,,,,,
1779735600,9,False,,,,,,,,,,,,
1779735600,10,False,,,,,,,,,,,,
1779739200,1,False,,,,,,,,,,,,
1779739200,2,False,,,,,,,,,,,,
1779739200,3,False,,,,,,,,,,,,
1779739200,4,False,,,,,,,,,,,,
1779739200,5,False,,,,,,,,,,,,
1779739200,6,False,,,,,,,,,,,,
1779739200,7,False,,,,,,,,,,,,
1779739200,8,False,,,,,,,,,,,,
1779739200,9,False,,,,,,,,,,,,
1779739200,10,False,,,,,,,,,,,,
1779742800,1,False,,,,,,,,,,,,
1779742800,2,False,,,,,,,,,,,,
1779742800,3,False,,,,,,,,,,,,
1779742800,4,False,,,,,,,,,,,,
1779742800,5,False,,,,,,,,,,,,
1779742800,6,False,,,,,,,,,,,,
1779742800,7,False,,,,,,,,,,,,
1779742800,8,False,,,,,,,,,,,,
1779742800,9,False,,,,,,,,,,,,
1779742800,10,False,,,,,,,,,,,,
1779746400,1,False,,,,,,,,,,,,
1779746400,2,False,,,,,,,,,,,,
1779746400,3,False,,,,,,,,,,,,
1779746400,4,False,,,,,,,,,,,,
1779746400,5,False,,,,,,,,,,,,
1779746400,6,False,,,,,,,,,,,,
1779746400,7,False,,,,,,,,,,,,
1779746400,8,False,,,,,,,,,,,,
1779746400,9,False,,,,,,,,,,,,
1779746400,10,False,,,,,,,,,,,,
1779750000,1,False,,,,,,,,,,,,
1779750000,2,False,,,,,,,,,,,,
1779750000,3,False,,,,,,,,,,,,
1779750000,4,False,,,,,,,,,,,,
1779750000,5,False,,,,,,,,,,,,
1779750000,6,False,,,,,,,,,,,,
1779750000,7,False,,,,,,,,,,,,
1779750000,8,False,,,,,,,,,,,,
1779750000,9,False,,,,,,,,,,,,
1779750000,10,False,,,,,,,,,,,,
1779753600,1,False,,,,,,,,,,,,
1779753600,2,False,,,,,,,,,,,,
1779753600,3,False,,,,,,,,,,,,
1779753600,4,False,,,,,,,,,,,,
1779753600,5,False,,,,,,,,,,,,
1779753600,6,False,,,,,,,,,,,,
1779753600,7,False,,,,,,,,,,,,
1779753600,8,False,,,,,,,,,,,,
1779753600,9,False,,,,,,,,,,,,
1779753600,10,False,,,,,,,,,,,,
1779757200,1,False,,,,,,,,,,,,
1779757200,2,False,,,,,,,,,,,,
1779757200,3,False,,,,,,,,,,,,
1779757200,4,False,,,,,,,,,,,,
1779757200,5,False,,,,,,,,,,,,
1779757200,6,False,,,,,,,,,,,,
1779757200,7,False,,,,,,,,,,,,
1779757200,8,False,,,,,,,,,,,,
1779757200,9,False,,,,,,,,,,,,
1779757200,10,False,,,,,,,,,,,,
1779760800,1,False,,,,,,,,,,,,
1779760800,2,False,,,,,,,,,,,,
1779760800,3,False,,,,,,,,,,,,
1779760800,4,False,,,,,,,,,,,,
1779760800,5,False,,,,,,,,,,,,
1779760800,6,False,,,,,,,,,,,,
1779760800,7,False,,,,,,,,,,,,
1779760800,8,False,,,,,,,,,,,,
1779760800,9,False,,,,,,,,,,,,
1779760800,10,False,,,,,,,,,,,,
1779764400,1,True,up,0.98,0.9200000166893005,43.470001220703125,0.05484798429203033,empty_book,,0.0,0.0,0.0,True,0.0
1779764400,2,True,up,0.98,0.8700000047683716,1.7200000286102295,0.10208299547863005,filled,0.9200000166893005,27.1739125505287,25.0,0.13999997079372406,True,2.0339125797349773
1779764400,3,True,up,0.98,0.8700000047683716,5.0,0.10208299547863005,filled,0.9200000166893005,27.1739125505287,25.0,0.13999997079372406,True,2.0339125797349773
1779764400,4,True,up,0.98,0.699999988079071,92.98999786376953,0.26530001158714295,filled,0.8700000047683716,5.0,4.350000023841858,0.039584998764991754,True,0.6104149773931503
1779764400,5,True,up,0.98,0.699999988079071,133.7100067138672,0.26530001158714295,filled,0.699999988079071,35.714286322496385,25.0,0.5250000208616257,True,10.189286301634759
1779764400,6,True,up,0.98,0.699999988079071,128.7100067138672,0.26530001158714295,filled,0.699999988079071,35.714286322496385,25.0,0.5250000208616257,True,10.189286301634759
1779764400,7,True,up,0.98,0.699999988079071,128.7100067138672,0.26530001158714295,filled,0.699999988079071,35.714286322496385,25.0,0.5250000208616257,True,10.189286301634759
1779764400,8,True,up,0.98,0.6700000166893005,7.380000114440918,0.2945229837079048,filled,0.699999988079071,35.714286322496385,25.0,0.5250000208616257,True,10.189286301634759
1779764400,9,True,up,0.98,0.6499999761581421,5.0,0.3140750233411789,filled,0.6499999761581421,5.0,3.2499998807907104,0.07962500250339488,True,1.6703751167058947
1779764400,10,True,up,0.98,0.6499999761581421,5.0,0.3140750233411789,filled,0.6499999761581421,5.0,3.2499998807907104,0.07962500250339488,True,1.6703751167058947
1779768000,1,False,,,,,,,,,,,,
1779768000,2,False,,,,,,,,,,,,
1779768000,3,False,,,,,,,,,,,,
1779768000,4,False,,,,,,,,,,,,
1779768000,5,False,,,,,,,,,,,,
1779768000,6,False,,,,,,,,,,,,
1779768000,7,False,,,,,,,,,,,,
1779768000,8,False,,,,,,,,,,,,
1779768000,9,False,,,,,,,,,,,,
1779768000,10,False,,,,,,,,,,,,
1779771600,1,False,,,,,,,,,,,,
1779771600,2,False,,,,,,,,,,,,
1779771600,3,False,,,,,,,,,,,,
1779771600,4,False,,,,,,,,,,,,
1779771600,5,False,,,,,,,,,,,,
1779771600,6,False,,,,,,,,,,,,
1779771600,7,False,,,,,,,,,,,,
1779771600,8,False,,,,,,,,,,,,
1779771600,9,False,,,,,,,,,,,,
1779771600,10,False,,,,,,,,,,,,
1779775200,1,False,,,,,,,,,,,,
1779775200,2,False,,,,,,,,,,,,
1779775200,3,False,,,,,,,,,,,,
1779775200,4,False,,,,,,,,,,,,
1779775200,5,False,,,,,,,,,,,,
1779775200,6,False,,,,,,,,,,,,
1779775200,7,False,,,,,,,,,,,,
1779775200,8,False,,,,,,,,,,,,
1779775200,9,False,,,,,,,,,,,,
1779775200,10,False,,,,,,,,,,,,
1779778800,1,False,,,,,,,,,,,,
1779778800,2,False,,,,,,,,,,,,
1779778800,3,False,,,,,,,,,,,,
1779778800,4,False,,,,,,,,,,,,
1779778800,5,False,,,,,,,,,,,,
1779778800,6,False,,,,,,,,,,,,
1779778800,7,False,,,,,,,,,,,,
1779778800,8,False,,,,,,,,,,,,
1779778800,9,False,,,,,,,,,,,,
1779778800,10,False,,,,,,,,,,,,
1779782400,1,True,down,0.98,0.7699999958276749,5.0,0.19760300401461123,empty_book,,0.0,0.0,0.0,True,0.0
1779782400,2,True,down,0.9311575012940951,0.8299999982118607,205.0,0.09128050299962244,book_moved_no_edge,0.9200000017881393,0.0,0.0,0.0,True,0.0
1779782400,3,False,,,,,,,,,,,,
1779782400,4,False,,,,,,,,,,,,
1779782400,5,False,,,,,,,,,,,,
1779782400,6,False,,,,,,,,,,,,
1779782400,7,False,,,,,,,,,,,,
1779782400,8,False,,,,,,,,,,,,
1779782400,9,False,,,,,,,,,,,,
1779782400,10,True,up,0.457441107683179,0.38999998569488525,26.389999389648438,0.05078812220859255,filled,0.38999998569488525,39.880001068115234,15.55319984607695,0.6641216490018074,False,-16.217321495078757
1779786000,1,False,,,,,,,,,,,,
1779786000,2,False,,,,,,,,,,,,
1779786000,3,False,,,,,,,,,,,,
1779786000,4,False,,,,,,,,,,,,
1779786000,5,False,,,,,,,,,,,,
1779786000,6,False,,,,,,,,,,,,
1779786000,7,False,,,,,,,,,,,,
1779786000,8,False,,,,,,,,,,,,
1779786000,9,False,,,,,,,,,,,,
1779786000,10,False,,,,,,,,,,,,
1779789600,1,False,,,,,,,,,,,,
1779789600,2,False,,,,,,,,,,,,
1779789600,3,False,,,,,,,,,,,,
1779789600,4,False,,,,,,,,,,,,
1779789600,5,False,,,,,,,,,,,,
1779789600,6,False,,,,,,,,,,,,
1779789600,7,False,,,,,,,,,,,,
1779789600,8,False,,,,,,,,,,,,
1779789600,9,False,,,,,,,,,,,,
1779789600,10,False,,,,,,,,,,,,
1779793200,1,False,,,,,,,,,,,,
1779793200,2,False,,,,,,,,,,,,
1779793200,3,False,,,,,,,,,,,,
1779793200,4,False,,,,,,,,,,,,
1779793200,5,False,,,,,,,,,,,,
1779793200,6,False,,,,,,,,,,,,
1779793200,7,False,,,,,,,,,,,,
1779793200,8,False,,,,,,,,,,,,
1779793200,9,False,,,,,,,,,,,,
1779793200,10,False,,,,,,,,,,,,
1779796800,1,False,,,,,,,,,,,,
1779796800,2,False,,,,,,,,,,,,
1779796800,3,False,,,,,,,,,,,,
1779796800,4,False,,,,,,,,,,,,
1779796800,5,False,,,,,,,,,,,,
1779796800,6,False,,,,,,,,,,,,
1779796800,7,False,,,,,,,,,,,,
1779796800,8,False,,,,,,,,,,,,
1779796800,9,False,,,,,,,,,,,,
1779796800,10,False,,,,,,,,,,,,
1779800400,1,False,,,,,,,,,,,,
1779800400,2,False,,,,,,,,,,,,
1779800400,3,False,,,,,,,,,,,,
1779800400,4,False,,,,,,,,,,,,
1779800400,5,False,,,,,,,,,,,,
1779800400,6,False,,,,,,,,,,,,
1779800400,7,False,,,,,,,,,,,,
1779800400,8,False,,,,,,,,,,,,
1779800400,9,False,,,,,,,,,,,,
1779800400,10,False,,,,,,,,,,,,
1779804000,1,False,,,,,,,,,,,,
1779804000,2,False,,,,,,,,,,,,
1779804000,3,False,,,,,,,,,,,,
1779804000,4,False,,,,,,,,,,,,
1779804000,5,False,,,,,,,,,,,,
1779804000,6,False,,,,,,,,,,,,
1779804000,7,False,,,,,,,,,,,,
1779804000,8,False,,,,,,,,,,,,
1779804000,9,False,,,,,,,,,,,,
1779804000,10,False,,,,,,,,,,,,
1779807600,1,False,,,,,,,,,,,,
1779807600,2,False,,,,,,,,,,,,
1779807600,3,False,,,,,,,,,,,,
1779807600,4,False,,,,,,,,,,,,
1779807600,5,False,,,,,,,,,,,,
1779807600,6,False,,,,,,,,,,,,
1779807600,7,False,,,,,,,,,,,,
1779807600,8,False,,,,,,,,,,,,
1779807600,9,False,,,,,,,,,,,,
1779807600,10,False,,,,,,,,,,,,
1779811200,1,False,,,,,,,,,,,,
1779811200,2,False,,,,,,,,,,,,
1779811200,3,False,,,,,,,,,,,,
1779811200,4,False,,,,,,,,,,,,
1779811200,5,False,,,,,,,,,,,,
1779811200,6,False,,,,,,,,,,,,
1779811200,7,False,,,,,,,,,,,,
1779811200,8,True,up,0.98,0.8700000047683716,5.0,0.10208299547863005,book_moved_no_edge,0.9900000095367432,0.0,0.0,0.0,True,0.0
1779811200,9,False,,,,,,,,,,,,
1779811200,10,False,,,,,,,,,,,,
1779814800,1,False,,,,,,,,,,,,
1779814800,2,False,,,,,,,,,,,,
1779814800,3,False,,,,,,,,,,,,
1779814800,4,False,,,,,,,,,,,,
1779814800,5,False,,,,,,,,,,,,
1779814800,6,False,,,,,,,,,,,,
1779814800,7,False,,,,,,,,,,,,
1779814800,8,False,,,,,,,,,,,,
1779814800,9,False,,,,,,,,,,,,
1779814800,10,False,,,,,,,,,,,,
1779818400,1,False,,,,,,,,,,,,
1779818400,2,False,,,,,,,,,,,,
1779818400,3,False,,,,,,,,,,,,
1779818400,4,False,,,,,,,,,,,,
1779818400,5,False,,,,,,,,,,,,
1779818400,6,False,,,,,,,,,,,,
1779818400,7,False,,,,,,,,,,,,
1779818400,8,False,,,,,,,,,,,,
1779818400,9,False,,,,,,,,,,,,
1779818400,10,False,,,,,,,,,,,,
1779822000,1,False,,,,,,,,,,,,
1779822000,2,False,,,,,,,,,,,,
1779822000,3,False,,,,,,,,,,,,
1779822000,4,False,,,,,,,,,,,,
1779822000,5,False,,,,,,,,,,,,
1779822000,6,False,,,,,,,,,,,,
1779822000,7,False,,,,,,,,,,,,
1779822000,8,False,,,,,,,,,,,,
1779822000,9,False,,,,,,,,,,,,
1779822000,10,False,,,,,,,,,,,,
1779825600,1,False,,,,,,,,,,,,
1779825600,2,False,,,,,,,,,,,,
1779825600,3,False,,,,,,,,,,,,
1779825600,4,False,,,,,,,,,,,,
1779825600,5,False,,,,,,,,,,,,
1779825600,6,False,,,,,,,,,,,,
1779825600,7,False,,,,,,,,,,,,
1779825600,8,False,,,,,,,,,,,,
1779825600,9,False,,,,,,,,,,,,
1779825600,10,False,,,,,,,,,,,,
1779829200,1,False,,,,,,,,,,,,
1779829200,2,False,,,,,,,,,,,,
1779829200,3,False,,,,,,,,,,,,
1779829200,4,False,,,,,,,,,,,,
1779829200,5,False,,,,,,,,,,,,
1779829200,6,False,,,,,,,,,,,,
1779829200,7,False,,,,,,,,,,,,
1779829200,8,False,,,,,,,,,,,,
1779829200,9,False,,,,,,,,,,,,
1779829200,10,False,,,,,,,,,,,,
1779832800,1,False,,,,,,,,,,,,
1779832800,2,False,,,,,,,,,,,,
1779832800,3,False,,,,,,,,,,,,
1779832800,4,False,,,,,,,,,,,,
1779832800,5,False,,,,,,,,,,,,
1779832800,6,False,,,,,,,,,,,,
1779832800,7,False,,,,,,,,,,,,
1779832800,8,False,,,,,,,,,,,,
1779832800,9,False,,,,,,,,,,,,
1779832800,10,False,,,,,,,,,,,,
1779836400,1,False,,,,,,,,,,,,
1779836400,2,False,,,,,,,,,,,,
1779836400,3,False,,,,,,,,,,,,
1779836400,4,False,,,,,,,,,,,,
1779836400,5,False,,,,,,,,,,,,
1779836400,6,False,,,,,,,,,,,,
1779836400,7,False,,,,,,,,,,,,
1779836400,8,False,,,,,,,,,,,,
1779836400,9,False,,,,,,,,,,,,
1779836400,10,False,,,,,,,,,,,,
1779840000,1,False,,,,,,,,,,,,
1779840000,2,False,,,,,,,,,,,,
1779840000,3,False,,,,,,,,,,,,
1779840000,4,False,,,,,,,,,,,,
1779840000,5,False,,,,,,,,,,,,
1779840000,6,False,,,,,,,,,,,,
1779840000,7,False,,,,,,,,,,,,
1779840000,8,False,,,,,,,,,,,,
1779840000,9,False,,,,,,,,,,,,
1779840000,10,False,,,,,,,,,,,,
1779843600,1,False,,,,,,,,,,,,
1779843600,2,False,,,,,,,,,,,,
1779843600,3,False,,,,,,,,,,,,
1779843600,4,False,,,,,,,,,,,,
1779843600,5,False,,,,,,,,,,,,
1779843600,6,False,,,,,,,,,,,,
1779843600,7,False,,,,,,,,,,,,
1779843600,8,False,,,,,,,,,,,,
1779843600,9,False,,,,,,,,,,,,
1779843600,10,False,,,,,,,,,,,,
1779847200,1,True,up,0.6513478249005604,0.5,1.3200000524520874,0.1338478249005604,empty_book,,0.0,0.0,0.0,True,0.0
1779847200,2,False,,,,,,,,,,,,
1779847200,3,False,,,,,,,,,,,,
1779847200,4,False,,,,,,,,,,,,
1779847200,5,False,,,,,,,,,,,,
1779847200,6,False,,,,,,,,,,,,
1779847200,7,False,,,,,,,,,,,,
1779847200,8,False,,,,,,,,,,,,
1779847200,9,False,,,,,,,,,,,,
1779847200,10,False,,,,,,,,,,,,
1779850800,1,False,,,,,,,,,,,,
1779850800,2,False,,,,,,,,,,,,
1779850800,3,False,,,,,,,,,,,,
1779850800,4,False,,,,,,,,,,,,
1779850800,5,False,,,,,,,,,,,,
1779850800,6,False,,,,,,,,,,,,
1779850800,7,False,,,,,,,,,,,,
1779850800,8,False,,,,,,,,,,,,
1779850800,9,False,,,,,,,,,,,,
1779850800,10,False,,,,,,,,,,,,
1779854400,1,False,,,,,,,,,,,,
1779854400,2,False,,,,,,,,,,,,
1779854400,3,False,,,,,,,,,,,,
1779854400,4,False,,,,,,,,,,,,
1779854400,5,False,,,,,,,,,,,,
1779854400,6,False,,,,,,,,,,,,
1779854400,7,False,,,,,,,,,,,,
1779854400,8,False,,,,,,,,,,,,
1779854400,9,False,,,,,,,,,,,,
1779854400,10,False,,,,,,,,,,,,
1779858000,1,False,,,,,,,,,,,,
1779858000,2,False,,,,,,,,,,,,
1779858000,3,False,,,,,,,,,,,,
1779858000,4,False,,,,,,,,,,,,
1779858000,5,False,,,,,,,,,,,,
1779858000,6,False,,,,,,,,,,,,
1779858000,7,False,,,,,,,,,,,,
1779858000,8,False,,,,,,,,,,,,
1779858000,9,False,,,,,,,,,,,,
1779858000,10,False,,,,,,,,,,,,
1779861600,1,False,,,,,,,,,,,,
1779861600,2,False,,,,,,,,,,,,
1779861600,3,False,,,,,,,,,,,,
1779861600,4,False,,,,,,,,,,,,
1779861600,5,False,,,,,,,,,,,,
1779861600,6,False,,,,,,,,,,,,
1779861600,7,False,,,,,,,,,,,,
1779861600,8,False,,,,,,,,,,,,
1779861600,9,False,,,,,,,,,,,,
1779861600,10,False,,,,,,,,,,,,
1779865200,1,False,,,,,,,,,,,,
1779865200,2,False,,,,,,,,,,,,
1779865200,3,False,,,,,,,,,,,,
1779865200,4,False,,,,,,,,,,,,
1779865200,5,False,,,,,,,,,,,,
1779865200,6,False,,,,,,,,,,,,
1779865200,7,False,,,,,,,,,,,,
1779865200,8,False,,,,,,,,,,,,
1779865200,9,False,,,,,,,,,,,,
1779865200,10,False,,,,,,,,,,,,
1779868800,1,False,,,,,,,,,,,,
1779868800,2,False,,,,,,,,,,,,
1779868800,3,False,,,,,,,,,,,,
1779868800,4,False,,,,,,,,,,,,
1779868800,5,False,,,,,,,,,,,,
1779868800,6,False,,,,,,,,,,,,
1779868800,7,False,,,,,,,,,,,,
1779868800,8,False,,,,,,,,,,,,
1779868800,9,False,,,,,,,,,,,,
1779868800,10,False,,,,,,,,,,,,
1779872400,1,False,,,,,,,,,,,,
1779872400,2,False,,,,,,,,,,,,
1779872400,3,False,,,,,,,,,,,,
1779872400,4,False,,,,,,,,,,,,
1779872400,5,False,,,,,,,,,,,,
1779872400,6,False,,,,,,,,,,,,
1779872400,7,False,,,,,,,,,,,,
1779872400,8,False,,,,,,,,,,,,
1779872400,9,False,,,,,,,,,,,,
1779872400,10,False,,,,,,,,,,,,
1779876000,1,True,down,0.8936336757333208,0.5399999916553497,124.5199966430664,0.336245684031241,empty_book,,0.0,0.0,0.0,True,0.0
1779876000,2,True,down,0.7951078352433392,0.5399999916553497,131.10000610351562,0.2377198435412594,filled,0.5399999916553497,46.296297011715566,25.0,0.805000014603138,True,20.49129699711243
1779876000,3,False,,,,,,,,,,,,
1779876000,4,False,,,,,,,,,,,,
1779876000,5,False,,,,,,,,,,,,
1779876000,6,False,,,,,,,,,,,,
1779876000,7,False,,,,,,,,,,,,
1779876000,8,False,,,,,,,,,,,,
1779876000,9,False,,,,,,,,,,,,
1779876000,10,False,,,,,,,,,,,,
1779879600,1,False,,,,,,,,,,,,
1779879600,2,False,,,,,,,,,,,,
1779879600,3,False,,,,,,,,,,,,
1779879600,4,False,,,,,,,,,,,,
1779879600,5,False,,,,,,,,,,,,
1779879600,6,False,,,,,,,,,,,,
1779879600,7,False,,,,,,,,,,,,
1779879600,8,False,,,,,,,,,,,,
1779879600,9,False,,,,,,,,,,,,
1779879600,10,False,,,,,,,,,,,,
1779883200,1,False,,,,,,,,,,,,
1779883200,2,False,,,,,,,,,,,,
1779883200,3,False,,,,,,,,,,,,
1779883200,4,False,,,,,,,,,,,,
1779883200,5,False,,,,,,,,,,,,
1779883200,6,False,,,,,,,,,,,,
1779883200,7,False,,,,,,,,,,,,
1779883200,8,False,,,,,,,,,,,,
1779883200,9,False,,,,,,,,,,,,
1779883200,10,False,,,,,,,,,,,,
1779886800,1,False,,,,,,,,,,,,
1779886800,2,False,,,,,,,,,,,,
1779886800,3,False,,,,,,,,,,,,
1779886800,4,False,,,,,,,,,,,,
1779886800,5,False,,,,,,,,,,,,
1779886800,6,False,,,,,,,,,,,,
1779886800,7,False,,,,,,,,,,,,
1779886800,8,False,,,,,,,,,,,,
1779886800,9,False,,,,,,,,,,,,
1779886800,10,False,,,,,,,,,,,,
1779890400,1,False,,,,,,,,,,,,
1779890400,2,False,,,,,,,,,,,,
1779890400,3,False,,,,,,,,,,,,
1779890400,4,False,,,,,,,,,,,,
1779890400,5,False,,,,,,,,,,,,
1779890400,6,False,,,,,,,,,,,,
1779890400,7,False,,,,,,,,,,,,
1779890400,8,False,,,,,,,,,,,,
1779890400,9,False,,,,,,,,,,,,
1779890400,10,False,,,,,,,,,,,,
1779894000,1,False,,,,,,,,,,,,
1779894000,2,False,,,,,,,,,,,,
1779894000,3,False,,,,,,,,,,,,
1779894000,4,False,,,,,,,,,,,,
1779894000,5,False,,,,,,,,,,,,
1779894000,6,False,,,,,,,,,,,,
1779894000,7,False,,,,,,,,,,,,
1779894000,8,False,,,,,,,,,,,,
1779894000,9,False,,,,,,,,,,,,
1779894000,10,False,,,,,,,,,,,,
1779897600,1,False,,,,,,,,,,,,
1779897600,2,False,,,,,,,,,,,,
1779897600,3,False,,,,,,,,,,,,
1779897600,4,False,,,,,,,,,,,,
1779897600,5,False,,,,,,,,,,,,
1779897600,6,False,,,,,,,,,,,,
1779897600,7,False,,,,,,,,,,,,
1779897600,8,False,,,,,,,,,,,,
1779897600,9,False,,,,,,,,,,,,
1779897600,10,False,,,,,,,,,,,,
1779901200,1,False,,,,,,,,,,,,
1779901200,2,False,,,,,,,,,,,,
1779901200,3,False,,,,,,,,,,,,
1779901200,4,False,,,,,,,,,,,,
1779901200,5,False,,,,,,,,,,,,
1779901200,6,False,,,,,,,,,,,,
1779901200,7,False,,,,,,,,,,,,
1779901200,8,False,,,,,,,,,,,,
1779901200,9,False,,,,,,,,,,,,
1779901200,10,False,,,,,,,,,,,,
1779904800,1,False,,,,,,,,,,,,
1779904800,2,False,,,,,,,,,,,,
1779904800,3,False,,,,,,,,,,,,
1779904800,4,False,,,,,,,,,,,,
1779904800,5,False,,,,,,,,,,,,
1779904800,6,False,,,,,,,,,,,,
1779904800,7,False,,,,,,,,,,,,
1779904800,8,False,,,,,,,,,,,,
1779904800,9,False,,,,,,,,,,,,
1779904800,10,False,,,,,,,,,,,,
1779908400,1,False,,,,,,,,,,,,
1779908400,2,False,,,,,,,,,,,,
1779908400,3,False,,,,,,,,,,,,
1779908400,4,False,,,,,,,,,,,,
1779908400,5,False,,,,,,,,,,,,
1779908400,6,False,,,,,,,,,,,,
1779908400,7,False,,,,,,,,,,,,
1779908400,8,False,,,,,,,,,,,,
1779908400,9,False,,,,,,,,,,,,
1779908400,10,False,,,,,,,,,,,,
1779912000,1,False,,,,,,,,,,,,
1779912000,2,False,,,,,,,,,,,,
1779912000,3,False,,,,,,,,,,,,
1779912000,4,False,,,,,,,,,,,,
1779912000,5,False,,,,,,,,,,,,
1779912000,6,False,,,,,,,,,,,,
1779912000,7,False,,,,,,,,,,,,
1779912000,8,False,,,,,,,,,,,,
1779912000,9,False,,,,,,,,,,,,
1779912000,10,False,,,,,,,,,,,,
1779915600,1,False,,,,,,,,,,,,
1779915600,2,False,,,,,,,,,,,,
1779915600,3,False,,,,,,,,,,,,
1779915600,4,False,,,,,,,,,,,,
1779915600,5,False,,,,,,,,,,,,
1779915600,6,False,,,,,,,,,,,,
1779915600,7,False,,,,,,,,,,,,
1779915600,8,False,,,,,,,,,,,,
1779915600,9,False,,,,,,,,,,,,
1779915600,10,False,,,,,,,,,,,,
1779919200,1,False,,,,,,,,,,,,
1779919200,2,False,,,,,,,,,,,,
1779919200,3,False,,,,,,,,,,,,
1779919200,4,False,,,,,,,,,,,,
1779919200,5,False,,,,,,,,,,,,
1779919200,6,False,,,,,,,,,,,,
1779919200,7,False,,,,,,,,,,,,
1779919200,8,False,,,,,,,,,,,,
1779919200,9,False,,,,,,,,,,,,
1779919200,10,False,,,,,,,,,,,,
1779922800,1,False,,,,,,,,,,,,
1779922800,2,False,,,,,,,,,,,,
1779922800,3,False,,,,,,,,,,,,
1779922800,4,False,,,,,,,,,,,,
1779922800,5,False,,,,,,,,,,,,
1779922800,6,False,,,,,,,,,,,,
1779922800,7,False,,,,,,,,,,,,
1779922800,8,False,,,,,,,,,,,,
1779922800,9,False,,,,,,,,,,,,
1779922800,10,False,,,,,,,,,,,,
1779926400,1,False,,,,,,,,,,,,
1779926400,2,False,,,,,,,,,,,,
1779926400,3,False,,,,,,,,,,,,
1779926400,4,False,,,,,,,,,,,,
1779926400,5,False,,,,,,,,,,,,
1779926400,6,False,,,,,,,,,,,,
1779926400,7,False,,,,,,,,,,,,
1779926400,8,False,,,,,,,,,,,,
1779926400,9,False,,,,,,,,,,,,
1779926400,10,False,,,,,,,,,,,,
1779930000,1,False,,,,,,,,,,,,
1779930000,2,False,,,,,,,,,,,,
1779930000,3,False,,,,,,,,,,,,
1779930000,4,False,,,,,,,,,,,,
1779930000,5,False,,,,,,,,,,,,
1779930000,6,False,,,,,,,,,,,,
1779930000,7,False,,,,,,,,,,,,
1779930000,8,False,,,,,,,,,,,,
1779930000,9,False,,,,,,,,,,,,
1779930000,10,False,,,,,,,,,,,,
1779933600,1,False,,,,,,,,,,,,
1779933600,2,False,,,,,,,,,,,,
1779933600,3,False,,,,,,,,,,,,
1779933600,4,False,,,,,,,,,,,,
1779933600,5,False,,,,,,,,,,,,
1779933600,6,False,,,,,,,,,,,,
1779933600,7,False,,,,,,,,,,,,
1779933600,8,False,,,,,,,,,,,,
1779933600,9,False,,,,,,,,,,,,
1779933600,10,False,,,,,,,,,,,,
1779937200,1,False,,,,,,,,,,,,
1779937200,2,False,,,,,,,,,,,,
1779937200,3,False,,,,,,,,,,,,
1779937200,4,False,,,,,,,,,,,,
1779937200,5,False,,,,,,,,,,,,
1779937200,6,False,,,,,,,,,,,,
1779937200,7,False,,,,,,,,,,,,
1779937200,8,False,,,,,,,,,,,,
1779937200,9,False,,,,,,,,,,,,
1779937200,10,False,,,,,,,,,,,,
1779940800,1,False,,,,,,,,,,,,
1779940800,2,False,,,,,,,,,,,,
1779940800,3,False,,,,,,,,,,,,
1779940800,4,False,,,,,,,,,,,,
1779940800,5,False,,,,,,,,,,,,
1779940800,6,False,,,,,,,,,,,,
1779940800,7,False,,,,,,,,,,,,
1779940800,8,False,,,,,,,,,,,,
1779940800,9,False,,,,,,,,,,,,
1779940800,10,False,,,,,,,,,,,,
1779944400,1,False,,,,,,,,,,,,
1779944400,2,False,,,,,,,,,,,,
1779944400,3,False,,,,,,,,,,,,
1779944400,4,False,,,,,,,,,,,,
1779944400,5,False,,,,,,,,,,,,
1779944400,6,False,,,,,,,,,,,,
1779944400,7,False,,,,,,,,,,,,
1779944400,8,False,,,,,,,,,,,,
1779944400,9,False,,,,,,,,,,,,
1779944400,10,False,,,,,,,,,,,,
1779948000,1,False,,,,,,,,,,,,
1779948000,2,False,,,,,,,,,,,,
1779948000,3,False,,,,,,,,,,,,
1779948000,4,False,,,,,,,,,,,,
1779948000,5,False,,,,,,,,,,,,
1779948000,6,False,,,,,,,,,,,,
1779948000,7,False,,,,,,,,,,,,
1779948000,8,False,,,,,,,,,,,,
1779948000,9,False,,,,,,,,,,,,
1779948000,10,False,,,,,,,,,,,,
1779951600,1,False,,,,,,,,,,,,
1779951600,2,False,,,,,,,,,,,,
1779951600,3,False,,,,,,,,,,,,
1779951600,4,False,,,,,,,,,,,,
1779951600,5,False,,,,,,,,,,,,
1779951600,6,False,,,,,,,,,,,,
1779951600,7,False,,,,,,,,,,,,
1779951600,8,False,,,,,,,,,,,,
1779951600,9,False,,,,,,,,,,,,
1779951600,10,False,,,,,,,,,,,,
1779955200,1,False,,,,,,,,,,,,
1779955200,2,False,,,,,,,,,,,,
1779955200,3,False,,,,,,,,,,,,
1779955200,4,False,,,,,,,,,,,,
1779955200,5,False,,,,,,,,,,,,
1779955200,6,False,,,,,,,,,,,,
1779955200,7,False,,,,,,,,,,,,
1779955200,8,False,,,,,,,,,,,,
1779955200,9,False,,,,,,,,,,,,
1779955200,10,False,,,,,,,,,,,,
1779958800,1,False,,,,,,,,,,,,
1779958800,2,False,,,,,,,,,,,,
1779958800,3,False,,,,,,,,,,,,
1779958800,4,False,,,,,,,,,,,,
1779958800,5,False,,,,,,,,,,,,
1779958800,6,False,,,,,,,,,,,,
1779958800,7,False,,,,,,,,,,,,
1779958800,8,False,,,,,,,,,,,,
1779958800,9,False,,,,,,,,,,,,
1779958800,10,False,,,,,,,,,,,,
1779962400,1,False,,,,,,,,,,,,
1779962400,2,False,,,,,,,,,,,,
1779962400,3,False,,,,,,,,,,,,
1779962400,4,False,,,,,,,,,,,,
1779962400,5,False,,,,,,,,,,,,
1779962400,6,False,,,,,,,,,,,,
1779962400,7,False,,,,,,,,,,,,
1779962400,8,False,,,,,,,,,,,,
1779962400,9,False,,,,,,,,,,,,
1779962400,10,False,,,,,,,,,,,,
1779966000,1,False,,,,,,,,,,,,
1779966000,2,False,,,,,,,,,,,,
1779966000,3,False,,,,,,,,,,,,
1779966000,4,False,,,,,,,,,,,,
1779966000,5,False,,,,,,,,,,,,
1779966000,6,False,,,,,,,,,,,,
1779966000,7,False,,,,,,,,,,,,
1779966000,8,False,,,,,,,,,,,,
1779966000,9,False,,,,,,,,,,,,
1779966000,10,False,,,,,,,,,,,,
1779969600,1,False,,,,,,,,,,,,
1779969600,2,False,,,,,,,,,,,,
1779969600,3,False,,,,,,,,,,,,
1779969600,4,False,,,,,,,,,,,,
1779969600,5,False,,,,,,,,,,,,
1779969600,6,False,,,,,,,,,,,,
1779969600,7,False,,,,,,,,,,,,
1779969600,8,False,,,,,,,,,,,,
1779969600,9,False,,,,,,,,,,,,
1779969600,10,False,,,,,,,,,,,,
1779973200,1,False,,,,,,,,,,,,
1779973200,2,False,,,,,,,,,,,,
1779973200,3,False,,,,,,,,,,,,
1779973200,4,False,,,,,,,,,,,,
1779973200,5,False,,,,,,,,,,,,
1779973200,6,False,,,,,,,,,,,,
1779973200,7,False,,,,,,,,,,,,
1779973200,8,False,,,,,,,,,,,,
1779973200,9,False,,,,,,,,,,,,
1779973200,10,False,,,,,,,,,,,,
1779976800,1,True,up,0.98,0.8899999856948853,23.030000686645508,0.08314701352405547,empty_book,,0.0,0.0,0.0,True,0.0
1779976800,2,True,up,0.98,0.7900000214576721,2.3499999046325684,0.1783869794135094,filled,0.8899999856948853,23.030000686645508,20.4967002816677,0.15782461269337678,True,2.3754757922844316
1779976800,3,True,up,0.98,0.7900000214576721,7.349999904632568,0.1783869794135094,filled,0.8899999856948853,23.030000686645508,20.4967002816677,0.15782461269337678,True,2.3754757922844316
1779976800,4,True,up,0.9644037937137222,0.6700000166893005,5.0,0.278926777421627,filled,0.7900000214576721,2.3499999046325684,1.8564999750852564,0.02729054684522153,True,0.4662093827020904
1779976800,5,True,up,0.9396017308814473,0.6700000166893005,5.0,0.2541247145893521,filled,0.7200000286102295,15.0,10.800000429153442,0.21167998678207314,True,3.9883195840644845
1779976800,6,True,up,0.9557066465901469,0.6899999976158142,5.0,0.2507336489109134,filled,0.6700000166893005,5.0,3.3500000834465027,0.07738499801397314,True,1.5726149185395242
1779976800,7,True,up,0.942554589408346,0.6899999976158142,5.0,0.23758159172911247,filled,0.7200000286102295,34.72222084248513,25.0,0.48999994993209844,True,9.23222089255303
1779976800,8,True,up,0.9298616143375726,0.7300000190734863,3.0,0.18606459587825258,filled,0.6700000166893005,5.0,3.3500000834465027,0.07738499801397314,True,1.5726149185395242
1779976800,9,True,up,0.9179580125565959,0.6899999976158142,5.0,0.21298501487736238,filled,0.7300000190734863,3.0,2.190000057220459,0.04139099815750115,True,0.7686089446220399
1779976800,10,True,up,0.9065936129338916,0.7699999809265137,5.0,0.1241966312864002,filled,0.7300000190734863,5.0,3.6500000953674316,0.06898499692916858,True,1.2810149077033999
1779980400,1,False,,,,,,,,,,,,
1779980400,2,False,,,,,,,,,,,,
1779980400,3,False,,,,,,,,,,,,
1779980400,4,False,,,,,,,,,,,,
1779980400,5,False,,,,,,,,,,,,
1779980400,6,False,,,,,,,,,,,,
1779980400,7,False,,,,,,,,,,,,
1779980400,8,False,,,,,,,,,,,,
1779980400,9,False,,,,,,,,,,,,
1779980400,10,False,,,,,,,,,,,,
1779984000,1,False,,,,,,,,,,,,
1779984000,2,False,,,,,,,,,,,,
1779984000,3,False,,,,,,,,,,,,
1779984000,4,False,,,,,,,,,,,,
1779984000,5,False,,,,,,,,,,,,
1779984000,6,False,,,,,,,,,,,,
1779984000,7,False,,,,,,,,,,,,
1779984000,8,False,,,,,,,,,,,,
1779984000,9,False,,,,,,,,,,,,
1779984000,10,False,,,,,,,,,,,,
1779987600,1,False,,,,,,,,,,,,
1779987600,2,False,,,,,,,,,,,,
1779987600,3,False,,,,,,,,,,,,
1779987600,4,False,,,,,,,,,,,,
1779987600,5,False,,,,,,,,,,,,
1779987600,6,False,,,,,,,,,,,,
1779987600,7,False,,,,,,,,,,,,
1779987600,8,False,,,,,,,,,,,,
1779987600,9,False,,,,,,,,,,,,
1779987600,10,False,,,,,,,,,,,,
1779991200,1,False,,,,,,,,,,,,
1779991200,2,False,,,,,,,,,,,,
1779991200,3,False,,,,,,,,,,,,
1779991200,4,False,,,,,,,,,,,,
1779991200,5,False,,,,,,,,,,,,
1779991200,6,False,,,,,,,,,,,,
1779991200,7,False,,,,,,,,,,,,
1779991200,8,False,,,,,,,,,,,,
1779991200,9,False,,,,,,,,,,,,
1779991200,10,False,,,,,,,,,,,,
1779994800,1,False,,,,,,,,,,,,
1779994800,2,False,,,,,,,,,,,,
1779994800,3,False,,,,,,,,,,,,
1779994800,4,False,,,,,,,,,,,,
1779994800,5,False,,,,,,,,,,,,
1779994800,6,False,,,,,,,,,,,,
1779994800,7,False,,,,,,,,,,,,
1779994800,8,False,,,,,,,,,,,,
1779994800,9,False,,,,,,,,,,,,
1779994800,10,False,,,,,,,,,,,,
1779998400,1,False,,,,,,,,,,,,
1779998400,2,False,,,,,,,,,,,,
1779998400,3,False,,,,,,,,,,,,
1779998400,4,False,,,,,,,,,,,,
1779998400,5,False,,,,,,,,,,,,
1779998400,6,False,,,,,,,,,,,,
1779998400,7,False,,,,,,,,,,,,
1779998400,8,False,,,,,,,,,,,,
1779998400,9,False,,,,,,,,,,,,
1779998400,10,False,,,,,,,,,,,,
1780002000,1,False,,,,,,,,,,,,
1780002000,2,False,,,,,,,,,,,,
1780002000,3,False,,,,,,,,,,,,
1780002000,4,False,,,,,,,,,,,,
1780002000,5,False,,,,,,,,,,,,
1780002000,6,False,,,,,,,,,,,,
1780002000,7,False,,,,,,,,,,,,
1780002000,8,False,,,,,,,,,,,,
1780002000,9,False,,,,,,,,,,,,
1780002000,10,False,,,,,,,,,,,,
1780005600,1,False,,,,,,,,,,,,
1780005600,2,False,,,,,,,,,,,,
1780005600,3,False,,,,,,,,,,,,
1780005600,4,False,,,,,,,,,,,,
1780005600,5,False,,,,,,,,,,,,
1780005600,6,False,,,,,,,,,,,,
1780005600,7,False,,,,,,,,,,,,
1780005600,8,False,,,,,,,,,,,,
1780005600,9,False,,,,,,,,,,,,
1780005600,10,False,,,,,,,,,,,,
1780009200,1,False,,,,,,,,,,,,
1780009200,2,False,,,,,,,,,,,,
1780009200,3,False,,,,,,,,,,,,
1780009200,4,False,,,,,,,,,,,,
1780009200,5,False,,,,,,,,,,,,
1780009200,6,False,,,,,,,,,,,,
1780009200,7,False,,,,,,,,,,,,
1780009200,8,False,,,,,,,,,,,,
1780009200,9,False,,,,,,,,,,,,
1780009200,10,False,,,,,,,,,,,,
1780012800,1,False,,,,,,,,,,,,
1780012800,2,False,,,,,,,,,,,,
1780012800,3,False,,,,,,,,,,,,
1780012800,4,False,,,,,,,,,,,,
1780012800,5,False,,,,,,,,,,,,
1780012800,6,False,,,,,,,,,,,,
1780012800,7,False,,,,,,,,,,,,
1780012800,8,False,,,,,,,,,,,,
1780012800,9,False,,,,,,,,,,,,
1780012800,10,False,,,,,,,,,,,,
1780016400,1,False,,,,,,,,,,,,
1780016400,2,False,,,,,,,,,,,,
1780016400,3,False,,,,,,,,,,,,
1780016400,4,False,,,,,,,,,,,,
1780016400,5,False,,,,,,,,,,,,
1780016400,6,False,,,,,,,,,,,,
1780016400,7,False,,,,,,,,,,,,
1780016400,8,False,,,,,,,,,,,,
1780016400,9,False,,,,,,,,,,,,
1780016400,10,False,,,,,,,,,,,,
1780020000,1,False,,,,,,,,,,,,
1780020000,2,False,,,,,,,,,,,,
1780020000,3,False,,,,,,,,,,,,
1780020000,4,False,,,,,,,,,,,,
1780020000,5,False,,,,,,,,,,,,
1780020000,6,False,,,,,,,,,,,,
1780020000,7,False,,,,,,,,,,,,
1780020000,8,False,,,,,,,,,,,,
1780020000,9,False,,,,,,,,,,,,
1780020000,10,False,,,,,,,,,,,,
1780023600,1,False,,,,,,,,,,,,
1780023600,2,False,,,,,,,,,,,,
1780023600,3,False,,,,,,,,,,,,
1780023600,4,False,,,,,,,,,,,,
1780023600,5,False,,,,,,,,,,,,
1780023600,6,False,,,,,,,,,,,,
1780023600,7,False,,,,,,,,,,,,
1780023600,8,False,,,,,,,,,,,,
1780023600,9,False,,,,,,,,,,,,
1780023600,10,False,,,,,,,,,,,,
1780027200,1,False,,,,,,,,,,,,
1780027200,2,False,,,,,,,,,,,,
1780027200,3,False,,,,,,,,,,,,
1780027200,4,False,,,,,,,,,,,,
1780027200,5,False,,,,,,,,,,,,
1780027200,6,False,,,,,,,,,,,,
1780027200,7,False,,,,,,,,,,,,
1780027200,8,False,,,,,,,,,,,,
1780027200,9,False,,,,,,,,,,,,
1780027200,10,False,,,,,,,,,,,,
1780030800,1,False,,,,,,,,,,,,
1780030800,2,False,,,,,,,,,,,,
1780030800,3,False,,,,,,,,,,,,
1780030800,4,False,,,,,,,,,,,,
1780030800,5,False,,,,,,,,,,,,
1780030800,6,False,,,,,,,,,,,,
1780030800,7,False,,,,,,,,,,,,
1780030800,8,False,,,,,,,,,,,,
1780030800,9,False,,,,,,,,,,,,
1780030800,10,False,,,,,,,,,,,,
1780034400,1,False,,,,,,,,,,,,
1780034400,2,False,,,,,,,,,,,,
1780034400,3,False,,,,,,,,,,,,
1780034400,4,False,,,,,,,,,,,,
1780034400,5,False,,,,,,,,,,,,
1780034400,6,False,,,,,,,,,,,,
1780034400,7,False,,,,,,,,,,,,
1780034400,8,False,,,,,,,,,,,,
1780034400,9,False,,,,,,,,,,,,
1780034400,10,False,,,,,,,,,,,,
1780038000,1,False,,,,,,,,,,,,
1780038000,2,False,,,,,,,,,,,,
1780038000,3,False,,,,,,,,,,,,
1780038000,4,False,,,,,,,,,,,,
1780038000,5,False,,,,,,,,,,,,
1780038000,6,False,,,,,,,,,,,,
1780038000,7,False,,,,,,,,,,,,
1780038000,8,False,,,,,,,,,,,,
1780038000,9,False,,,,,,,,,,,,
1780038000,10,False,,,,,,,,,,,,
1780041600,1,False,,,,,,,,,,,,
1780041600,2,False,,,,,,,,,,,,
1780041600,3,False,,,,,,,,,,,,
1780041600,4,False,,,,,,,,,,,,
1780041600,5,False,,,,,,,,,,,,
1780041600,6,False,,,,,,,,,,,,
1780041600,7,False,,,,,,,,,,,,
1780041600,8,False,,,,,,,,,,,,
1780041600,9,False,,,,,,,,,,,,
1780041600,10,False,,,,,,,,,,,,
1780045200,1,False,,,,,,,,,,,,
1780045200,2,False,,,,,,,,,,,,
1780045200,3,False,,,,,,,,,,,,
1780045200,4,False,,,,,,,,,,,,
1780045200,5,False,,,,,,,,,,,,
1780045200,6,False,,,,,,,,,,,,
1780045200,7,False,,,,,,,,,,,,
1780045200,8,False,,,,,,,,,,,,
1780045200,9,False,,,,,,,,,,,,
1780045200,10,False,,,,,,,,,,,,
1780048800,1,False,,,,,,,,,,,,
1780048800,2,False,,,,,,,,,,,,
1780048800,3,False,,,,,,,,,,,,
1780048800,4,False,,,,,,,,,,,,
1780048800,5,False,,,,,,,,,,,,
1780048800,6,False,,,,,,,,,,,,
1780048800,7,False,,,,,,,,,,,,
1780048800,8,False,,,,,,,,,,,,
1780048800,9,False,,,,,,,,,,,,
1780048800,10,False,,,,,,,,,,,,
1780052400,1,False,,,,,,,,,,,,
1780052400,2,False,,,,,,,,,,,,
1780052400,3,False,,,,,,,,,,,,
1780052400,4,False,,,,,,,,,,,,
1780052400,5,False,,,,,,,,,,,,
1780052400,6,False,,,,,,,,,,,,
1780052400,7,False,,,,,,,,,,,,
1780052400,8,False,,,,,,,,,,,,
1780052400,9,False,,,,,,,,,,,,
1780052400,10,False,,,,,,,,,,,,
1780059600,1,False,,,,,,,,,,,,
1780059600,2,False,,,,,,,,,,,,
1780059600,3,False,,,,,,,,,,,,
1780059600,4,False,,,,,,,,,,,,
1780059600,5,False,,,,,,,,,,,,
1780059600,6,False,,,,,,,,,,,,
1780059600,7,False,,,,,,,,,,,,
1780059600,8,False,,,,,,,,,,,,
1780059600,9,False,,,,,,,,,,,,
1780059600,10,False,,,,,,,,,,,,
1780063200,1,False,,,,,,,,,,,,
1780063200,2,False,,,,,,,,,,,,
1780063200,3,False,,,,,,,,,,,,
1780063200,4,False,,,,,,,,,,,,
1780063200,5,False,,,,,,,,,,,,
1780063200,6,False,,,,,,,,,,,,
1780063200,7,False,,,,,,,,,,,,
1780063200,8,False,,,,,,,,,,,,
1780063200,9,False,,,,,,,,,,,,
1780063200,10,False,,,,,,,,,,,,
1780066800,1,False,,,,,,,,,,,,
1780066800,2,False,,,,,,,,,,,,
1780066800,3,False,,,,,,,,,,,,
1780066800,4,False,,,,,,,,,,,,
1780066800,5,False,,,,,,,,,,,,
1780066800,6,False,,,,,,,,,,,,
1780066800,7,False,,,,,,,,,,,,
1780066800,8,False,,,,,,,,,,,,
1780066800,9,False,,,,,,,,,,,,
1780066800,10,False,,,,,,,,,,,,
1780070400,1,False,,,,,,,,,,,,
1780070400,2,False,,,,,,,,,,,,
1780070400,3,False,,,,,,,,,,,,
1780070400,4,False,,,,,,,,,,,,
1780070400,5,False,,,,,,,,,,,,
1780070400,6,False,,,,,,,,,,,,
1780070400,7,False,,,,,,,,,,,,
1780070400,8,False,,,,,,,,,,,,
1780070400,9,False,,,,,,,,,,,,
1780070400,10,False,,,,,,,,,,,,
1780074000,1,False,,,,,,,,,,,,
1780074000,2,False,,,,,,,,,,,,
1780074000,3,False,,,,,,,,,,,,
1780074000,4,False,,,,,,,,,,,,
1780074000,5,False,,,,,,,,,,,,
1780074000,6,False,,,,,,,,,,,,
1780074000,7,False,,,,,,,,,,,,
1780074000,8,False,,,,,,,,,,,,
1780074000,9,False,,,,,,,,,,,,
1780074000,10,False,,,,,,,,,,,,
1780077600,1,False,,,,,,,,,,,,
1780077600,2,False,,,,,,,,,,,,
1780077600,3,False,,,,,,,,,,,,
1780077600,4,False,,,,,,,,,,,,
1780077600,5,False,,,,,,,,,,,,
1780077600,6,False,,,,,,,,,,,,
1780077600,7,False,,,,,,,,,,,,
1780077600,8,False,,,,,,,,,,,,
1780077600,9,False,,,,,,,,,,,,
1780077600,10,False,,,,,,,,,,,,
1780081200,1,False,,,,,,,,,,,,
1780081200,2,False,,,,,,,,,,,,
1780081200,3,False,,,,,,,,,,,,
1780081200,4,False,,,,,,,,,,,,
1780081200,5,False,,,,,,,,,,,,
1780081200,6,False,,,,,,,,,,,,
1780081200,7,False,,,,,,,,,,,,
1780081200,8,False,,,,,,,,,,,,
1780081200,9,False,,,,,,,,,,,,
1780081200,10,False,,,,,,,,,,,,
1780084800,1,False,,,,,,,,,,,,
1780084800,2,False,,,,,,,,,,,,
1780084800,3,False,,,,,,,,,,,,
1780084800,4,False,,,,,,,,,,,,
1780084800,5,False,,,,,,,,,,,,
1780084800,6,False,,,,,,,,,,,,
1780084800,7,False,,,,,,,,,,,,
1780084800,8,False,,,,,,,,,,,,
1780084800,9,False,,,,,,,,,,,,
1780084800,10,False,,,,,,,,,,,,
1780088400,1,False,,,,,,,,,,,,
1780088400,2,False,,,,,,,,,,,,
1780088400,3,False,,,,,,,,,,,,
1780088400,4,False,,,,,,,,,,,,
1780088400,5,False,,,,,,,,,,,,
1780088400,6,False,,,,,,,,,,,,
1780088400,7,False,,,,,,,,,,,,
1780088400,8,False,,,,,,,,,,,,
1780088400,9,False,,,,,,,,,,,,
1780088400,10,False,,,,,,,,,,,,
1780092000,1,False,,,,,,,,,,,,
1780092000,2,False,,,,,,,,,,,,
1780092000,3,False,,,,,,,,,,,,
1780092000,4,False,,,,,,,,,,,,
1780092000,5,False,,,,,,,,,,,,
1780092000,6,False,,,,,,,,,,,,
1780092000,7,False,,,,,,,,,,,,
1780092000,8,False,,,,,,,,,,,,
1780092000,9,False,,,,,,,,,,,,
1780092000,10,False,,,,,,,,,,,,
1780095600,1,False,,,,,,,,,,,,
1780095600,2,False,,,,,,,,,,,,
1780095600,3,False,,,,,,,,,,,,
1780095600,4,False,,,,,,,,,,,,
1780095600,5,False,,,,,,,,,,,,
1780095600,6,False,,,,,,,,,,,,
1780095600,7,False,,,,,,,,,,,,
1780095600,8,False,,,,,,,,,,,,
1780095600,9,False,,,,,,,,,,,,
1780095600,10,False,,,,,,,,,,,,
1780099200,1,False,,,,,,,,,,,,
1780099200,2,False,,,,,,,,,,,,
1780099200,3,False,,,,,,,,,,,,
1780099200,4,False,,,,,,,,,,,,
1780099200,5,False,,,,,,,,,,,,
1780099200,6,False,,,,,,,,,,,,
1780099200,7,False,,,,,,,,,,,,
1780099200,8,False,,,,,,,,,,,,
1780099200,9,False,,,,,,,,,,,,
1780099200,10,False,,,,,,,,,,,,
1780102800,1,False,,,,,,,,,,,,
1780102800,2,False,,,,,,,,,,,,
1780102800,3,False,,,,,,,,,,,,
1780102800,4,False,,,,,,,,,,,,
1780102800,5,False,,,,,,,,,,,,
1780102800,6,False,,,,,,,,,,,,
1780102800,7,False,,,,,,,,,,,,
1780102800,8,False,,,,,,,,,,,,
1780102800,9,False,,,,,,,,,,,,
1780102800,10,False,,,,,,,,,,,,
1780106400,1,False,,,,,,,,,,,,
1780106400,2,False,,,,,,,,,,,,
1780106400,3,False,,,,,,,,,,,,
1780106400,4,False,,,,,,,,,,,,
1780106400,5,False,,,,,,,,,,,,
1780106400,6,False,,,,,,,,,,,,
1780106400,7,False,,,,,,,,,,,,
1780106400,8,False,,,,,,,,,,,,
1780106400,9,False,,,,,,,,,,,,
1780106400,10,False,,,,,,,,,,,,
1780110000,1,False,,,,,,,,,,,,
1780110000,2,False,,,,,,,,,,,,
1780110000,3,False,,,,,,,,,,,,
1780110000,4,False,,,,,,,,,,,,
1780110000,5,False,,,,,,,,,,,,
1780110000,6,False,,,,,,,,,,,,
1780110000,7,False,,,,,,,,,,,,
1780110000,8,False,,,,,,,,,,,,
1780110000,9,False,,,,,,,,,,,,
1780110000,10,False,,,,,,,,,,,,
1780113600,1,False,,,,,,,,,,,,
1780113600,2,False,,,,,,,,,,,,
1780113600,3,False,,,,,,,,,,,,
1780113600,4,False,,,,,,,,,,,,
1780113600,5,False,,,,,,,,,,,,
1780113600,6,False,,,,,,,,,,,,
1780113600,7,False,,,,,,,,,,,,
1780113600,8,False,,,,,,,,,,,,
1780113600,9,False,,,,,,,,,,,,
1780113600,10,False,,,,,,,,,,,,
1780117200,1,False,,,,,,,,,,,,
1780117200,2,False,,,,,,,,,,,,
1780117200,3,False,,,,,,,,,,,,
1780117200,4,False,,,,,,,,,,,,
1780117200,5,False,,,,,,,,,,,,
1780117200,6,False,,,,,,,,,,,,
1780117200,7,False,,,,,,,,,,,,
1780117200,8,False,,,,,,,,,,,,
1780117200,9,False,,,,,,,,,,,,
1780117200,10,False,,,,,,,,,,,,
1780120800,1,False,,,,,,,,,,,,
1780120800,2,False,,,,,,,,,,,,
1780120800,3,False,,,,,,,,,,,,
1780120800,4,False,,,,,,,,,,,,
1780120800,5,False,,,,,,,,,,,,
1780120800,6,False,,,,,,,,,,,,
1780120800,7,False,,,,,,,,,,,,
1780120800,8,False,,,,,,,,,,,,
1780120800,9,False,,,,,,,,,,,,
1780120800,10,False,,,,,,,,,,,,
1780124400,1,False,,,,,,,,,,,,
1780124400,2,False,,,,,,,,,,,,
1780124400,3,False,,,,,,,,,,,,
1780124400,4,False,,,,,,,,,,,,
1780124400,5,False,,,,,,,,,,,,
1780124400,6,False,,,,,,,,,,,,
1780124400,7,False,,,,,,,,,,,,
1780124400,8,False,,,,,,,,,,,,
1780124400,9,False,,,,,,,,,,,,
1780124400,10,False,,,,,,,,,,,,
1780128000,1,False,,,,,,,,,,,,
1780128000,2,False,,,,,,,,,,,,
1780128000,3,False,,,,,,,,,,,,
1780128000,4,False,,,,,,,,,,,,
1780128000,5,False,,,,,,,,,,,,
1780128000,6,False,,,,,,,,,,,,
1780128000,7,False,,,,,,,,,,,,
1780128000,8,False,,,,,,,,,,,,
1780128000,9,False,,,,,,,,,,,,
1780128000,10,False,,,,,,,,,,,,
1780131600,1,False,,,,,,,,,,,,
1780131600,2,False,,,,,,,,,,,,
1780131600,3,False,,,,,,,,,,,,
1780131600,4,False,,,,,,,,,,,,
1780131600,5,False,,,,,,,,,,,,
1780131600,6,False,,,,,,,,,,,,
1780131600,7,False,,,,,,,,,,,,
1780131600,8,False,,,,,,,,,,,,
1780131600,9,False,,,,,,,,,,,,
1780131600,10,False,,,,,,,,,,,,
1780135200,1,False,,,,,,,,,,,,
1780135200,2,False,,,,,,,,,,,,
1780135200,3,False,,,,,,,,,,,,
1780135200,4,False,,,,,,,,,,,,
1780135200,5,False,,,,,,,,,,,,
1780135200,6,False,,,,,,,,,,,,
1780135200,7,False,,,,,,,,,,,,
1780135200,8,False,,,,,,,,,,,,
1780135200,9,False,,,,,,,,,,,,
1780135200,10,False,,,,,,,,,,,,
1780138800,1,False,,,,,,,,,,,,
1780138800,2,False,,,,,,,,,,,,
1780138800,3,False,,,,,,,,,,,,
1780138800,4,False,,,,,,,,,,,,
1780138800,5,False,,,,,,,,,,,,
1780138800,6,False,,,,,,,,,,,,
1780138800,7,False,,,,,,,,,,,,
1780138800,8,False,,,,,,,,,,,,
1780138800,9,False,,,,,,,,,,,,
1780138800,10,False,,,,,,,,,,,,
1780142400,1,False,,,,,,,,,,,,
1780142400,2,False,,,,,,,,,,,,
1780142400,3,False,,,,,,,,,,,,
1780142400,4,False,,,,,,,,,,,,
1780142400,5,False,,,,,,,,,,,,
1780142400,6,False,,,,,,,,,,,,
1780142400,7,False,,,,,,,,,,,,
1780142400,8,False,,,,,,,,,,,,
1780142400,9,False,,,,,,,,,,,,
1780142400,10,False,,,,,,,,,,,,
1780146000,1,False,,,,,,,,,,,,
1780146000,2,False,,,,,,,,,,,,
1780146000,3,False,,,,,,,,,,,,
1780146000,4,False,,,,,,,,,,,,
1780146000,5,False,,,,,,,,,,,,
1780146000,6,False,,,,,,,,,,,,
1780146000,7,False,,,,,,,,,,,,
1780146000,8,False,,,,,,,,,,,,
1780146000,9,False,,,,,,,,,,,,
1780146000,10,False,,,,,,,,,,,,
1780149600,1,False,,,,,,,,,,,,
1780149600,2,False,,,,,,,,,,,,
1780149600,3,False,,,,,,,,,,,,
1780149600,4,False,,,,,,,,,,,,
1780149600,5,False,,,,,,,,,,,,
1780149600,6,False,,,,,,,,,,,,
1780149600,7,False,,,,,,,,,,,,
1780149600,8,False,,,,,,,,,,,,
1780149600,9,False,,,,,,,,,,,,
1780149600,10,False,,,,,,,,,,,,
1780153200,1,False,,,,,,,,,,,,
1780153200,2,False,,,,,,,,,,,,
1780153200,3,True,down,0.98,0.36000001430511475,40.52000045776367,0.603871985414505,book_moved_no_edge,0.10000002384185791,0.0,0.0,0.0,False,0.0
1780153200,4,True,down,0.98,0.32999998331069946,5.0,0.6345230170865059,book_moved_no_edge,0.26999998092651367,0.0,0.0,0.0,False,0.0
1780153200,5,True,down,0.98,0.3399999737739563,6.670000076293945,0.6242920268135072,filled,0.38999998569488525,5.0,1.9499999284744263,0.0832649988985061,False,-2.033264927372932
1780153200,6,False,,,,,,,,,,,,
1780153200,7,True,down,0.98,0.38999998569488525,14.739999771118164,0.5733470145254135,book_moved_no_edge,0.26999998092651367,0.0,0.0,0.0,False,0.0
1780153200,8,True,down,0.98,0.3999999761581421,4.420000076293945,0.563200024175644,book_moved_no_edge,0.25,0.0,0.0,0.0,False,0.0
1780153200,9,True,down,0.98,0.8100000023841858,5.0,0.15922699771928786,book_moved_no_edge,0.25,0.0,0.0,0.0,False,0.0
1780153200,10,True,down,0.98,0.9200000017881393,82.30999755859375,0.05484799831700323,filled,0.32999998331069946,5.0,1.6499999165534973,0.07738499801397315,False,-1.7273849145674705
1780156800,1,True,up,0.98,0.8899999856948853,5.0,0.08314701352405547,empty_book,,0.0,0.0,0.0,True,0.0
1780156800,2,True,up,0.98,0.8500000238418579,2.640000104904175,0.12107497732639315,filled,0.8999999761581421,27.77777851363761,25.0,0.17500004172325134,True,2.602778471914359
1780156800,3,True,up,0.98,0.8500000238418579,2.640000104904175,0.12107497732639315,filled,0.8799999952316284,28.409091063028526,25.0,0.2100000083446503,True,3.1990910546838762
1780156800,4,True,up,0.98,0.8500000238418579,5.0,0.12107497732639315,filled,0.8500000238418579,2.640000104904175,2.244000152111056,0.023561997852086795,True,0.37243795494103205
1780156800,5,True,up,0.98,0.8500000238418579,5.0,0.12107497732639315,filled,0.8500000238418579,2.640000104904175,2.244000152111056,0.023561997852086795,True,0.37243795494103205
1780156800,6,True,up,0.98,0.8600000143051147,5.0,0.11157198641586304,filled,0.8500000238418579,5.0,4.2500001192092896,0.044624994158744616,True,0.7053748866319658
1780156800,7,True,up,0.98,0.8100000023841858,5.0,0.15922699771928786,filled,0.8299999833106995,5.0,4.149999916553497,0.049385003855228336,True,0.8006150795912743
1780156800,8,True,up,0.98,0.8100000023841858,5.0,0.15922699771928786,filled,0.8600000143051147,5.0,4.300000071525574,0.04213999639511101,True,0.6578599320793153
1780156800,9,True,up,0.98,0.7900000214576721,3.5399999618530273,0.1783869794135094,filled,0.8100000023841858,5.0,4.050000011920929,0.05386499948263169,True,0.8961349885964394
1780156800,10,True,up,0.98,0.7699999809265137,5.0,0.19760301835250854,filled,0.8100000023841858,10.0,8.100000023841858,0.10772999896526338,True,1.7922699771928787
1780160400,1,False,,,,,,,,,,,,
1780160400,2,False,,,,,,,,,,,,
1780160400,3,False,,,,,,,,,,,,
1780160400,4,False,,,,,,,,,,,,
1780160400,5,False,,,,,,,,,,,,
1780160400,6,False,,,,,,,,,,,,
1780160400,7,False,,,,,,,,,,,,
1780160400,8,False,,,,,,,,,,,,
1780160400,9,False,,,,,,,,,,,,
1780160400,10,False,,,,,,,,,,,,
1780164000,1,False,,,,,,,,,,,,
1780164000,2,False,,,,,,,,,,,,
1780164000,3,False,,,,,,,,,,,,
1780164000,4,False,,,,,,,,,,,,
1780164000,5,False,,,,,,,,,,,,
1780164000,6,False,,,,,,,,,,,,
1780164000,7,False,,,,,,,,,,,,
1780164000,8,False,,,,,,,,,,,,
1780164000,9,False,,,,,,,,,,,,
1780164000,10,False,,,,,,,,,,,,
1780167600,1,False,,,,,,,,,,,,
1780167600,2,False,,,,,,,,,,,,
1780167600,3,False,,,,,,,,,,,,
1780167600,4,False,,,,,,,,,,,,
1780167600,5,False,,,,,,,,,,,,
1780167600,6,False,,,,,,,,,,,,
1780167600,7,False,,,,,,,,,,,,
1780167600,8,False,,,,,,,,,,,,
1780167600,9,False,,,,,,,,,,,,
1780167600,10,False,,,,,,,,,,,,
1780171200,1,False,,,,,,,,,,,,
1780171200,2,False,,,,,,,,,,,,
1780171200,3,False,,,,,,,,,,,,
1780171200,4,False,,,,,,,,,,,,
1780171200,5,False,,,,,,,,,,,,
1780171200,6,False,,,,,,,,,,,,
1780171200,7,False,,,,,,,,,,,,
1780171200,8,False,,,,,,,,,,,,
1780171200,9,False,,,,,,,,,,,,
1780171200,10,False,,,,,,,,,,,,
1780174800,1,False,,,,,,,,,,,,
1780174800,2,False,,,,,,,,,,,,
1780174800,3,True,down,0.98,0.3999999761581421,21.770000457763672,0.563200024175644,book_moved_no_edge,0.17000001668930054,0.0,0.0,0.0,False,0.0
1780174800,4,True,down,0.98,0.3100000023841858,5.0,0.6550269975523948,filled,0.4300000071525574,5.699999809265137,2.4509999587535845,0.09779489712710378,False,-2.548794855880688
1780174800,5,True,down,0.98,0.3100000023841858,12.079999923706055,0.6550269975523948,filled,0.3500000238418579,11.390000343322754,3.9865003917217336,0.1813857611701486,False,-4.1678861528918825
1780174800,6,False,,,,,,,,,,,,
1780174800,7,False,,,,,,,,,,,,
1780174800,8,False,,,,,,,,,,,,
1780174800,9,False,,,,,,,,,,,,
1780174800,10,True,down,0.98,0.30000001192092896,16.479999542236328,0.665299987745285,book_moved_no_edge,0.26999998092651367,0.0,0.0,0.0,False,0.0
1780178400,1,False,,,,,,,,,,,,
1780178400,2,False,,,,,,,,,,,,
1780178400,3,False,,,,,,,,,,,,
1780178400,4,False,,,,,,,,,,,,
1780178400,5,False,,,,,,,,,,,,
1780178400,6,False,,,,,,,,,,,,
1780178400,7,False,,,,,,,,,,,,
1780178400,8,False,,,,,,,,,,,,
1780178400,9,False,,,,,,,,,,,,
1780178400,10,False,,,,,,,,,,,,
1780182000,1,False,,,,,,,,,,,,
1780182000,2,True,down,0.98,0.550000011920929,5.0,0.4126749881625175,filled,0.49000000953674316,41.18000030517578,20.17820054225922,0.7203617458882521,False,-20.89856228814747
1780182000,3,True,down,0.98,0.49000000953674316,7.510000228881836,0.4725069904499054,filled,0.5800000131130219,5.0,2.9000000655651093,0.08525999926567072,False,-2.98526006483078
1780182000,4,True,down,0.98,0.4300000071525574,5.0,0.5328429927773476,filled,0.49000000953674316,7.510000228881836,3.679900183773043,0.13137243410409924,False,-3.811272617877142
1780182000,5,True,down,0.98,0.44999998807907104,15.359999656677246,0.5126750120043755,filled,0.4700000286102295,5.0,2.3500001430511475,0.08718500060081455,False,-2.437185143651962
1780182000,6,True,down,0.98,0.4100000262260437,5.0,0.5530669734435082,filled,0.4300000071525574,5.0,2.150000035762787,0.0857850003504753,False,-2.235785036113262
1780182000,7,True,down,0.98,0.4100000262260437,5.0,0.5530669734435082,filled,0.4599999785423279,17.540000915527344,8.06840004477499,0.30498553381153043,False,-8.37338557858652
1780182000,8,True,down,0.98,0.4100000262260437,5.0,0.5530669734435082,filled,0.4100000262260437,5.0,2.0500001311302185,0.08466500165224052,False,-2.134665132782459
1780182000,9,True,down,0.98,0.4100000262260437,5.0,0.5530669734435082,filled,0.4100000262260437,5.0,2.0500001311302185,0.08466500165224052,False,-2.134665132782459
1780182000,10,True,down,0.98,0.3700000047683716,17.93000030517578,0.593682995144844,filled,0.4100000262260437,5.0,2.0500001311302185,0.08466500165224052,False,-2.134665132782459
1780185600,1,False,,,,,,,,,,,,
1780185600,2,False,,,,,,,,,,,,
1780185600,3,False,,,,,,,,,,,,
1780185600,4,False,,,,,,,,,,,,
1780185600,5,False,,,,,,,,,,,,
1780185600,6,False,,,,,,,,,,,,
1780185600,7,False,,,,,,,,,,,,
1780185600,8,False,,,,,,,,,,,,
1780185600,9,False,,,,,,,,,,,,
1780185600,10,False,,,,,,,,,,,,
1780189200,1,False,,,,,,,,,,,,
1780189200,2,False,,,,,,,,,,,,
1780189200,3,False,,,,,,,,,,,,
1780189200,4,False,,,,,,,,,,,,
1780189200,5,False,,,,,,,,,,,,
1780189200,6,False,,,,,,,,,,,,
1780189200,7,False,,,,,,,,,,,,
1780189200,8,False,,,,,,,,,,,,
1780189200,9,False,,,,,,,,,,,,
1780189200,10,False,,,,,,,,,,,,
1780192800,1,False,,,,,,,,,,,,
1780192800,2,False,,,,,,,,,,,,
1780192800,3,False,,,,,,,,,,,,
1780192800,4,False,,,,,,,,,,,,
1780192800,5,False,,,,,,,,,,,,
1780192800,6,False,,,,,,,,,,,,
1780192800,7,False,,,,,,,,,,,,
1780192800,8,False,,,,,,,,,,,,
1780192800,9,False,,,,,,,,,,,,
1780192800,10,False,,,,,,,,,,,,
1780196400,1,False,,,,,,,,,,,,
1780196400,2,False,,,,,,,,,,,,
1780196400,3,False,,,,,,,,,,,,
1780196400,4,False,,,,,,,,,,,,
1780196400,5,False,,,,,,,,,,,,
1780196400,6,False,,,,,,,,,,,,
1780196400,7,False,,,,,,,,,,,,
1780196400,8,False,,,,,,,,,,,,
1780196400,9,False,,,,,,,,,,,,
1780196400,10,False,,,,,,,,,,,,
1780200000,1,False,,,,,,,,,,,,
1780200000,2,False,,,,,,,,,,,,
1780200000,3,False,,,,,,,,,,,,
1780200000,4,False,,,,,,,,,,,,
1780200000,5,False,,,,,,,,,,,,
1780200000,6,False,,,,,,,,,,,,
1780200000,7,False,,,,,,,,,,,,
1780200000,8,False,,,,,,,,,,,,
1780200000,9,False,,,,,,,,,,,,
1780200000,10,False,,,,,,,,,,,,
1780203600,1,False,,,,,,,,,,,,
1780203600,2,False,,,,,,,,,,,,
1780203600,3,False,,,,,,,,,,,,
1780203600,4,False,,,,,,,,,,,,
1780203600,5,False,,,,,,,,,,,,
1780203600,6,False,,,,,,,,,,,,
1780203600,7,False,,,,,,,,,,,,
1780203600,8,False,,,,,,,,,,,,
1780203600,9,False,,,,,,,,,,,,
1780203600,10,False,,,,,,,,,,,,
1780207200,1,False,,,,,,,,,,,,
1780207200,2,False,,,,,,,,,,,,
1780207200,3,False,,,,,,,,,,,,
1780207200,4,False,,,,,,,,,,,,
1780207200,5,False,,,,,,,,,,,,
1780207200,6,False,,,,,,,,,,,,
1780207200,7,False,,,,,,,,,,,,
1780207200,8,False,,,,,,,,,,,,
1780207200,9,False,,,,,,,,,,,,
1780207200,10,True,up,0.98,0.75,5.0,0.21687499999999998,book_moved_no_edge,0.17000000178813934,0.0,0.0,0.0,False,0.0
1780210800,1,False,,,,,,,,,,,,
1780210800,2,False,,,,,,,,,,,,
1780210800,3,False,,,,,,,,,,,,
1780210800,4,False,,,,,,,,,,,,
1780210800,5,False,,,,,,,,,,,,
1780210800,6,False,,,,,,,,,,,,
1780210800,7,False,,,,,,,,,,,,
1780210800,8,False,,,,,,,,,,,,
1780210800,9,False,,,,,,,,,,,,
1780210800,10,False,,,,,,,,,,,,
1780214400,1,False,,,,,,,,,,,,
1780214400,2,False,,,,,,,,,,,,
1780214400,3,False,,,,,,,,,,,,
1780214400,4,False,,,,,,,,,,,,
1780214400,5,False,,,,,,,,,,,,
1780214400,6,False,,,,,,,,,,,,
1780214400,7,False,,,,,,,,,,,,
1780214400,8,False,,,,,,,,,,,,
1780214400,9,False,,,,,,,,,,,,
1780214400,10,False,,,,,,,,,,,,
1780218000,1,False,,,,,,,,,,,,
1780218000,2,False,,,,,,,,,,,,
1780218000,3,False,,,,,,,,,,,,
1780218000,4,False,,,,,,,,,,,,
1780218000,5,False,,,,,,,,,,,,
1780218000,6,False,,,,,,,,,,,,
1780218000,7,False,,,,,,,,,,,,
1780218000,8,False,,,,,,,,,,,,
1780218000,9,False,,,,,,,,,,,,
1780218000,10,False,,,,,,,,,,,,
1780221600,1,False,,,,,,,,,,,,
1780221600,2,False,,,,,,,,,,,,
1780221600,3,False,,,,,,,,,,,,
1780221600,4,False,,,,,,,,,,,,
1780221600,5,False,,,,,,,,,,,,
1780221600,6,False,,,,,,,,,,,,
1780221600,7,False,,,,,,,,,,,,
1780221600,8,False,,,,,,,,,,,,
1780221600,9,False,,,,,,,,,,,,
1780221600,10,False,,,,,,,,,,,,
1780225200,1,False,,,,,,,,,,,,
1780225200,2,False,,,,,,,,,,,,
1780225200,3,False,,,,,,,,,,,,
1780225200,4,False,,,,,,,,,,,,
1780225200,5,False,,,,,,,,,,,,
1780225200,6,False,,,,,,,,,,,,
1780225200,7,False,,,,,,,,,,,,
1780225200,8,False,,,,,,,,,,,,
1780225200,9,False,,,,,,,,,,,,
1780225200,10,False,,,,,,,,,,,,
1780228800,1,False,,,,,,,,,,,,
1780228800,2,False,,,,,,,,,,,,
1780228800,3,False,,,,,,,,,,,,
1780228800,4,False,,,,,,,,,,,,
1780228800,5,False,,,,,,,,,,,,
1780228800,6,False,,,,,,,,,,,,
1780228800,7,False,,,,,,,,,,,,
1780228800,8,False,,,,,,,,,,,,
1780228800,9,False,,,,,,,,,,,,
1780228800,10,False,,,,,,,,,,,,
1780232400,1,False,,,,,,,,,,,,
1780232400,2,False,,,,,,,,,,,,
1780232400,3,False,,,,,,,,,,,,
1780232400,4,False,,,,,,,,,,,,
1780232400,5,False,,,,,,,,,,,,
1780232400,6,False,,,,,,,,,,,,
1780232400,7,False,,,,,,,,,,,,
1780232400,8,False,,,,,,,,,,,,
1780232400,9,False,,,,,,,,,,,,
1780232400,10,False,,,,,,,,,,,,
1780236000,1,False,,,,,,,,,,,,
1780236000,2,False,,,,,,,,,,,,
1780236000,3,False,,,,,,,,,,,,
1780236000,4,False,,,,,,,,,,,,
1780236000,5,False,,,,,,,,,,,,
1780236000,6,False,,,,,,,,,,,,
1780236000,7,False,,,,,,,,,,,,
1780236000,8,False,,,,,,,,,,,,
1780236000,9,False,,,,,,,,,,,,
1780236000,10,False,,,,,,,,,,,,
1780239600,1,False,,,,,,,,,,,,
1780239600,2,False,,,,,,,,,,,,
1780239600,3,False,,,,,,,,,,,,
1780239600,4,False,,,,,,,,,,,,
1780239600,5,False,,,,,,,,,,,,
1780239600,6,False,,,,,,,,,,,,
1780239600,7,False,,,,,,,,,,,,
1780239600,8,False,,,,,,,,,,,,
1780239600,9,False,,,,,,,,,,,,
1780239600,10,False,,,,,,,,,,,,
1780243200,1,False,,,,,,,,,,,,
1780243200,2,False,,,,,,,,,,,,
1780243200,3,False,,,,,,,,,,,,
1780243200,4,False,,,,,,,,,,,,
1780243200,5,False,,,,,,,,,,,,
1780243200,6,False,,,,,,,,,,,,
1780243200,7,False,,,,,,,,,,,,
1780243200,8,False,,,,,,,,,,,,
1780243200,9,False,,,,,,,,,,,,
1780243200,10,False,,,,,,,,,,,,
1780246800,1,False,,,,,,,,,,,,
1780246800,2,False,,,,,,,,,,,,
1780246800,3,False,,,,,,,,,,,,
1780246800,4,False,,,,,,,,,,,,
1780246800,5,False,,,,,,,,,,,,
1780246800,6,False,,,,,,,,,,,,
1780246800,7,False,,,,,,,,,,,,
1780246800,8,False,,,,,,,,,,,,
1780246800,9,False,,,,,,,,,,,,
1780246800,10,False,,,,,,,,,,,,
1780250400,1,False,,,,,,,,,,,,
1780250400,2,False,,,,,,,,,,,,
1780250400,3,False,,,,,,,,,,,,
1780250400,4,False,,,,,,,,,,,,
1780250400,5,False,,,,,,,,,,,,
1780250400,6,False,,,,,,,,,,,,
1780250400,7,False,,,,,,,,,,,,
1780250400,8,False,,,,,,,,,,,,
1780250400,9,False,,,,,,,,,,,,
1780250400,10,False,,,,,,,,,,,,
1780254000,1,False,,,,,,,,,,,,
1780254000,2,False,,,,,,,,,,,,
1780254000,3,False,,,,,,,,,,,,
1780254000,4,False,,,,,,,,,,,,
1780254000,5,False,,,,,,,,,,,,
1780254000,6,False,,,,,,,,,,,,
1780254000,7,False,,,,,,,,,,,,
1780254000,8,False,,,,,,,,,,,,
1780254000,9,False,,,,,,,,,,,,
1780254000,10,False,,,,,,,,,,,,
1780257600,1,False,,,,,,,,,,,,
1780257600,2,False,,,,,,,,,,,,
1780257600,3,False,,,,,,,,,,,,
1780257600,4,False,,,,,,,,,,,,
1780257600,5,False,,,,,,,,,,,,
1780257600,6,False,,,,,,,,,,,,
1780257600,7,False,,,,,,,,,,,,
1780257600,8,False,,,,,,,,,,,,
1780257600,9,False,,,,,,,,,,,,
1780257600,10,False,,,,,,,,,,,,
1780261200,1,False,,,,,,,,,,,,
1780261200,2,False,,,,,,,,,,,,
1780261200,3,False,,,,,,,,,,,,
1780261200,4,False,,,,,,,,,,,,
1780261200,5,False,,,,,,,,,,,,
1780261200,6,False,,,,,,,,,,,,
1780261200,7,False,,,,,,,,,,,,
1780261200,8,False,,,,,,,,,,,,
1780261200,9,False,,,,,,,,,,,,
1780261200,10,False,,,,,,,,,,,,
1780264800,1,False,,,,,,,,,,,,
1780264800,2,False,,,,,,,,,,,,
1780264800,3,False,,,,,,,,,,,,
1780264800,4,False,,,,,,,,,,,,
1780264800,5,False,,,,,,,,,,,,
1780264800,6,False,,,,,,,,,,,,
1780264800,7,False,,,,,,,,,,,,
1780264800,8,False,,,,,,,,,,,,
1780264800,9,False,,,,,,,,,,,,
1780264800,10,False,,,,,,,,,,,,
1780268400,1,False,,,,,,,,,,,,
1780268400,2,False,,,,,,,,,,,,
1780268400,3,False,,,,,,,,,,,,
1780268400,4,False,,,,,,,,,,,,
1780268400,5,False,,,,,,,,,,,,
1780268400,6,False,,,,,,,,,,,,
1780268400,7,False,,,,,,,,,,,,
1780268400,8,False,,,,,,,,,,,,
1780268400,9,False,,,,,,,,,,,,
1780268400,10,False,,,,,,,,,,,,
1780272000,1,False,,,,,,,,,,,,
1780272000,2,False,,,,,,,,,,,,
1780272000,3,False,,,,,,,,,,,,
1780272000,4,False,,,,,,,,,,,,
1780272000,5,False,,,,,,,,,,,,
1780272000,6,False,,,,,,,,,,,,
1780272000,7,False,,,,,,,,,,,,
1780272000,8,False,,,,,,,,,,,,
1780272000,9,False,,,,,,,,,,,,
1780272000,10,False,,,,,,,,,,,,
1780275600,1,False,,,,,,,,,,,,
1780275600,2,False,,,,,,,,,,,,
1780275600,3,False,,,,,,,,,,,,
1780275600,4,False,,,,,,,,,,,,
1780275600,5,False,,,,,,,,,,,,
1780275600,6,False,,,,,,,,,,,,
1780275600,7,False,,,,,,,,,,,,
1780275600,8,False,,,,,,,,,,,,
1780275600,9,False,,,,,,,,,,,,
1780275600,10,False,,,,,,,,,,,,
1780279200,1,False,,,,,,,,,,,,
1780279200,2,False,,,,,,,,,,,,
1780279200,3,False,,,,,,,,,,,,
1780279200,4,False,,,,,,,,,,,,
1780279200,5,False,,,,,,,,,,,,
1780279200,6,False,,,,,,,,,,,,
1780279200,7,False,,,,,,,,,,,,
1780279200,8,False,,,,,,,,,,,,
1780279200,9,False,,,,,,,,,,,,
1780279200,10,False,,,,,,,,,,,,
1780282800,1,False,,,,,,,,,,,,
1780282800,2,False,,,,,,,,,,,,
1780282800,3,False,,,,,,,,,,,,
1780282800,4,False,,,,,,,,,,,,
1780282800,5,False,,,,,,,,,,,,
1780282800,6,True,down,0.98,0.9200000017881393,5.0,0.05484799831700323,book_moved_no_edge,0.9900000002235174,0.0,0.0,0.0,True,0.0
1780282800,7,False,,,,,,,,,,,,
1780282800,8,False,,,,,,,,,,,,
1780282800,9,False,,,,,,,,,,,,
1780282800,10,False,,,,,,,,,,,,
1780286400,1,False,,,,,,,,,,,,
1780286400,2,False,,,,,,,,,,,,
1780286400,3,False,,,,,,,,,,,,
1780286400,4,False,,,,,,,,,,,,
1780286400,5,False,,,,,,,,,,,,
1780286400,6,False,,,,,,,,,,,,
1780286400,7,False,,,,,,,,,,,,
1780286400,8,False,,,,,,,,,,,,
1780286400,9,False,,,,,,,,,,,,
1780286400,10,False,,,,,,,,,,,,
1780290000,1,False,,,,,,,,,,,,
1780290000,2,False,,,,,,,,,,,,
1780290000,3,False,,,,,,,,,,,,
1780290000,4,False,,,,,,,,,,,,
1780290000,5,False,,,,,,,,,,,,
1780290000,6,False,,,,,,,,,,,,
1780290000,7,False,,,,,,,,,,,,
1780290000,8,False,,,,,,,,,,,,
1780290000,9,False,,,,,,,,,,,,
1780290000,10,False,,,,,,,,,,,,
1780293600,1,False,,,,,,,,,,,,
1780293600,2,False,,,,,,,,,,,,
1780293600,3,False,,,,,,,,,,,,
1780293600,4,False,,,,,,,,,,,,
1780293600,5,False,,,,,,,,,,,,
1780293600,6,False,,,,,,,,,,,,
1780293600,7,False,,,,,,,,,,,,
1780293600,8,False,,,,,,,,,,,,
1780293600,9,False,,,,,,,,,,,,
1780293600,10,False,,,,,,,,,,,,
1780297200,1,False,,,,,,,,,,,,
1780297200,2,False,,,,,,,,,,,,
1780297200,3,False,,,,,,,,,,,,
1780297200,4,False,,,,,,,,,,,,
1780297200,5,False,,,,,,,,,,,,
1780297200,6,False,,,,,,,,,,,,
1780297200,7,False,,,,,,,,,,,,
1780297200,8,False,,,,,,,,,,,,
1780297200,9,False,,,,,,,,,,,,
1780297200,10,False,,,,,,,,,,,,
1780300800,1,False,,,,,,,,,,,,
1780300800,2,False,,,,,,,,,,,,
1780300800,3,False,,,,,,,,,,,,
1780300800,4,False,,,,,,,,,,,,
1780300800,5,False,,,,,,,,,,,,
1780300800,6,False,,,,,,,,,,,,
1780300800,7,False,,,,,,,,,,,,
1780300800,8,False,,,,,,,,,,,,
1780300800,9,False,,,,,,,,,,,,
1780300800,10,False,,,,,,,,,,,,
1780304400,1,False,,,,,,,,,,,,
1780304400,2,False,,,,,,,,,,,,
1780304400,3,False,,,,,,,,,,,,
1780304400,4,False,,,,,,,,,,,,
1780304400,5,False,,,,,,,,,,,,
1780304400,6,False,,,,,,,,,,,,
1780304400,7,False,,,,,,,,,,,,
1780304400,8,False,,,,,,,,,,,,
1780304400,9,False,,,,,,,,,,,,
1780304400,10,False,,,,,,,,,,,,
1780308000,1,False,,,,,,,,,,,,
1780308000,2,False,,,,,,,,,,,,
1780308000,3,False,,,,,,,,,,,,
1780308000,4,False,,,,,,,,,,,,
1780308000,5,False,,,,,,,,,,,,
1780308000,6,False,,,,,,,,,,,,
1780308000,7,False,,,,,,,,,,,,
1780308000,8,False,,,,,,,,,,,,
1780308000,9,False,,,,,,,,,,,,
1780308000,10,False,,,,,,,,,,,,
1780311600,1,False,,,,,,,,,,,,
1780311600,2,False,,,,,,,,,,,,
1780311600,3,False,,,,,,,,,,,,
1780311600,4,False,,,,,,,,,,,,
1780311600,5,False,,,,,,,,,,,,
1780311600,6,False,,,,,,,,,,,,
1780311600,7,False,,,,,,,,,,,,
1780311600,8,False,,,,,,,,,,,,
1780311600,9,False,,,,,,,,,,,,
1780311600,10,False,,,,,,,,,,,,
1780315200,1,False,,,,,,,,,,,,
1780315200,2,False,,,,,,,,,,,,
1780315200,3,False,,,,,,,,,,,,
1780315200,4,False,,,,,,,,,,,,
1780315200,5,False,,,,,,,,,,,,
1780315200,6,False,,,,,,,,,,,,
1780315200,7,False,,,,,,,,,,,,
1780315200,8,False,,,,,,,,,,,,
1780315200,9,False,,,,,,,,,,,,
1780315200,10,False,,,,,,,,,,,,
1780318800,1,False,,,,,,,,,,,,
1780318800,2,False,,,,,,,,,,,,
1780318800,3,False,,,,,,,,,,,,
1780318800,4,False,,,,,,,,,,,,
1780318800,5,False,,,,,,,,,,,,
1780318800,6,False,,,,,,,,,,,,
1780318800,7,False,,,,,,,,,,,,
1780318800,8,False,,,,,,,,,,,,
1780318800,9,False,,,,,,,,,,,,
1780318800,10,False,,,,,,,,,,,,
1780322400,1,False,,,,,,,,,,,,
1780322400,2,False,,,,,,,,,,,,
1780322400,3,False,,,,,,,,,,,,
1780322400,4,False,,,,,,,,,,,,
1780322400,5,False,,,,,,,,,,,,
1780322400,6,False,,,,,,,,,,,,
1780322400,7,False,,,,,,,,,,,,
1780322400,8,False,,,,,,,,,,,,
1780322400,9,False,,,,,,,,,,,,
1780322400,10,False,,,,,,,,,,,,
1780326000,1,False,,,,,,,,,,,,
1780326000,2,False,,,,,,,,,,,,
1780326000,3,False,,,,,,,,,,,,
1780326000,4,False,,,,,,,,,,,,
1780326000,5,False,,,,,,,,,,,,
1780326000,6,False,,,,,,,,,,,,
1780326000,7,False,,,,,,,,,,,,
1780326000,8,False,,,,,,,,,,,,
1780326000,9,False,,,,,,,,,,,,
1780326000,10,False,,,,,,,,,,,,
1780329600,1,False,,,,,,,,,,,,
1780329600,2,False,,,,,,,,,,,,
1780329600,3,False,,,,,,,,,,,,
1780329600,4,False,,,,,,,,,,,,
1780329600,5,False,,,,,,,,,,,,
1780329600,6,False,,,,,,,,,,,,
1780329600,7,False,,,,,,,,,,,,
1780329600,8,False,,,,,,,,,,,,
1780329600,9,False,,,,,,,,,,,,
1780329600,10,False,,,,,,,,,,,,
1780333200,1,False,,,,,,,,,,,,
1780333200,2,False,,,,,,,,,,,,
1780333200,3,False,,,,,,,,,,,,
1780333200,4,False,,,,,,,,,,,,
1780333200,5,False,,,,,,,,,,,,
1780333200,6,False,,,,,,,,,,,,
1780333200,7,False,,,,,,,,,,,,
1780333200,8,False,,,,,,,,,,,,
1780333200,9,False,,,,,,,,,,,,
1780333200,10,False,,,,,,,,,,,,
1780336800,1,False,,,,,,,,,,,,
1780336800,2,False,,,,,,,,,,,,
1780336800,3,False,,,,,,,,,,,,
1780336800,4,False,,,,,,,,,,,,
1780336800,5,False,,,,,,,,,,,,
1780336800,6,False,,,,,,,,,,,,
1780336800,7,False,,,,,,,,,,,,
1780336800,8,False,,,,,,,,,,,,
1780336800,9,False,,,,,,,,,,,,
1780336800,10,False,,,,,,,,,,,,
1780340400,1,False,,,,,,,,,,,,
1780340400,2,False,,,,,,,,,,,,
1780340400,3,False,,,,,,,,,,,,
1780340400,4,False,,,,,,,,,,,,
1780340400,5,False,,,,,,,,,,,,
1780340400,6,False,,,,,,,,,,,,
1780340400,7,False,,,,,,,,,,,,
1780340400,8,False,,,,,,,,,,,,
1780340400,9,False,,,,,,,,,,,,
1780340400,10,False,,,,,,,,,,,,
1780344000,1,False,,,,,,,,,,,,
1780344000,2,False,,,,,,,,,,,,
1780344000,3,False,,,,,,,,,,,,
1780344000,4,False,,,,,,,,,,,,
1780344000,5,False,,,,,,,,,,,,
1780344000,6,False,,,,,,,,,,,,
1780344000,7,False,,,,,,,,,,,,
1780344000,8,False,,,,,,,,,,,,
1780344000,9,False,,,,,,,,,,,,
1780344000,10,False,,,,,,,,,,,,
1780347600,1,False,,,,,,,,,,,,
1780347600,2,False,,,,,,,,,,,,
1780347600,3,False,,,,,,,,,,,,
1780347600,4,False,,,,,,,,,,,,
1780347600,5,False,,,,,,,,,,,,
1780347600,6,False,,,,,,,,,,,,
1780347600,7,False,,,,,,,,,,,,
1780347600,8,False,,,,,,,,,,,,
1780347600,9,False,,,,,,,,,,,,
1780347600,10,False,,,,,,,,,,,,
1780351200,1,False,,,,,,,,,,,,
1780351200,2,False,,,,,,,,,,,,
1780351200,3,False,,,,,,,,,,,,
1780351200,4,False,,,,,,,,,,,,
1780351200,5,False,,,,,,,,,,,,
1780351200,6,False,,,,,,,,,,,,
1780351200,7,False,,,,,,,,,,,,
1780351200,8,False,,,,,,,,,,,,
1780351200,9,False,,,,,,,,,,,,
1780351200,10,False,,,,,,,,,,,,
1780354800,1,False,,,,,,,,,,,,
1780354800,2,False,,,,,,,,,,,,
1780354800,3,False,,,,,,,,,,,,
1780354800,4,False,,,,,,,,,,,,
1780354800,5,False,,,,,,,,,,,,
1780354800,6,False,,,,,,,,,,,,
1780354800,7,False,,,,,,,,,,,,
1780354800,8,True,down,0.4544269445364634,0.3100000023841858,6.150000095367432,0.12945394208885824,book_moved_no_edge,0.2799999713897705,0.0,0.0,0.0,False,0.0
1780354800,9,False,,,,,,,,,,,,
1780354800,10,False,,,,,,,,,,,,
1780358400,1,False,,,,,,,,,,,,
1780358400,2,False,,,,,,,,,,,,
1780358400,3,False,,,,,,,,,,,,
1780358400,4,False,,,,,,,,,,,,
1780358400,5,False,,,,,,,,,,,,
1780358400,6,False,,,,,,,,,,,,
1780358400,7,False,,,,,,,,,,,,
1780358400,8,False,,,,,,,,,,,,
1780358400,9,False,,,,,,,,,,,,
1780358400,10,False,,,,,,,,,,,,
1780362000,1,False,,,,,,,,,,,,
1780362000,2,False,,,,,,,,,,,,
1780362000,3,False,,,,,,,,,,,,
1780362000,4,False,,,,,,,,,,,,
1780362000,5,False,,,,,,,,,,,,
1780362000,6,False,,,,,,,,,,,,
1780362000,7,False,,,,,,,,,,,,
1780362000,8,False,,,,,,,,,,,,
1780362000,9,False,,,,,,,,,,,,
1780362000,10,False,,,,,,,,,,,,
1780365600,1,False,,,,,,,,,,,,
1780365600,2,False,,,,,,,,,,,,
1780365600,3,False,,,,,,,,,,,,
1780365600,4,False,,,,,,,,,,,,
1780365600,5,False,,,,,,,,,,,,
1780365600,6,False,,,,,,,,,,,,
1780365600,7,False,,,,,,,,,,,,
1780365600,8,False,,,,,,,,,,,,
1780365600,9,False,,,,,,,,,,,,
1780365600,10,False,,,,,,,,,,,,
1780369200,1,False,,,,,,,,,,,,
1780369200,2,False,,,,,,,,,,,,
1780369200,3,False,,,,,,,,,,,,
1780369200,4,False,,,,,,,,,,,,
1780369200,5,False,,,,,,,,,,,,
1780369200,6,False,,,,,,,,,,,,
1780369200,7,False,,,,,,,,,,,,
1780369200,8,False,,,,,,,,,,,,
1780369200,9,False,,,,,,,,,,,,
1780369200,10,False,,,,,,,,,,,,
1780372800,1,False,,,,,,,,,,,,
1780372800,2,False,,,,,,,,,,,,
1780372800,3,False,,,,,,,,,,,,
1780372800,4,False,,,,,,,,,,,,
1780372800,5,False,,,,,,,,,,,,
1780372800,6,False,,,,,,,,,,,,
1780372800,7,False,,,,,,,,,,,,
1780372800,8,False,,,,,,,,,,,,
1780372800,9,False,,,,,,,,,,,,
1780372800,10,False,,,,,,,,,,,,
1780376400,1,False,,,,,,,,,,,,
1780376400,2,False,,,,,,,,,,,,
1780376400,3,False,,,,,,,,,,,,
1780376400,4,False,,,,,,,,,,,,
1780376400,5,False,,,,,,,,,,,,
1780376400,6,False,,,,,,,,,,,,
1780376400,7,False,,,,,,,,,,,,
1780376400,8,False,,,,,,,,,,,,
1780376400,9,False,,,,,,,,,,,,
1780376400,10,False,,,,,,,,,,,,
1780380000,1,False,,,,,,,,,,,,
1780380000,2,False,,,,,,,,,,,,
1780380000,3,False,,,,,,,,,,,,
1780380000,4,False,,,,,,,,,,,,
1780380000,5,False,,,,,,,,,,,,
1780380000,6,False,,,,,,,,,,,,
1780380000,7,False,,,,,,,,,,,,
1780380000,8,False,,,,,,,,,,,,
1780380000,9,False,,,,,,,,,,,,
1780380000,10,False,,,,,,,,,,,,
1780383600,1,False,,,,,,,,,,,,
1780383600,2,True,up,0.98,0.8700000047683716,5.0,0.10208299547863005,empty_book,,0.0,0.0,0.0,True,0.0
1780383600,3,True,up,0.9701308763919173,0.8500000238418579,10.0,0.11120585371831047,book_moved_no_edge,0.9900000095367432,0.0,0.0,0.0,True,0.0
1780383600,4,True,up,0.98,0.7900000214576721,5.0,0.1783869794135094,filled,0.7200000286102295,5.0,3.6000001430511475,0.07055999559402437,True,1.3294398613548282
1780383600,5,True,up,0.98,0.8700000047683716,3.7799999713897705,0.10208299547863005,filled,0.8500000238418579,5.0,4.2500001192092896,0.044624994158744616,True,0.7053748866319658
1780383600,6,True,up,0.98,0.8899999856948853,332.8500061035156,0.08314701352405547,filled,0.8500000238418579,5.0,4.2500001192092896,0.044624994158744616,True,0.7053748866319658
1780383600,7,True,up,0.98,0.8899999856948853,343.4700012207031,0.08314701352405547,filled,0.8100000023841858,5.0,4.050000011920929,0.05386499948263169,True,0.8961349885964394
1780383600,8,True,up,0.98,0.8899999856948853,343.4700012207031,0.08314701352405547,filled,0.8899999856948853,28.08988809194278,25.0,0.19250002503395083,True,2.897388066908828
1780383600,9,True,up,0.8896640485034654,0.7200000286102295,1.340000033378601,0.155552020774431,book_moved_no_edge,0.8899999856948853,0.0,0.0,0.0,True,0.0
1780383600,10,True,up,0.8773598168377723,0.7200000286102295,2.7300000190734863,0.14324778910873795,filled,0.75,1.840000033378601,1.3800000250339508,0.024150000438094142,True,0.43585000790655615
1780387200,1,False,,,,,,,,,,,,
1780387200,2,False,,,,,,,,,,,,
1780387200,3,False,,,,,,,,,,,,
1780387200,4,False,,,,,,,,,,,,
1780387200,5,False,,,,,,,,,,,,
1780387200,6,False,,,,,,,,,,,,
1780387200,7,False,,,,,,,,,,,,
1780387200,8,False,,,,,,,,,,,,
1780387200,9,False,,,,,,,,,,,,
1780387200,10,False,,,,,,,,,,,,
1780390800,1,False,,,,,,,,,,,,
1780390800,2,False,,,,,,,,,,,,
1780390800,3,False,,,,,,,,,,,,
1780390800,4,False,,,,,,,,,,,,
1780390800,5,False,,,,,,,,,,,,
1780390800,6,False,,,,,,,,,,,,
1780390800,7,False,,,,,,,,,,,,
1780390800,8,False,,,,,,,,,,,,
1780390800,9,False,,,,,,,,,,,,
1780390800,10,False,,,,,,,,,,,,
1780394400,1,False,,,,,,,,,,,,
1780394400,2,False,,,,,,,,,,,,
1780394400,3,False,,,,,,,,,,,,
1780394400,4,False,,,,,,,,,,,,
1780394400,5,False,,,,,,,,,,,,
1780394400,6,False,,,,,,,,,,,,
1780394400,7,False,,,,,,,,,,,,
1780394400,8,False,,,,,,,,,,,,
1780394400,9,False,,,,,,,,,,,,
1780394400,10,False,,,,,,,,,,,,
1780398000,1,False,,,,,,,,,,,,
1780398000,2,False,,,,,,,,,,,,
1780398000,3,False,,,,,,,,,,,,
1780398000,4,False,,,,,,,,,,,,
1780398000,5,False,,,,,,,,,,,,
1780398000,6,False,,,,,,,,,,,,
1780398000,7,False,,,,,,,,,,,,
1780398000,8,False,,,,,,,,,,,,
1780398000,9,False,,,,,,,,,,,,
1780398000,10,False,,,,,,,,,,,,
1780401600,1,False,,,,,,,,,,,,
1780401600,2,False,,,,,,,,,,,,
1780401600,3,False,,,,,,,,,,,,
1780401600,4,False,,,,,,,,,,,,
1780401600,5,False,,,,,,,,,,,,
1780401600,6,False,,,,,,,,,,,,
1780401600,7,False,,,,,,,,,,,,
1780401600,8,False,,,,,,,,,,,,
1780401600,9,False,,,,,,,,,,,,
1780401600,10,False,,,,,,,,,,,,
1780405200,1,False,,,,,,,,,,,,
1780405200,2,False,,,,,,,,,,,,
1780405200,3,False,,,,,,,,,,,,
1780405200,4,False,,,,,,,,,,,,
1780405200,5,False,,,,,,,,,,,,
1780405200,6,False,,,,,,,,,,,,
1780405200,7,False,,,,,,,,,,,,
1780405200,8,False,,,,,,,,,,,,
1780405200,9,False,,,,,,,,,,,,
1780405200,10,False,,,,,,,,,,,,
1780408800,1,False,,,,,,,,,,,,
1780408800,2,False,,,,,,,,,,,,
1780408800,3,False,,,,,,,,,,,,
1780408800,4,False,,,,,,,,,,,,
1780408800,5,False,,,,,,,,,,,,
1780408800,6,False,,,,,,,,,,,,
1780408800,7,False,,,,,,,,,,,,
1780408800,8,False,,,,,,,,,,,,
1780408800,9,False,,,,,,,,,,,,
1780408800,10,False,,,,,,,,,,,,
1780412400,1,False,,,,,,,,,,,,
1780412400,2,False,,,,,,,,,,,,
1780412400,3,False,,,,,,,,,,,,
1780412400,4,False,,,,,,,,,,,,
1780412400,5,False,,,,,,,,,,,,
1780412400,6,False,,,,,,,,,,,,
1780412400,7,False,,,,,,,,,,,,
1780412400,8,False,,,,,,,,,,,,
1780412400,9,False,,,,,,,,,,,,
1780412400,10,False,,,,,,,,,,,,
1780416000,1,False,,,,,,,,,,,,
1780416000,2,False,,,,,,,,,,,,
1780416000,3,False,,,,,,,,,,,,
1780416000,4,False,,,,,,,,,,,,
1780416000,5,False,,,,,,,,,,,,
1780416000,6,False,,,,,,,,,,,,
1780416000,7,False,,,,,,,,,,,,
1780416000,8,False,,,,,,,,,,,,
1780416000,9,False,,,,,,,,,,,,
1780416000,10,False,,,,,,,,,,,,
1780419600,1,False,,,,,,,,,,,,
1780419600,2,False,,,,,,,,,,,,
1780419600,3,False,,,,,,,,,,,,
1780419600,4,False,,,,,,,,,,,,
1780419600,5,False,,,,,,,,,,,,
1780419600,6,False,,,,,,,,,,,,
1780419600,7,False,,,,,,,,,,,,
1780419600,8,False,,,,,,,,,,,,
1780419600,9,False,,,,,,,,,,,,
1780419600,10,False,,,,,,,,,,,,
1780423200,1,False,,,,,,,,,,,,
1780423200,2,False,,,,,,,,,,,,
1780423200,3,False,,,,,,,,,,,,
1780423200,4,False,,,,,,,,,,,,
1780423200,5,False,,,,,,,,,,,,
1780423200,6,False,,,,,,,,,,,,
1780423200,7,False,,,,,,,,,,,,
1780423200,8,False,,,,,,,,,,,,
1780423200,9,False,,,,,,,,,,,,
1780423200,10,False,,,,,,,,,,,,
1780426800,1,False,,,,,,,,,,,,
1780426800,2,False,,,,,,,,,,,,
1780426800,3,False,,,,,,,,,,,,
1780426800,4,False,,,,,,,,,,,,
1780426800,5,False,,,,,,,,,,,,
1780426800,6,False,,,,,,,,,,,,
1780426800,7,False,,,,,,,,,,,,
1780426800,8,False,,,,,,,,,,,,
1780426800,9,False,,,,,,,,,,,,
1780426800,10,False,,,,,,,,,,,,
1780430400,1,False,,,,,,,,,,,,
1780430400,2,False,,,,,,,,,,,,
1780430400,3,False,,,,,,,,,,,,
1780430400,4,False,,,,,,,,,,,,
1780430400,5,False,,,,,,,,,,,,
1780430400,6,False,,,,,,,,,,,,
1780430400,7,False,,,,,,,,,,,,
1780430400,8,False,,,,,,,,,,,,
1780430400,9,False,,,,,,,,,,,,
1780430400,10,False,,,,,,,,,,,,
1780434000,1,False,,,,,,,,,,,,
1780434000,2,False,,,,,,,,,,,,
1780434000,3,False,,,,,,,,,,,,
1780434000,4,False,,,,,,,,,,,,
1780434000,5,False,,,,,,,,,,,,
1780434000,6,False,,,,,,,,,,,,
1780434000,7,False,,,,,,,,,,,,
1780434000,8,False,,,,,,,,,,,,
1780434000,9,False,,,,,,,,,,,,
1780434000,10,True,down,0.98,0.9099999964237213,5.0,0.06426700337100028,book_moved_no_edge,0.9499999992549419,0.0,0.0,0.0,True,0.0
1780437600,1,False,,,,,,,,,,,,
1780437600,2,False,,,,,,,,,,,,
1780437600,3,False,,,,,,,,,,,,
1780437600,4,False,,,,,,,,,,,,
1780437600,5,False,,,,,,,,,,,,
1780437600,6,False,,,,,,,,,,,,
1780437600,7,False,,,,,,,,,,,,
1780437600,8,False,,,,,,,,,,,,
1780437600,9,False,,,,,,,,,,,,
1780437600,10,False,,,,,,,,,,,,
1780441200,1,False,,,,,,,,,,,,
1780441200,2,False,,,,,,,,,,,,
1780441200,3,False,,,,,,,,,,,,
1780441200,4,False,,,,,,,,,,,,
1780441200,5,False,,,,,,,,,,,,
1780441200,6,False,,,,,,,,,,,,
1780441200,7,False,,,,,,,,,,,,
1780441200,8,False,,,,,,,,,,,,
1780441200,9,False,,,,,,,,,,,,
1780441200,10,False,,,,,,,,,,,,
1780444800,1,False,,,,,,,,,,,,
1780444800,2,False,,,,,,,,,,,,
1780444800,3,False,,,,,,,,,,,,
1780444800,4,False,,,,,,,,,,,,
1780444800,5,False,,,,,,,,,,,,
1780444800,6,False,,,,,,,,,,,,
1780444800,7,False,,,,,,,,,,,,
1780444800,8,False,,,,,,,,,,,,
1780444800,9,False,,,,,,,,,,,,
1780444800,10,False,,,,,,,,,,,,
1780448400,1,False,,,,,,,,,,,,
1780448400,2,False,,,,,,,,,,,,
1780448400,3,False,,,,,,,,,,,,
1780448400,4,False,,,,,,,,,,,,
1780448400,5,False,,,,,,,,,,,,
1780448400,6,False,,,,,,,,,,,,
1780448400,7,False,,,,,,,,,,,,
1780448400,8,False,,,,,,,,,,,,
1780448400,9,False,,,,,,,,,,,,
1780448400,10,True,down,0.9140039498139871,0.8299999982118607,5.0,0.07412695151951444,book_moved_no_edge,0.9499999992549419,0.0,0.0,0.0,True,0.0
1780452000,1,False,,,,,,,,,,,,
1780452000,2,False,,,,,,,,,,,,
1780452000,3,False,,,,,,,,,,,,
1780452000,4,False,,,,,,,,,,,,
1780452000,5,False,,,,,,,,,,,,
1780452000,6,False,,,,,,,,,,,,
1780452000,7,False,,,,,,,,,,,,
1780452000,8,False,,,,,,,,,,,,
1780452000,9,False,,,,,,,,,,,,
1780452000,10,False,,,,,,,,,,,,
1780455600,1,False,,,,,,,,,,,,
1780455600,2,False,,,,,,,,,,,,
1780455600,3,False,,,,,,,,,,,,
1780455600,4,False,,,,,,,,,,,,
1780455600,5,False,,,,,,,,,,,,
1780455600,6,False,,,,,,,,,,,,
1780455600,7,False,,,,,,,,,,,,
1780455600,8,False,,,,,,,,,,,,
1780455600,9,False,,,,,,,,,,,,
1780455600,10,False,,,,,,,,,,,,
1780459200,1,False,,,,,,,,,,,,
1780459200,2,False,,,,,,,,,,,,
1780459200,3,False,,,,,,,,,,,,
1780459200,4,False,,,,,,,,,,,,
1780459200,5,False,,,,,,,,,,,,
1780459200,6,False,,,,,,,,,,,,
1780459200,7,False,,,,,,,,,,,,
1780459200,8,False,,,,,,,,,,,,
1780459200,9,False,,,,,,,,,,,,
1780459200,10,False,,,,,,,,,,,,
1780462800,1,False,,,,,,,,,,,,
1780462800,2,False,,,,,,,,,,,,
1780462800,3,False,,,,,,,,,,,,
1780462800,4,False,,,,,,,,,,,,
1780462800,5,False,,,,,,,,,,,,
1780462800,6,False,,,,,,,,,,,,
1780462800,7,False,,,,,,,,,,,,
1780462800,8,False,,,,,,,,,,,,
1780462800,9,False,,,,,,,,,,,,
1780462800,10,False,,,,,,,,,,,,
1780466400,1,False,,,,,,,,,,,,
1780466400,2,False,,,,,,,,,,,,
1780466400,3,False,,,,,,,,,,,,
1780466400,4,False,,,,,,,,,,,,
1780466400,5,False,,,,,,,,,,,,
1780466400,6,False,,,,,,,,,,,,
1780466400,7,False,,,,,,,,,,,,
1780466400,8,False,,,,,,,,,,,,
1780466400,9,False,,,,,,,,,,,,
1780466400,10,False,,,,,,,,,,,,
1780470000,1,False,,,,,,,,,,,,
1780470000,2,False,,,,,,,,,,,,
1780470000,3,False,,,,,,,,,,,,
1780470000,4,False,,,,,,,,,,,,
1780470000,5,False,,,,,,,,,,,,
1780470000,6,False,,,,,,,,,,,,
1780470000,7,False,,,,,,,,,,,,
1780470000,8,False,,,,,,,,,,,,
1780470000,9,False,,,,,,,,,,,,
1780470000,10,False,,,,,,,,,,,,
1780473600,1,False,,,,,,,,,,,,
1780473600,2,False,,,,,,,,,,,,
1780473600,3,False,,,,,,,,,,,,
1780473600,4,False,,,,,,,,,,,,
1780473600,5,False,,,,,,,,,,,,
1780473600,6,False,,,,,,,,,,,,
1780473600,7,False,,,,,,,,,,,,
1780473600,8,False,,,,,,,,,,,,
1780473600,9,False,,,,,,,,,,,,
1780473600,10,False,,,,,,,,,,,,
1780477200,1,False,,,,,,,,,,,,
1780477200,2,False,,,,,,,,,,,,
1780477200,3,False,,,,,,,,,,,,
1780477200,4,False,,,,,,,,,,,,
1780477200,5,False,,,,,,,,,,,,
1780477200,6,False,,,,,,,,,,,,
1780477200,7,False,,,,,,,,,,,,
1780477200,8,False,,,,,,,,,,,,
1780477200,9,False,,,,,,,,,,,,
1780477200,10,False,,,,,,,,,,,,
1780480800,1,False,,,,,,,,,,,,
1780480800,2,False,,,,,,,,,,,,
1780480800,3,False,,,,,,,,,,,,
1780480800,4,False,,,,,,,,,,,,
1780480800,5,False,,,,,,,,,,,,
1780480800,6,False,,,,,,,,,,,,
1780480800,7,False,,,,,,,,,,,,
1780480800,8,False,,,,,,,,,,,,
1780480800,9,False,,,,,,,,,,,,
1780480800,10,False,,,,,,,,,,,,
1780484400,1,False,,,,,,,,,,,,
1780484400,2,False,,,,,,,,,,,,
1780484400,3,False,,,,,,,,,,,,
1780484400,4,False,,,,,,,,,,,,
1780484400,5,False,,,,,,,,,,,,
1780484400,6,False,,,,,,,,,,,,
1780484400,7,False,,,,,,,,,,,,
1780484400,8,False,,,,,,,,,,,,
1780484400,9,False,,,,,,,,,,,,
1780484400,10,False,,,,,,,,,,,,
1780488000,1,True,up,0.98,0.75,344.42999267578125,0.21687499999999998,empty_book,,0.0,0.0,0.0,True,0.0
1780488000,2,True,up,0.98,0.75,356.07000732421875,0.21687499999999998,filled,0.75,33.333333333333336,25.0,0.43750000000000006,True,7.895833333333336
1780488000,3,True,up,0.98,0.75,368.3900146484375,0.21687499999999998,filled,0.75,33.333333333333336,25.0,0.43750000000000006,True,7.895833333333336
1780488000,4,True,up,0.98,0.75,423.44000244140625,0.21687499999999998,filled,0.75,33.333333333333336,25.0,0.43750000000000006,True,7.895833333333336
1780488000,5,True,up,0.98,0.75,442.8500061035156,0.21687499999999998,filled,0.75,33.333333333333336,25.0,0.43750000000000006,True,7.895833333333336
1780488000,6,True,up,0.98,0.75,447.8500061035156,0.21687499999999998,filled,0.75,33.333333333333336,25.0,0.43750000000000006,True,7.895833333333336
1780488000,7,True,up,0.98,0.75,447.8500061035156,0.21687499999999998,filled,0.75,33.333333333333336,25.0,0.43750000000000006,True,7.895833333333336
1780488000,8,True,up,0.9738428031478132,0.7300000190734863,5.0,0.23004578468849318,filled,0.75,33.333333333333336,25.0,0.43750000000000006,True,7.895833333333336
1780488000,9,True,up,0.966341847815009,0.75,444.19000244140625,0.20321684781500898,filled,0.75,33.333333333333336,25.0,0.43750000000000006,True,7.895833333333336
1780488000,10,True,up,0.9588163688853216,0.75,444.19000244140625,0.19569136888532163,filled,0.7300000190734863,5.0,3.6500000953674316,0.06898499692916858,True,1.2810149077033999
1780491600,1,False,,,,,,,,,,,,
1780491600,2,False,,,,,,,,,,,,
1780491600,3,False,,,,,,,,,,,,
1780491600,4,False,,,,,,,,,,,,
1780491600,5,False,,,,,,,,,,,,
1780491600,6,False,,,,,,,,,,,,
1780491600,7,False,,,,,,,,,,,,
1780491600,8,False,,,,,,,,,,,,
1780491600,9,False,,,,,,,,,,,,
1780491600,10,False,,,,,,,,,,,,
1780495200,1,False,,,,,,,,,,,,
1780495200,2,False,,,,,,,,,,,,
1780495200,3,False,,,,,,,,,,,,
1780495200,4,False,,,,,,,,,,,,
1780495200,5,False,,,,,,,,,,,,
1780495200,6,False,,,,,,,,,,,,
1780495200,7,False,,,,,,,,,,,,
1780495200,8,False,,,,,,,,,,,,
1780495200,9,False,,,,,,,,,,,,
1780495200,10,False,,,,,,,,,,,,
1780498800,1,False,,,,,,,,,,,,
1780498800,2,False,,,,,,,,,,,,
1780498800,3,False,,,,,,,,,,,,
1780498800,4,False,,,,,,,,,,,,
1780498800,5,False,,,,,,,,,,,,
1780498800,6,False,,,,,,,,,,,,
1780498800,7,False,,,,,,,,,,,,
1780498800,8,False,,,,,,,,,,,,
1780498800,9,False,,,,,,,,,,,,
1780498800,10,False,,,,,,,,,,,,
1780502400,1,False,,,,,,,,,,,,
1780502400,2,True,down,0.98,0.8900000005960464,0.8299999833106995,0.08314699943649767,empty_book,,0.0,0.0,0.0,True,0.0
1780502400,3,False,,,,,,,,,,,,
1780502400,4,False,,,,,,,,,,,,
1780502400,5,False,,,,,,,,,,,,
1780502400,6,False,,,,,,,,,,,,
1780502400,7,False,,,,,,,,,,,,
1780502400,8,True,down,0.9713742663753543,0.9099999964237213,5.0,0.05564126974635458,book_moved_no_edge,0.9499999992549419,0.0,0.0,0.0,True,0.0
1780502400,9,False,,,,,,,,,,,,
1780502400,10,False,,,,,,,,,,,,
1780506000,1,False,,,,,,,,,,,,
1780506000,2,False,,,,,,,,,,,,
1780506000,3,False,,,,,,,,,,,,
1780506000,4,False,,,,,,,,,,,,
1780506000,5,False,,,,,,,,,,,,
1780506000,6,False,,,,,,,,,,,,
1780506000,7,False,,,,,,,,,,,,
1780506000,8,False,,,,,,,,,,,,
1780506000,9,False,,,,,,,,,,,,
1780506000,10,False,,,,,,,,,,,,
1780509600,1,False,,,,,,,,,,,,
1780509600,2,False,,,,,,,,,,,,
1780509600,3,False,,,,,,,,,,,,
1780509600,4,False,,,,,,,,,,,,
1780509600,5,False,,,,,,,,,,,,
1780509600,6,False,,,,,,,,,,,,
1780509600,7,False,,,,,,,,,,,,
1780509600,8,False,,,,,,,,,,,,
1780509600,9,False,,,,,,,,,,,,
1780509600,10,False,,,,,,,,,,,,
1780513200,1,False,,,,,,,,,,,,
1780513200,2,False,,,,,,,,,,,,
1780513200,3,False,,,,,,,,,,,,
1780513200,4,False,,,,,,,,,,,,
1780513200,5,False,,,,,,,,,,,,
1780513200,6,False,,,,,,,,,,,,
1780513200,7,False,,,,,,,,,,,,
1780513200,8,False,,,,,,,,,,,,
1780513200,9,False,,,,,,,,,,,,
1780513200,10,False,,,,,,,,,,,,
1780516800,1,False,,,,,,,,,,,,
1780516800,2,False,,,,,,,,,,,,
1780516800,3,False,,,,,,,,,,,,
1780516800,4,False,,,,,,,,,,,,
1780516800,5,False,,,,,,,,,,,,
1780516800,6,False,,,,,,,,,,,,
1780516800,7,False,,,,,,,,,,,,
1780516800,8,False,,,,,,,,,,,,
1780516800,9,False,,,,,,,,,,,,
1780516800,10,False,,,,,,,,,,,,
1780520400,1,False,,,,,,,,,,,,
1780520400,2,False,,,,,,,,,,,,
1780520400,3,False,,,,,,,,,,,,
1780520400,4,False,,,,,,,,,,,,
1780520400,5,False,,,,,,,,,,,,
1780520400,6,False,,,,,,,,,,,,
1780520400,7,False,,,,,,,,,,,,
1780520400,8,False,,,,,,,,,,,,
1780520400,9,False,,,,,,,,,,,,
1780520400,10,False,,,,,,,,,,,,
1780524000,1,False,,,,,,,,,,,,
1780524000,2,False,,,,,,,,,,,,
1780524000,3,False,,,,,,,,,,,,
1780524000,4,False,,,,,,,,,,,,
1780524000,5,False,,,,,,,,,,,,
1780524000,6,False,,,,,,,,,,,,
1780524000,7,False,,,,,,,,,,,,
1780524000,8,False,,,,,,,,,,,,
1780524000,9,False,,,,,,,,,,,,
1780524000,10,False,,,,,,,,,,,,
1780527600,1,False,,,,,,,,,,,,
1780527600,2,False,,,,,,,,,,,,
1780527600,3,False,,,,,,,,,,,,
1780527600,4,False,,,,,,,,,,,,
1780527600,5,False,,,,,,,,,,,,
1780527600,6,False,,,,,,,,,,,,
1780527600,7,False,,,,,,,,,,,,
1780527600,8,False,,,,,,,,,,,,
1780527600,9,False,,,,,,,,,,,,
1780527600,10,False,,,,,,,,,,,,
1780531200,1,False,,,,,,,,,,,,
1780531200,2,False,,,,,,,,,,,,
1780531200,3,False,,,,,,,,,,,,
1780531200,4,False,,,,,,,,,,,,
1780531200,5,False,,,,,,,,,,,,
1780531200,6,False,,,,,,,,,,,,
1780531200,7,False,,,,,,,,,,,,
1780531200,8,False,,,,,,,,,,,,
1780531200,9,False,,,,,,,,,,,,
1780531200,10,False,,,,,,,,,,,,
1780534800,1,False,,,,,,,,,,,,
1780534800,2,False,,,,,,,,,,,,
1780534800,3,False,,,,,,,,,,,,
1780534800,4,False,,,,,,,,,,,,
1780534800,5,False,,,,,,,,,,,,
1780534800,6,False,,,,,,,,,,,,
1780534800,7,False,,,,,,,,,,,,
1780534800,8,False,,,,,,,,,,,,
1780534800,9,False,,,,,,,,,,,,
1780534800,10,False,,,,,,,,,,,,
1780538400,1,False,,,,,,,,,,,,
1780538400,2,False,,,,,,,,,,,,
1780538400,3,False,,,,,,,,,,,,
1780538400,4,False,,,,,,,,,,,,
1780538400,5,False,,,,,,,,,,,,
1780538400,6,False,,,,,,,,,,,,
1780538400,7,False,,,,,,,,,,,,
1780538400,8,False,,,,,,,,,,,,
1780538400,9,False,,,,,,,,,,,,
1780538400,10,False,,,,,,,,,,,,
1780542000,1,False,,,,,,,,,,,,
1780542000,2,False,,,,,,,,,,,,
1780542000,3,False,,,,,,,,,,,,
1780542000,4,False,,,,,,,,,,,,
1780542000,5,False,,,,,,,,,,,,
1780542000,6,False,,,,,,,,,,,,
1780542000,7,False,,,,,,,,,,,,
1780542000,8,False,,,,,,,,,,,,
1780542000,9,False,,,,,,,,,,,,
1780542000,10,False,,,,,,,,,,,,
1780545600,1,False,,,,,,,,,,,,
1780545600,2,False,,,,,,,,,,,,
1780545600,3,False,,,,,,,,,,,,
1780545600,4,False,,,,,,,,,,,,
1780545600,5,False,,,,,,,,,,,,
1780545600,6,False,,,,,,,,,,,,
1780545600,7,False,,,,,,,,,,,,
1780545600,8,False,,,,,,,,,,,,
1780545600,9,False,,,,,,,,,,,,
1780545600,10,False,,,,,,,,,,,,
1780549200,1,False,,,,,,,,,,,,
1780549200,2,False,,,,,,,,,,,,
1780549200,3,False,,,,,,,,,,,,
1780549200,4,False,,,,,,,,,,,,
1780549200,5,False,,,,,,,,,,,,
1780549200,6,False,,,,,,,,,,,,
1780549200,7,False,,,,,,,,,,,,
1780549200,8,False,,,,,,,,,,,,
1780549200,9,False,,,,,,,,,,,,
1780549200,10,False,,,,,,,,,,,,
1780552800,1,False,,,,,,,,,,,,
1780552800,2,False,,,,,,,,,,,,
1780552800,3,False,,,,,,,,,,,,
1780552800,4,False,,,,,,,,,,,,
1780552800,5,False,,,,,,,,,,,,
1780552800,6,False,,,,,,,,,,,,
1780552800,7,False,,,,,,,,,,,,
1780552800,8,False,,,,,,,,,,,,
1780552800,9,False,,,,,,,,,,,,
1780552800,10,False,,,,,,,,,,,,
1780556400,1,False,,,,,,,,,,,,
1780556400,2,False,,,,,,,,,,,,
1780556400,3,False,,,,,,,,,,,,
1780556400,4,False,,,,,,,,,,,,
1780556400,5,False,,,,,,,,,,,,
1780556400,6,False,,,,,,,,,,,,
1780556400,7,False,,,,,,,,,,,,
1780556400,8,False,,,,,,,,,,,,
1780556400,9,False,,,,,,,,,,,,
1780556400,10,False,,,,,,,,,,,,
1780560000,1,False,,,,,,,,,,,,
1780560000,2,False,,,,,,,,,,,,
1780560000,3,False,,,,,,,,,,,,
1780560000,4,False,,,,,,,,,,,,
1780560000,5,False,,,,,,,,,,,,
1780560000,6,False,,,,,,,,,,,,
1780560000,7,False,,,,,,,,,,,,
1780560000,8,False,,,,,,,,,,,,
1780560000,9,False,,,,,,,,,,,,
1780560000,10,False,,,,,,,,,,,,
1780563600,1,False,,,,,,,,,,,,
1780563600,2,False,,,,,,,,,,,,
1780563600,3,False,,,,,,,,,,,,
1780563600,4,False,,,,,,,,,,,,
1780563600,5,False,,,,,,,,,,,,
1780563600,6,False,,,,,,,,,,,,
1780563600,7,False,,,,,,,,,,,,
1780563600,8,False,,,,,,,,,,,,
1780563600,9,False,,,,,,,,,,,,
1780563600,10,False,,,,,,,,,,,,
1780567200,1,False,,,,,,,,,,,,
1780567200,2,False,,,,,,,,,,,,
1780567200,3,False,,,,,,,,,,,,
1780567200,4,False,,,,,,,,,,,,
1780567200,5,False,,,,,,,,,,,,
1780567200,6,False,,,,,,,,,,,,
1780567200,7,False,,,,,,,,,,,,
1780567200,8,False,,,,,,,,,,,,
1780567200,9,False,,,,,,,,,,,,
1780567200,10,False,,,,,,,,,,,,
1780570800,1,False,,,,,,,,,,,,
1780570800,2,False,,,,,,,,,,,,
1780570800,3,False,,,,,,,,,,,,
1780570800,4,False,,,,,,,,,,,,
1780570800,5,False,,,,,,,,,,,,
1780570800,6,False,,,,,,,,,,,,
1780570800,7,False,,,,,,,,,,,,
1780570800,8,False,,,,,,,,,,,,
1780570800,9,False,,,,,,,,,,,,
1780570800,10,False,,,,,,,,,,,,
1780574400,1,False,,,,,,,,,,,,
1780574400,2,False,,,,,,,,,,,,
1780574400,3,False,,,,,,,,,,,,
1780574400,4,False,,,,,,,,,,,,
1780574400,5,False,,,,,,,,,,,,
1780574400,6,False,,,,,,,,,,,,
1780574400,7,False,,,,,,,,,,,,
1780574400,8,False,,,,,,,,,,,,
1780574400,9,False,,,,,,,,,,,,
1780574400,10,False,,,,,,,,,,,,
1780578000,1,False,,,,,,,,,,,,
1780578000,2,False,,,,,,,,,,,,
1780578000,3,False,,,,,,,,,,,,
1780578000,4,False,,,,,,,,,,,,
1780578000,5,False,,,,,,,,,,,,
1780578000,6,False,,,,,,,,,,,,
1780578000,7,False,,,,,,,,,,,,
1780578000,8,False,,,,,,,,,,,,
1780578000,9,False,,,,,,,,,,,,
1780578000,10,False,,,,,,,,,,,,
1780581600,1,False,,,,,,,,,,,,
1780581600,2,False,,,,,,,,,,,,
1780581600,3,False,,,,,,,,,,,,
1780581600,4,False,,,,,,,,,,,,
1780581600,5,False,,,,,,,,,,,,
1780581600,6,False,,,,,,,,,,,,
1780581600,7,False,,,,,,,,,,,,
1780581600,8,False,,,,,,,,,,,,
1780581600,9,False,,,,,,,,,,,,
1780581600,10,False,,,,,,,,,,,,
1780585200,1,False,,,,,,,,,,,,
1780585200,2,False,,,,,,,,,,,,
1780585200,3,False,,,,,,,,,,,,
1780585200,4,False,,,,,,,,,,,,
1780585200,5,False,,,,,,,,,,,,
1780585200,6,False,,,,,,,,,,,,
1780585200,7,False,,,,,,,,,,,,
1780585200,8,False,,,,,,,,,,,,
1780585200,9,False,,,,,,,,,,,,
1780585200,10,False,,,,,,,,,,,,
1780588800,1,False,,,,,,,,,,,,
1780588800,2,False,,,,,,,,,,,,
1780588800,3,False,,,,,,,,,,,,
1780588800,4,False,,,,,,,,,,,,
1780588800,5,False,,,,,,,,,,,,
1780588800,6,False,,,,,,,,,,,,
1780588800,7,False,,,,,,,,,,,,
1780588800,8,False,,,,,,,,,,,,
1780588800,9,False,,,,,,,,,,,,
1780588800,10,False,,,,,,,,,,,,
1780592400,1,False,,,,,,,,,,,,
1780592400,2,False,,,,,,,,,,,,
1780592400,3,False,,,,,,,,,,,,
1780592400,4,False,,,,,,,,,,,,
1780592400,5,False,,,,,,,,,,,,
1780592400,6,False,,,,,,,,,,,,
1780592400,7,False,,,,,,,,,,,,
1780592400,8,False,,,,,,,,,,,,
1780592400,9,False,,,,,,,,,,,,
1780592400,10,False,,,,,,,,,,,,
1780596000,1,False,,,,,,,,,,,,
1780596000,2,False,,,,,,,,,,,,
1780596000,3,False,,,,,,,,,,,,
1780596000,4,False,,,,,,,,,,,,
1780596000,5,False,,,,,,,,,,,,
1780596000,6,False,,,,,,,,,,,,
1780596000,7,False,,,,,,,,,,,,
1780596000,8,False,,,,,,,,,,,,
1780596000,9,False,,,,,,,,,,,,
1780596000,10,False,,,,,,,,,,,,
1780599600,1,False,,,,,,,,,,,,
1780599600,2,False,,,,,,,,,,,,
1780599600,3,False,,,,,,,,,,,,
1780599600,4,False,,,,,,,,,,,,
1780599600,5,False,,,,,,,,,,,,
1780599600,6,False,,,,,,,,,,,,
1780599600,7,False,,,,,,,,,,,,
1780599600,8,False,,,,,,,,,,,,
1780599600,9,False,,,,,,,,,,,,
1780599600,10,False,,,,,,,,,,,,
1780603200,1,True,up,0.98,0.8700000047683716,18.829999923706055,0.10208299547863005,empty_book,,0.0,0.0,0.0,True,0.0
1780603200,2,True,up,0.9441413460349892,0.8700000047683716,156.4199981689453,0.06622434151361929,filled,0.8799999952316284,28.409091063028526,25.0,0.2100000083446503,True,3.1990910546838762
1780603200,3,False,,,,,,,,,,,,
1780603200,4,True,up,0.8699000757346251,0.75,0.8700000047683716,0.10677507573462514,book_moved_no_edge,0.8700000047683716,0.0,0.0,0.0,True,0.0
1780603200,5,True,up,0.8427756035970164,0.6899999976158142,5.050000190734863,0.13780260591778287,book_moved_no_edge,0.8299999833106995,0.0,0.0,0.0,True,0.0
1780603200,6,True,up,0.8204979043330123,0.6600000262260437,5.0,0.144789878694432,filled,0.6899999976158142,5.050000190734863,3.484500119566917,0.0756136531761408,True,1.4898864179918054
1780603200,7,True,up,0.8001270919411647,0.6100000143051147,5.0,0.17347407785634875,filled,0.6899999976158142,10.0,6.899999976158142,0.14973000063419342,True,2.9502700232076644
1780603200,8,True,up,0.7843044562184405,0.6100000143051147,5.0,0.1576514421336245,filled,0.6100000143051147,5.0,3.0500000715255737,0.0832649988985061,True,1.8667349295759201
1780603200,9,True,up,0.770900989939225,0.49000000953674316,5.0,0.2634079803891304,filled,0.6100000143051147,5.0,3.0500000715255737,0.0832649988985061,True,1.8667349295759201
1780603200,10,True,up,0.6314578375473866,0.44999998807907104,5.0,0.16413284955176208,filled,0.550000011920929,7.050000190734863,3.877500188946726,0.12214125271618359,True,3.0503587490719535
1780606800,1,False,,,,,,,,,,,,
1780606800,2,False,,,,,,,,,,,,
1780606800,3,False,,,,,,,,,,,,
1780606800,4,False,,,,,,,,,,,,
1780606800,5,False,,,,,,,,,,,,
1780606800,6,False,,,,,,,,,,,,
1780606800,7,False,,,,,,,,,,,,
1780606800,8,False,,,,,,,,,,,,
1780606800,9,False,,,,,,,,,,,,
1780606800,10,False,,,,,,,,,,,,
1780610400,1,False,,,,,,,,,,,,
1780610400,2,False,,,,,,,,,,,,
1780610400,3,False,,,,,,,,,,,,
1780610400,4,False,,,,,,,,,,,,
1780610400,5,False,,,,,,,,,,,,
1780610400,6,False,,,,,,,,,,,,
1780610400,7,False,,,,,,,,,,,,
1780610400,8,False,,,,,,,,,,,,
1780610400,9,False,,,,,,,,,,,,
1780610400,10,False,,,,,,,,,,,,
1780614000,1,False,,,,,,,,,,,,
1780614000,2,False,,,,,,,,,,,,
1780614000,3,False,,,,,,,,,,,,
1780614000,4,False,,,,,,,,,,,,
1780614000,5,False,,,,,,,,,,,,
1780614000,6,False,,,,,,,,,,,,
1780614000,7,False,,,,,,,,,,,,
1780614000,8,False,,,,,,,,,,,,
1780614000,9,False,,,,,,,,,,,,
1780614000,10,False,,,,,,,,,,,,
1780617600,1,False,,,,,,,,,,,,
1780617600,2,False,,,,,,,,,,,,
1780617600,3,False,,,,,,,,,,,,
1780617600,4,False,,,,,,,,,,,,
1780617600,5,False,,,,,,,,,,,,
1780617600,6,False,,,,,,,,,,,,
1780617600,7,False,,,,,,,,,,,,
1780617600,8,False,,,,,,,,,,,,
1780617600,9,False,,,,,,,,,,,,
1780617600,10,False,,,,,,,,,,,,
1780621200,1,False,,,,,,,,,,,,
1780621200,2,False,,,,,,,,,,,,
1780621200,3,False,,,,,,,,,,,,
1780621200,4,False,,,,,,,,,,,,
1780621200,5,False,,,,,,,,,,,,
1780621200,6,False,,,,,,,,,,,,
1780621200,7,False,,,,,,,,,,,,
1780621200,8,False,,,,,,,,,,,,
1780621200,9,False,,,,,,,,,,,,
1780621200,10,False,,,,,,,,,,,,
1780624800,1,False,,,,,,,,,,,,
1780624800,2,False,,,,,,,,,,,,
1780624800,3,False,,,,,,,,,,,,
1780624800,4,False,,,,,,,,,,,,
1780624800,5,False,,,,,,,,,,,,
1780624800,6,False,,,,,,,,,,,,
1780624800,7,False,,,,,,,,,,,,
1780624800,8,False,,,,,,,,,,,,
1780624800,9,False,,,,,,,,,,,,
1780624800,10,False,,,,,,,,,,,,
1780628400,1,False,,,,,,,,,,,,
1780628400,2,False,,,,,,,,,,,,
1780628400,3,False,,,,,,,,,,,,
1780628400,4,False,,,,,,,,,,,,
1780628400,5,False,,,,,,,,,,,,
1780628400,6,False,,,,,,,,,,,,
1780628400,7,False,,,,,,,,,,,,
1780628400,8,False,,,,,,,,,,,,
1780628400,9,False,,,,,,,,,,,,
1780628400,10,False,,,,,,,,,,,,
1780632000,1,False,,,,,,,,,,,,
1780632000,2,False,,,,,,,,,,,,
1780632000,3,False,,,,,,,,,,,,
1780632000,4,False,,,,,,,,,,,,
1780632000,5,False,,,,,,,,,,,,
1780632000,6,False,,,,,,,,,,,,
1780632000,7,False,,,,,,,,,,,,
1780632000,8,False,,,,,,,,,,,,
1780632000,9,False,,,,,,,,,,,,
1780632000,10,False,,,,,,,,,,,,
1780635600,1,False,,,,,,,,,,,,
1780635600,2,False,,,,,,,,,,,,
1780635600,3,False,,,,,,,,,,,,
1780635600,4,False,,,,,,,,,,,,
1780635600,5,False,,,,,,,,,,,,
1780635600,6,False,,,,,,,,,,,,
1780635600,7,False,,,,,,,,,,,,
1780635600,8,False,,,,,,,,,,,,
1780635600,9,False,,,,,,,,,,,,
1780635600,10,False,,,,,,,,,,,,
1780639200,1,False,,,,,,,,,,,,
1780639200,2,False,,,,,,,,,,,,
1780639200,3,False,,,,,,,,,,,,
1780639200,4,False,,,,,,,,,,,,
1780639200,5,False,,,,,,,,,,,,
1780639200,6,False,,,,,,,,,,,,
1780639200,7,False,,,,,,,,,,,,
1780639200,8,False,,,,,,,,,,,,
1780639200,9,False,,,,,,,,,,,,
1780639200,10,False,,,,,,,,,,,,
1780642800,1,False,,,,,,,,,,,,
1780642800,2,False,,,,,,,,,,,,
1780642800,3,False,,,,,,,,,,,,
1780642800,4,False,,,,,,,,,,,,
1780642800,5,False,,,,,,,,,,,,
1780642800,6,False,,,,,,,,,,,,
1780642800,7,False,,,,,,,,,,,,
1780642800,8,False,,,,,,,,,,,,
1780642800,9,False,,,,,,,,,,,,
1780642800,10,False,,,,,,,,,,,,
1780646400,1,False,,,,,,,,,,,,
1780646400,2,False,,,,,,,,,,,,
1780646400,3,False,,,,,,,,,,,,
1780646400,4,False,,,,,,,,,,,,
1780646400,5,False,,,,,,,,,,,,
1780646400,6,False,,,,,,,,,,,,
1780646400,7,False,,,,,,,,,,,,
1780646400,8,False,,,,,,,,,,,,
1780646400,9,False,,,,,,,,,,,,
1780646400,10,False,,,,,,,,,,,,
1780650000,1,False,,,,,,,,,,,,
1780650000,2,False,,,,,,,,,,,,
1780650000,3,False,,,,,,,,,,,,
1780650000,4,False,,,,,,,,,,,,
1780650000,5,False,,,,,,,,,,,,
1780650000,6,False,,,,,,,,,,,,
1780650000,7,False,,,,,,,,,,,,
1780650000,8,False,,,,,,,,,,,,
1780650000,9,False,,,,,,,,,,,,
1780650000,10,False,,,,,,,,,,,,
1780653600,1,False,,,,,,,,,,,,
1780653600,2,False,,,,,,,,,,,,
1780653600,3,False,,,,,,,,,,,,
1780653600,4,False,,,,,,,,,,,,
1780653600,5,False,,,,,,,,,,,,
1780653600,6,False,,,,,,,,,,,,
1780653600,7,False,,,,,,,,,,,,
1780653600,8,False,,,,,,,,,,,,
1780653600,9,False,,,,,,,,,,,,
1780653600,10,False,,,,,,,,,,,,
1780657200,1,False,,,,,,,,,,,,
1780657200,2,False,,,,,,,,,,,,
1780657200,3,False,,,,,,,,,,,,
1780657200,4,False,,,,,,,,,,,,
1780657200,5,False,,,,,,,,,,,,
1780657200,6,False,,,,,,,,,,,,
1780657200,7,False,,,,,,,,,,,,
1780657200,8,False,,,,,,,,,,,,
1780657200,9,False,,,,,,,,,,,,
1780657200,10,False,,,,,,,,,,,,
1780660800,1,True,down,0.7174975522144147,0.5999999940395355,5.0,0.10069755809143266,empty_book,,0.0,0.0,0.0,True,0.0
1780660800,2,False,,,,,,,,,,,,
1780660800,3,False,,,,,,,,,,,,
1780660800,4,True,down,0.5387049550861351,0.4300000071525574,1.4900000095367432,0.0915479478634827,book_moved_no_edge,0.699999988079071,0.0,0.0,0.0,True,0.0
1780660800,5,True,down,0.5159694909107206,0.3700000047683716,5.0,0.1296524860555647,book_moved_no_edge,0.6100000143051147,0.0,0.0,0.0,True,0.0
1780660800,6,True,down,0.5144010210589034,0.3700000047683716,5.0,0.12808401620374746,filled,0.42000001668930054,5.0,2.1000000834465027,0.08526000093460073,True,2.8147399156188966
1780660800,7,True,down,0.5133306836271568,0.4300000071525574,1.4900000095367432,0.0661736764045044,filled,0.3700000047683716,5.0,1.850000023841858,0.0815850004339218,True,3.0684149757242203
1780660800,8,True,down,0.5458101999290215,0.32999998331069946,5.0,0.20033321701552737,filled,0.3999999761581421,5.0,1.9999998807907104,0.08399999833106976,True,2.91600012087822
1780660800,9,True,down,0.5720046093137503,0.44999998807907104,5.0,0.10467962131812576,filled,0.3100000023841858,5.0,1.550000011920929,0.07486500031709671,True,3.3751349877619745
1780660800,10,True,down,0.5683469180721717,0.3500000238418579,5.0,0.20242189372963487,filled,0.44999998807907104,5.0,2.2499999403953552,0.08662499958276745,True,2.6633750600218775
1780664400,1,False,,,,,,,,,,,,
1780664400,2,False,,,,,,,,,,,,
1780664400,3,False,,,,,,,,,,,,
1780664400,4,False,,,,,,,,,,,,
1780664400,5,False,,,,,,,,,,,,
1780664400,6,False,,,,,,,,,,,,
1780664400,7,False,,,,,,,,,,,,
1780664400,8,False,,,,,,,,,,,,
1780664400,9,False,,,,,,,,,,,,
1780664400,10,False,,,,,,,,,,,,
1780668000,1,False,,,,,,,,,,,,
1780668000,2,False,,,,,,,,,,,,
1780668000,3,False,,,,,,,,,,,,
1780668000,4,False,,,,,,,,,,,,
1780668000,5,False,,,,,,,,,,,,
1780668000,6,False,,,,,,,,,,,,
1780668000,7,False,,,,,,,,,,,,
1780668000,8,False,,,,,,,,,,,,
1780668000,9,False,,,,,,,,,,,,
1780668000,10,False,,,,,,,,,,,,
1780671600,1,False,,,,,,,,,,,,
1780671600,2,False,,,,,,,,,,,,
1780671600,3,False,,,,,,,,,,,,
1780671600,4,False,,,,,,,,,,,,
1780671600,5,False,,,,,,,,,,,,
1780671600,6,False,,,,,,,,,,,,
1780671600,7,False,,,,,,,,,,,,
1780671600,8,False,,,,,,,,,,,,
1780671600,9,False,,,,,,,,,,,,
1780671600,10,False,,,,,,,,,,,,
1780675200,1,False,,,,,,,,,,,,
1780675200,2,False,,,,,,,,,,,,
1780675200,3,False,,,,,,,,,,,,
1780675200,4,False,,,,,,,,,,,,
1780675200,5,False,,,,,,,,,,,,
1780675200,6,False,,,,,,,,,,,,
1780675200,7,False,,,,,,,,,,,,
1780675200,8,False,,,,,,,,,,,,
1780675200,9,False,,,,,,,,,,,,
1780675200,10,False,,,,,,,,,,,,
1780678800,1,False,,,,,,,,,,,,
1780678800,2,False,,,,,,,,,,,,
1780678800,3,False,,,,,,,,,,,,
1780678800,4,False,,,,,,,,,,,,
1780678800,5,False,,,,,,,,,,,,
1780678800,6,False,,,,,,,,,,,,
1780678800,7,False,,,,,,,,,,,,
1780678800,8,False,,,,,,,,,,,,
1780678800,9,False,,,,,,,,,,,,
1780678800,10,False,,,,,,,,,,,,
1780682400,1,False,,,,,,,,,,,,
1780682400,2,False,,,,,,,,,,,,
1780682400,3,False,,,,,,,,,,,,
1780682400,4,False,,,,,,,,,,,,
1780682400,5,False,,,,,,,,,,,,
1780682400,6,False,,,,,,,,,,,,
1780682400,7,False,,,,,,,,,,,,
1780682400,8,False,,,,,,,,,,,,
1780682400,9,False,,,,,,,,,,,,
1780682400,10,False,,,,,,,,,,,,
1780686000,1,False,,,,,,,,,,,,
1780686000,2,False,,,,,,,,,,,,
1780686000,3,False,,,,,,,,,,,,
1780686000,4,False,,,,,,,,,,,,
1780686000,5,False,,,,,,,,,,,,
1780686000,6,False,,,,,,,,,,,,
1780686000,7,False,,,,,,,,,,,,
1780686000,8,False,,,,,,,,,,,,
1780686000,9,False,,,,,,,,,,,,
1780686000,10,False,,,,,,,,,,,,
1780689600,1,False,,,,,,,,,,,,
1780689600,2,False,,,,,,,,,,,,
1780689600,3,False,,,,,,,,,,,,
1780689600,4,False,,,,,,,,,,,,
1780689600,5,False,,,,,,,,,,,,
1780689600,6,False,,,,,,,,,,,,
1780689600,7,False,,,,,,,,,,,,
1780689600,8,False,,,,,,,,,,,,
1780689600,9,False,,,,,,,,,,,,
1780689600,10,False,,,,,,,,,,,,
1780693200,1,False,,,,,,,,,,,,
1780693200,2,False,,,,,,,,,,,,
1780693200,3,False,,,,,,,,,,,,
1780693200,4,False,,,,,,,,,,,,
1780693200,5,False,,,,,,,,,,,,
1780693200,6,False,,,,,,,,,,,,
1780693200,7,False,,,,,,,,,,,,
1780693200,8,False,,,,,,,,,,,,
1780693200,9,False,,,,,,,,,,,,
1780693200,10,False,,,,,,,,,,,,
1780696800,1,False,,,,,,,,,,,,
1780696800,2,False,,,,,,,,,,,,
1780696800,3,False,,,,,,,,,,,,
1780696800,4,False,,,,,,,,,,,,
1780696800,5,False,,,,,,,,,,,,
1780696800,6,False,,,,,,,,,,,,
1780696800,7,False,,,,,,,,,,,,
1780696800,8,False,,,,,,,,,,,,
1780696800,9,False,,,,,,,,,,,,
1780696800,10,False,,,,,,,,,,,,
1780700400,1,False,,,,,,,,,,,,
1780700400,2,False,,,,,,,,,,,,
1780700400,3,False,,,,,,,,,,,,
1780700400,4,False,,,,,,,,,,,,
1780700400,5,False,,,,,,,,,,,,
1780700400,6,False,,,,,,,,,,,,
1780700400,7,False,,,,,,,,,,,,
1780700400,8,False,,,,,,,,,,,,
1780700400,9,False,,,,,,,,,,,,
1780700400,10,False,,,,,,,,,,,,
1780704000,1,False,,,,,,,,,,,,
1780704000,2,False,,,,,,,,,,,,
1780704000,3,False,,,,,,,,,,,,
1780704000,4,False,,,,,,,,,,,,
1780704000,5,False,,,,,,,,,,,,
1780704000,6,False,,,,,,,,,,,,
1780704000,7,False,,,,,,,,,,,,
1780704000,8,False,,,,,,,,,,,,
1780704000,9,False,,,,,,,,,,,,
1780704000,10,False,,,,,,,,,,,,
1780707600,1,False,,,,,,,,,,,,
1780707600,2,False,,,,,,,,,,,,
1780707600,3,False,,,,,,,,,,,,
1780707600,4,False,,,,,,,,,,,,
1780707600,5,False,,,,,,,,,,,,
1780707600,6,False,,,,,,,,,,,,
1780707600,7,False,,,,,,,,,,,,
1780707600,8,False,,,,,,,,,,,,
1780707600,9,False,,,,,,,,,,,,
1780707600,10,False,,,,,,,,,,,,
1780711200,1,False,,,,,,,,,,,,
1780711200,2,False,,,,,,,,,,,,
1780711200,3,False,,,,,,,,,,,,
1780711200,4,False,,,,,,,,,,,,
1780711200,5,False,,,,,,,,,,,,
1780711200,6,False,,,,,,,,,,,,
1780711200,7,False,,,,,,,,,,,,
1780711200,8,False,,,,,,,,,,,,
1780711200,9,False,,,,,,,,,,,,
1780711200,10,False,,,,,,,,,,,,
1780714800,1,False,,,,,,,,,,,,
1780714800,2,False,,,,,,,,,,,,
1780714800,3,False,,,,,,,,,,,,
1780714800,4,False,,,,,,,,,,,,
1780714800,5,False,,,,,,,,,,,,
1780714800,6,False,,,,,,,,,,,,
1780714800,7,False,,,,,,,,,,,,
1780714800,8,False,,,,,,,,,,,,
1780714800,9,False,,,,,,,,,,,,
1780714800,10,False,,,,,,,,,,,,
1780718400,1,False,,,,,,,,,,,,
1780718400,2,False,,,,,,,,,,,,
1780718400,3,False,,,,,,,,,,,,
1780718400,4,False,,,,,,,,,,,,
1780718400,5,False,,,,,,,,,,,,
1780718400,6,False,,,,,,,,,,,,
1780718400,7,False,,,,,,,,,,,,
1780718400,8,False,,,,,,,,,,,,
1780718400,9,False,,,,,,,,,,,,
1780718400,10,False,,,,,,,,,,,,
1780722000,1,False,,,,,,,,,,,,
1780722000,2,False,,,,,,,,,,,,
1780722000,3,False,,,,,,,,,,,,
1780722000,4,False,,,,,,,,,,,,
1780722000,5,False,,,,,,,,,,,,
1780722000,6,False,,,,,,,,,,,,
1780722000,7,False,,,,,,,,,,,,
1780722000,8,False,,,,,,,,,,,,
1780722000,9,False,,,,,,,,,,,,
1780722000,10,False,,,,,,,,,,,,
1780725600,1,False,,,,,,,,,,,,
1780725600,2,False,,,,,,,,,,,,
1780725600,3,False,,,,,,,,,,,,
1780725600,4,False,,,,,,,,,,,,
1780725600,5,False,,,,,,,,,,,,
1780725600,6,False,,,,,,,,,,,,
1780725600,7,False,,,,,,,,,,,,
1780725600,8,False,,,,,,,,,,,,
1780725600,9,False,,,,,,,,,,,,
1780725600,10,False,,,,,,,,,,,,
1780729200,1,False,,,,,,,,,,,,
1780729200,2,False,,,,,,,,,,,,
1780729200,3,False,,,,,,,,,,,,
1780729200,4,False,,,,,,,,,,,,
1780729200,5,False,,,,,,,,,,,,
1780729200,6,False,,,,,,,,,,,,
1780729200,7,False,,,,,,,,,,,,
1780729200,8,False,,,,,,,,,,,,
1780729200,9,False,,,,,,,,,,,,
1780729200,10,False,,,,,,,,,,,,
1780732800,1,False,,,,,,,,,,,,
1780732800,2,False,,,,,,,,,,,,
1780732800,3,False,,,,,,,,,,,,
1780732800,4,False,,,,,,,,,,,,
1780732800,5,False,,,,,,,,,,,,
1780732800,6,False,,,,,,,,,,,,
1780732800,7,False,,,,,,,,,,,,
1780732800,8,False,,,,,,,,,,,,
1780732800,9,False,,,,,,,,,,,,
1780732800,10,False,,,,,,,,,,,,
1780736400,1,False,,,,,,,,,,,,
1780736400,2,False,,,,,,,,,,,,
1780736400,3,False,,,,,,,,,,,,
1780736400,4,False,,,,,,,,,,,,
1780736400,5,False,,,,,,,,,,,,
1780736400,6,False,,,,,,,,,,,,
1780736400,7,False,,,,,,,,,,,,
1780736400,8,False,,,,,,,,,,,,
1780736400,9,False,,,,,,,,,,,,
1780736400,10,False,,,,,,,,,,,,
1780740000,1,False,,,,,,,,,,,,
1780740000,2,False,,,,,,,,,,,,
1780740000,3,False,,,,,,,,,,,,
1780740000,4,False,,,,,,,,,,,,
1780740000,5,False,,,,,,,,,,,,
1780740000,6,False,,,,,,,,,,,,
1780740000,7,False,,,,,,,,,,,,
1780740000,8,False,,,,,,,,,,,,
1780740000,9,False,,,,,,,,,,,,
1780740000,10,False,,,,,,,,,,,,
1780743600,1,False,,,,,,,,,,,,
1780743600,2,False,,,,,,,,,,,,
1780743600,3,False,,,,,,,,,,,,
1780743600,4,False,,,,,,,,,,,,
1780743600,5,False,,,,,,,,,,,,
1780743600,6,False,,,,,,,,,,,,
1780743600,7,False,,,,,,,,,,,,
1780743600,8,False,,,,,,,,,,,,
1780743600,9,False,,,,,,,,,,,,
1780743600,10,False,,,,,,,,,,,,
1780747200,1,False,,,,,,,,,,,,
1780747200,2,False,,,,,,,,,,,,
1780747200,3,False,,,,,,,,,,,,
1780747200,4,False,,,,,,,,,,,,
1780747200,5,False,,,,,,,,,,,,
1780747200,6,False,,,,,,,,,,,,
1780747200,7,False,,,,,,,,,,,,
1780747200,8,False,,,,,,,,,,,,
1780747200,9,False,,,,,,,,,,,,
1780747200,10,False,,,,,,,,,,,,
1780750800,1,False,,,,,,,,,,,,
1780750800,2,False,,,,,,,,,,,,
1780750800,3,False,,,,,,,,,,,,
1780750800,4,False,,,,,,,,,,,,
1780750800,5,False,,,,,,,,,,,,
1780750800,6,False,,,,,,,,,,,,
1780750800,7,False,,,,,,,,,,,,
1780750800,8,False,,,,,,,,,,,,
1780750800,9,False,,,,,,,,,,,,
1780750800,10,False,,,,,,,,,,,,
1780754400,1,True,down,0.98,0.7999999970197678,2.0899999141693115,0.16880000285506247,empty_book,,0.0,0.0,0.0,True,0.0
1780754400,2,True,down,0.9762883420538699,0.7900000065565109,5.0,0.17467533576355337,filled,0.880000002682209,5.0,4.400000013411045,0.0369599992865324,True,0.5630399873024226
1780754400,3,True,down,0.9474170047403769,0.7699999958276749,321.19000244140625,0.16502000875498818,filled,0.7900000065565109,5.0,3.9500000327825546,0.05806499866902827,True,0.9919349685484171
1780754400,4,True,down,0.9195193570172723,0.7100000083446503,5.0,0.19510634891795473,filled,0.7699999958276749,32.46753264346117,24.999999999999996,0.402500007301569,True,7.065032636159604
1780754400,5,True,down,0.895050469884032,0.6699999868869781,76.6500015258789,0.20957348268496398,filled,0.7299999892711639,1.6699999570846558,1.219099950754643,0.0230409899848294,True,0.4278590163451834
1780754400,6,True,down,0.8723810781311763,0.6299999952316284,5.0,0.2260640828127635,filled,0.6899999976158142,5.0,3.449999988079071,0.07486500031709671,True,1.4751350116038322
1780754400,7,True,down,0.8536794350707976,0.6299999952316284,89.69999694824219,0.2073624397523848,filled,0.6500000059604645,38.46153810884826,25.0,0.6124999895691873,True,12.849038119279072
1780754400,8,True,down,0.8375353862290575,0.6299999952316284,89.69999694824219,0.19121839091064477,filled,0.6299999952316284,39.68253998289063,25.000000000000004,0.6475000083446504,True,14.035039974545978
1780754400,9,True,down,0.8182591483796935,0.6200000047683716,110.94999694824219,0.18176714369143054,filled,0.6200000047683716,40.322580335043476,25.0,0.6649999916553498,True,14.657580343388126
1780754400,10,True,down,0.8056883401454789,0.6299999952316284,89.69999694824219,0.15937134482706608,filled,0.6299999952316284,39.68253998289063,25.000000000000004,0.6475000083446504,True,14.035039974545978
1780758000,1,True,down,0.98,0.8999999985098839,2989.860107421875,0.0737000014066696,empty_book,,0.0,0.0,0.0,True,0.0
1780758000,2,True,down,0.9453382577810566,0.8499999940395355,5.0,0.08641326344945835,book_moved_no_edge,0.8999999985098839,0.0,0.0,0.0,True,0.0
1780758000,3,False,,,,,,,,,,,,
1780758000,4,False,,,,,,,,,,,,
1780758000,5,False,,,,,,,,,,,,
1780758000,6,False,,,,,,,,,,,,
1780758000,7,False,,,,,,,,,,,,
1780758000,8,False,,,,,,,,,,,,
1780758000,9,False,,,,,,,,,,,,
1780758000,10,False,,,,,,,,,,,,
1780761600,1,False,,,,,,,,,,,,
1780761600,2,False,,,,,,,,,,,,
1780761600,3,False,,,,,,,,,,,,
1780761600,4,True,down,0.98,0.8900000005960464,10.0,0.08314699943649767,book_moved_no_edge,0.9700000006705523,0.0,0.0,0.0,True,0.0
1780761600,5,True,down,0.98,0.8900000005960464,5.0,0.08314699943649767,book_moved_no_edge,0.9800000004470348,0.0,0.0,0.0,True,0.0
1780761600,6,True,down,0.98,0.8900000005960464,5.0,0.08314699943649767,filled,0.8900000005960464,5.0,4.450000002980232,0.03426499983727933,True,0.5157349971824884
1780761600,7,True,down,0.98,0.8700000047683716,7.71999979019165,0.10208299547863005,filled,0.9099999964237213,27.472527580493864,25.0,0.15750000625848773,True,2.3150275742353763
1780761600,8,False,,,,,,,,,,,,
1780761600,9,True,down,0.98,0.9099999964237213,62.599998474121094,0.06426700337100028,filled,0.8700000047683716,28.7356320264113,25.0,0.22749999165534973,True,3.508132034755949
1780761600,10,True,down,0.98,0.9099999964237213,188.74000549316406,0.06426700337100028,book_moved_no_edge,0.9400000013411045,0.0,0.0,0.0,True,0.0
1780765200,1,False,,,,,,,,,,,,
1780765200,2,False,,,,,,,,,,,,
1780765200,3,False,,,,,,,,,,,,
1780765200,4,False,,,,,,,,,,,,
1780765200,5,False,,,,,,,,,,,,
1780765200,6,False,,,,,,,,,,,,
1780765200,7,False,,,,,,,,,,,,
1780765200,8,False,,,,,,,,,,,,
1780765200,9,False,,,,,,,,,,,,
1780765200,10,False,,,,,,,,,,,,
1780768800,1,False,,,,,,,,,,,,
1780768800,2,False,,,,,,,,,,,,
1780768800,3,False,,,,,,,,,,,,
1780768800,4,False,,,,,,,,,,,,
1780768800,5,False,,,,,,,,,,,,
1780768800,6,False,,,,,,,,,,,,
1780768800,7,False,,,,,,,,,,,,
1780768800,8,False,,,,,,,,,,,,
1780768800,9,False,,,,,,,,,,,,
1780768800,10,False,,,,,,,,,,,,
1780772400,1,False,,,,,,,,,,,,
1780772400,2,False,,,,,,,,,,,,
1780772400,3,False,,,,,,,,,,,,
1780772400,4,False,,,,,,,,,,,,
1780772400,5,False,,,,,,,,,,,,
1780772400,6,False,,,,,,,,,,,,
1780772400,7,False,,,,,,,,,,,,
1780772400,8,False,,,,,,,,,,,,
1780772400,9,False,,,,,,,,,,,,
1780772400,10,False,,,,,,,,,,,,
1780776000,1,False,,,,,,,,,,,,
1780776000,2,False,,,,,,,,,,,,
1780776000,3,False,,,,,,,,,,,,
1780776000,4,False,,,,,,,,,,,,
1780776000,5,False,,,,,,,,,,,,
1780776000,6,False,,,,,,,,,,,,
1780776000,7,False,,,,,,,,,,,,
1780776000,8,False,,,,,,,,,,,,
1780776000,9,False,,,,,,,,,,,,
1780776000,10,False,,,,,,,,,,,,
1780779600,1,False,,,,,,,,,,,,
1780779600,2,False,,,,,,,,,,,,
1780779600,3,False,,,,,,,,,,,,
1780779600,4,False,,,,,,,,,,,,
1780779600,5,False,,,,,,,,,,,,
1780779600,6,False,,,,,,,,,,,,
1780779600,7,False,,,,,,,,,,,,
1780779600,8,False,,,,,,,,,,,,
1780779600,9,False,,,,,,,,,,,,
1780779600,10,False,,,,,,,,,,,,
1780783200,1,False,,,,,,,,,,,,
1780783200,2,False,,,,,,,,,,,,
1780783200,3,False,,,,,,,,,,,,
1780783200,4,False,,,,,,,,,,,,
1780783200,5,False,,,,,,,,,,,,
1780783200,6,False,,,,,,,,,,,,
1780783200,7,False,,,,,,,,,,,,
1780783200,8,False,,,,,,,,,,,,
1780783200,9,False,,,,,,,,,,,,
1780783200,10,False,,,,,,,,,,,,
1780786800,1,False,,,,,,,,,,,,
1780786800,2,False,,,,,,,,,,,,
1780786800,3,False,,,,,,,,,,,,
1780786800,4,False,,,,,,,,,,,,
1780786800,5,False,,,,,,,,,,,,
1780786800,6,False,,,,,,,,,,,,
1780786800,7,False,,,,,,,,,,,,
1780786800,8,False,,,,,,,,,,,,
1780786800,9,False,,,,,,,,,,,,
1780786800,10,False,,,,,,,,,,,,
1780790400,1,False,,,,,,,,,,,,
1780790400,2,False,,,,,,,,,,,,
1780790400,3,False,,,,,,,,,,,,
1780790400,4,False,,,,,,,,,,,,
1780790400,5,False,,,,,,,,,,,,
1780790400,6,False,,,,,,,,,,,,
1780790400,7,False,,,,,,,,,,,,
1780790400,8,False,,,,,,,,,,,,
1780790400,9,False,,,,,,,,,,,,
1780790400,10,False,,,,,,,,,,,,
1780794000,1,False,,,,,,,,,,,,
1780794000,2,False,,,,,,,,,,,,
1780794000,3,False,,,,,,,,,,,,
1780794000,4,False,,,,,,,,,,,,
1780794000,5,False,,,,,,,,,,,,
1780794000,6,False,,,,,,,,,,,,
1780794000,7,False,,,,,,,,,,,,
1780794000,8,False,,,,,,,,,,,,
1780794000,9,False,,,,,,,,,,,,
1780794000,10,False,,,,,,,,,,,,
1780797600,1,False,,,,,,,,,,,,
1780797600,2,False,,,,,,,,,,,,
1780797600,3,False,,,,,,,,,,,,
1780797600,4,False,,,,,,,,,,,,
1780797600,5,False,,,,,,,,,,,,
1780797600,6,False,,,,,,,,,,,,
1780797600,7,False,,,,,,,,,,,,
1780797600,8,False,,,,,,,,,,,,
1780797600,9,False,,,,,,,,,,,,
1780797600,10,False,,,,,,,,,,,,
1780801200,1,False,,,,,,,,,,,,
1780801200,2,False,,,,,,,,,,,,
1780801200,3,False,,,,,,,,,,,,
1780801200,4,False,,,,,,,,,,,,
1780801200,5,False,,,,,,,,,,,,
1780801200,6,False,,,,,,,,,,,,
1780801200,7,False,,,,,,,,,,,,
1780801200,8,False,,,,,,,,,,,,
1780801200,9,False,,,,,,,,,,,,
1780801200,10,False,,,,,,,,,,,,
1780804800,1,False,,,,,,,,,,,,
1780804800,2,False,,,,,,,,,,,,
1780804800,3,False,,,,,,,,,,,,
1780804800,4,False,,,,,,,,,,,,
1780804800,5,False,,,,,,,,,,,,
1780804800,6,False,,,,,,,,,,,,
1780804800,7,False,,,,,,,,,,,,
1780804800,8,False,,,,,,,,,,,,
1780804800,9,False,,,,,,,,,,,,
1780804800,10,False,,,,,,,,,,,,
1780808400,1,False,,,,,,,,,,,,
1780808400,2,False,,,,,,,,,,,,
1780808400,3,False,,,,,,,,,,,,
1780808400,4,False,,,,,,,,,,,,
1780808400,5,False,,,,,,,,,,,,
1780808400,6,False,,,,,,,,,,,,
1780808400,7,False,,,,,,,,,,,,
1780808400,8,False,,,,,,,,,,,,
1780808400,9,False,,,,,,,,,,,,
1780808400,10,False,,,,,,,,,,,,
1780812000,1,False,,,,,,,,,,,,
1780812000,2,False,,,,,,,,,,,,
1780812000,3,False,,,,,,,,,,,,
1780812000,4,False,,,,,,,,,,,,
1780812000,5,False,,,,,,,,,,,,
1780812000,6,False,,,,,,,,,,,,
1780812000,7,False,,,,,,,,,,,,
1780812000,8,False,,,,,,,,,,,,
1780812000,9,False,,,,,,,,,,,,
1780812000,10,False,,,,,,,,,,,,
1780815600,1,False,,,,,,,,,,,,
1780815600,2,False,,,,,,,,,,,,
1780815600,3,False,,,,,,,,,,,,
1780815600,4,False,,,,,,,,,,,,
1780815600,5,False,,,,,,,,,,,,
1780815600,6,False,,,,,,,,,,,,
1780815600,7,False,,,,,,,,,,,,
1780815600,8,False,,,,,,,,,,,,
1780815600,9,False,,,,,,,,,,,,
1780815600,10,False,,,,,,,,,,,,
1780819200,1,False,,,,,,,,,,,,
1780819200,2,False,,,,,,,,,,,,
1780819200,3,False,,,,,,,,,,,,
1780819200,4,False,,,,,,,,,,,,
1780819200,5,False,,,,,,,,,,,,
1780819200,6,False,,,,,,,,,,,,
1780819200,7,False,,,,,,,,,,,,
1780819200,8,False,,,,,,,,,,,,
1780819200,9,False,,,,,,,,,,,,
1780819200,10,False,,,,,,,,,,,,
1780822800,1,False,,,,,,,,,,,,
1780822800,2,False,,,,,,,,,,,,
1780822800,3,False,,,,,,,,,,,,
1780822800,4,False,,,,,,,,,,,,
1780822800,5,False,,,,,,,,,,,,
1780822800,6,False,,,,,,,,,,,,
1780822800,7,False,,,,,,,,,,,,
1780822800,8,False,,,,,,,,,,,,
1780822800,9,False,,,,,,,,,,,,
1780822800,10,False,,,,,,,,,,,,
1780826400,1,False,,,,,,,,,,,,
1780826400,2,False,,,,,,,,,,,,
1780826400,3,False,,,,,,,,,,,,
1780826400,4,False,,,,,,,,,,,,
1780826400,5,False,,,,,,,,,,,,
1780826400,6,False,,,,,,,,,,,,
1780826400,7,False,,,,,,,,,,,,
1780826400,8,False,,,,,,,,,,,,
1780826400,9,False,,,,,,,,,,,,
1780826400,10,False,,,,,,,,,,,,
1780830000,1,False,,,,,,,,,,,,
1780830000,2,False,,,,,,,,,,,,
1780830000,3,False,,,,,,,,,,,,
1780830000,4,False,,,,,,,,,,,,
1780830000,5,False,,,,,,,,,,,,
1780830000,6,False,,,,,,,,,,,,
1780830000,7,False,,,,,,,,,,,,
1780830000,8,False,,,,,,,,,,,,
1780830000,9,False,,,,,,,,,,,,
1780830000,10,False,,,,,,,,,,,,
1780833600,1,False,,,,,,,,,,,,
1780833600,2,False,,,,,,,,,,,,
1780833600,3,False,,,,,,,,,,,,
1780833600,4,False,,,,,,,,,,,,
1780833600,5,False,,,,,,,,,,,,
1780833600,6,False,,,,,,,,,,,,
1780833600,7,False,,,,,,,,,,,,
1780833600,8,False,,,,,,,,,,,,
1780833600,9,False,,,,,,,,,,,,
1780833600,10,False,,,,,,,,,,,,
1780837200,1,False,,,,,,,,,,,,
1780837200,2,False,,,,,,,,,,,,
1780837200,3,False,,,,,,,,,,,,
1780837200,4,False,,,,,,,,,,,,
1780837200,5,False,,,,,,,,,,,,
1780837200,6,False,,,,,,,,,,,,
1780837200,7,False,,,,,,,,,,,,
1780837200,8,False,,,,,,,,,,,,
1780837200,9,False,,,,,,,,,,,,
1780837200,10,False,,,,,,,,,,,,
1780840800,1,False,,,,,,,,,,,,
1780840800,2,False,,,,,,,,,,,,
1780840800,3,False,,,,,,,,,,,,
1780840800,4,False,,,,,,,,,,,,
1780840800,5,False,,,,,,,,,,,,
1780840800,6,False,,,,,,,,,,,,
1780840800,7,False,,,,,,,,,,,,
1780840800,8,False,,,,,,,,,,,,
1780840800,9,False,,,,,,,,,,,,
1780840800,10,False,,,,,,,,,,,,
1780844400,1,False,,,,,,,,,,,,
1780844400,2,False,,,,,,,,,,,,
1780844400,3,False,,,,,,,,,,,,
1780844400,4,False,,,,,,,,,,,,
1780844400,5,False,,,,,,,,,,,,
1780844400,6,False,,,,,,,,,,,,
1780844400,7,False,,,,,,,,,,,,
1780844400,8,False,,,,,,,,,,,,
1780844400,9,False,,,,,,,,,,,,
1780844400,10,False,,,,,,,,,,,,
1780848000,1,False,,,,,,,,,,,,
1780848000,2,False,,,,,,,,,,,,
1780848000,3,False,,,,,,,,,,,,
1780848000,4,False,,,,,,,,,,,,
1780848000,5,False,,,,,,,,,,,,
1780848000,6,False,,,,,,,,,,,,
1780848000,7,False,,,,,,,,,,,,
1780848000,8,False,,,,,,,,,,,,
1780848000,9,False,,,,,,,,,,,,
1780848000,10,False,,,,,,,,,,,,
1780851600,1,False,,,,,,,,,,,,
1780851600,2,False,,,,,,,,,,,,
1780851600,3,False,,,,,,,,,,,,
1780851600,4,False,,,,,,,,,,,,
1780851600,5,False,,,,,,,,,,,,
1780851600,6,False,,,,,,,,,,,,
1780851600,7,False,,,,,,,,,,,,
1780851600,8,False,,,,,,,,,,,,
1780851600,9,False,,,,,,,,,,,,
1780851600,10,False,,,,,,,,,,,,
1780855200,1,False,,,,,,,,,,,,
1780855200,2,False,,,,,,,,,,,,
1780855200,3,False,,,,,,,,,,,,
1780855200,4,False,,,,,,,,,,,,
1780855200,5,False,,,,,,,,,,,,
1780855200,6,False,,,,,,,,,,,,
1780855200,7,False,,,,,,,,,,,,
1780855200,8,False,,,,,,,,,,,,
1780855200,9,False,,,,,,,,,,,,
1780855200,10,False,,,,,,,,,,,,
1780858800,1,False,,,,,,,,,,,,
1780858800,2,False,,,,,,,,,,,,
1780858800,3,False,,,,,,,,,,,,
1780858800,4,False,,,,,,,,,,,,
1780858800,5,False,,,,,,,,,,,,
1780858800,6,False,,,,,,,,,,,,
1780858800,7,False,,,,,,,,,,,,
1780858800,8,False,,,,,,,,,,,,
1780858800,9,False,,,,,,,,,,,,
1780858800,10,False,,,,,,,,,,,,
1780862400,1,False,,,,,,,,,,,,
1780862400,2,False,,,,,,,,,,,,
1780862400,3,False,,,,,,,,,,,,
1780862400,4,False,,,,,,,,,,,,
1780862400,5,False,,,,,,,,,,,,
1780862400,6,False,,,,,,,,,,,,
1780862400,7,False,,,,,,,,,,,,
1780862400,8,False,,,,,,,,,,,,
1780862400,9,False,,,,,,,,,,,,
1780862400,10,False,,,,,,,,,,,,
1780866000,1,False,,,,,,,,,,,,
1780866000,2,False,,,,,,,,,,,,
1780866000,3,False,,,,,,,,,,,,
1780866000,4,False,,,,,,,,,,,,
1780866000,5,False,,,,,,,,,,,,
1780866000,6,False,,,,,,,,,,,,
1780866000,7,False,,,,,,,,,,,,
1780866000,8,False,,,,,,,,,,,,
1780866000,9,False,,,,,,,,,,,,
1780866000,10,False,,,,,,,,,,,,
1780869600,1,False,,,,,,,,,,,,
1780869600,2,False,,,,,,,,,,,,
1780869600,3,False,,,,,,,,,,,,
1780869600,4,False,,,,,,,,,,,,
1780869600,5,False,,,,,,,,,,,,
1780869600,6,False,,,,,,,,,,,,
1780869600,7,False,,,,,,,,,,,,
1780869600,8,False,,,,,,,,,,,,
1780869600,9,False,,,,,,,,,,,,
1780869600,10,False,,,,,,,,,,,,
1780873200,1,False,,,,,,,,,,,,
1780873200,2,False,,,,,,,,,,,,
1780873200,3,False,,,,,,,,,,,,
1780873200,4,False,,,,,,,,,,,,
1780873200,5,False,,,,,,,,,,,,
1780873200,6,False,,,,,,,,,,,,
1780873200,7,False,,,,,,,,,,,,
1780873200,8,False,,,,,,,,,,,,
1780873200,9,False,,,,,,,,,,,,
1780873200,10,False,,,,,,,,,,,,
1780876800,1,False,,,,,,,,,,,,
1780876800,2,False,,,,,,,,,,,,
1780876800,3,False,,,,,,,,,,,,
1780876800,4,False,,,,,,,,,,,,
1780876800,5,False,,,,,,,,,,,,
1780876800,6,False,,,,,,,,,,,,
1780876800,7,False,,,,,,,,,,,,
1780876800,8,False,,,,,,,,,,,,
1780876800,9,False,,,,,,,,,,,,
1780876800,10,False,,,,,,,,,,,,
1780880400,1,False,,,,,,,,,,,,
1780880400,2,False,,,,,,,,,,,,
1780880400,3,False,,,,,,,,,,,,
1780880400,4,False,,,,,,,,,,,,
1780880400,5,False,,,,,,,,,,,,
1780880400,6,False,,,,,,,,,,,,
1780880400,7,False,,,,,,,,,,,,
1780880400,8,False,,,,,,,,,,,,
1780880400,9,False,,,,,,,,,,,,
1780880400,10,False,,,,,,,,,,,,
1780884000,1,False,,,,,,,,,,,,
1780884000,2,False,,,,,,,,,,,,
1780884000,3,False,,,,,,,,,,,,
1780884000,4,False,,,,,,,,,,,,
1780884000,5,False,,,,,,,,,,,,
1780884000,6,False,,,,,,,,,,,,
1780884000,7,False,,,,,,,,,,,,
1780884000,8,False,,,,,,,,,,,,
1780884000,9,False,,,,,,,,,,,,
1780884000,10,False,,,,,,,,,,,,
1780887600,1,False,,,,,,,,,,,,
1780887600,2,False,,,,,,,,,,,,
1780887600,3,True,down,0.98,0.3700000047683716,5.0,0.593682995144844,book_moved_no_edge,0.009999990463256836,0.0,0.0,0.0,False,0.0
1780887600,4,True,down,0.98,0.5900000035762787,5.0,0.3730669964687824,book_moved_no_edge,0.009999990463256836,0.0,0.0,0.0,False,0.0
1780887600,5,True,down,0.98,0.6699999868869781,5.0,0.2945230128009319,book_moved_no_edge,0.0899999737739563,0.0,0.0,0.0,False,0.0
1780887600,6,True,down,0.98,0.7299999892711639,5.0,0.23620301038336752,filled,0.6500000059604645,5.0,3.2500000298023224,0.07962499937415123,False,-3.3296250291764737
1780887600,7,True,down,0.98,0.7299999892711639,5.0,0.23620301038336752,filled,0.6699999868869781,5.0,3.3499999344348907,0.07738500156044954,False,-3.4273849359953403
1780887600,8,True,down,0.98,0.8100000023841858,5.0,0.15922699771928786,filled,0.7299999892711639,5.0,3.6499999463558197,0.06898500172734258,False,-3.7189849480831625
1780887600,9,True,down,0.98,0.8100000023841858,5.0,0.15922699771928786,filled,0.8299999982118607,5.0,4.149999991059303,0.04938500041306019,False,-4.199384991472363
1780887600,10,True,down,0.9781214448039006,0.7900000065565109,5.0,0.17650843851358405,filled,0.8100000023841858,5.0,4.050000011920929,0.05386499948263169,False,-4.103865011403561
1780891200,1,False,,,,,,,,,,,,
1780891200,2,False,,,,,,,,,,,,
1780891200,3,False,,,,,,,,,,,,
1780891200,4,False,,,,,,,,,,,,
1780891200,5,False,,,,,,,,,,,,
1780891200,6,False,,,,,,,,,,,,
1780891200,7,False,,,,,,,,,,,,
1780891200,8,False,,,,,,,,,,,,
1780891200,9,False,,,,,,,,,,,,
1780891200,10,False,,,,,,,,,,,,
1780894800,1,False,,,,,,,,,,,,
1780894800,2,False,,,,,,,,,,,,
1780894800,3,False,,,,,,,,,,,,
1780894800,4,False,,,,,,,,,,,,
1780894800,5,False,,,,,,,,,,,,
1780894800,6,False,,,,,,,,,,,,
1780894800,7,False,,,,,,,,,,,,
1780894800,8,False,,,,,,,,,,,,
1780894800,9,False,,,,,,,,,,,,
1780894800,10,False,,,,,,,,,,,,
1780898400,1,False,,,,,,,,,,,,
1780898400,2,False,,,,,,,,,,,,
1780898400,3,False,,,,,,,,,,,,
1780898400,4,False,,,,,,,,,,,,
1780898400,5,False,,,,,,,,,,,,
1780898400,6,False,,,,,,,,,,,,
1780898400,7,False,,,,,,,,,,,,
1780898400,8,False,,,,,,,,,,,,
1780898400,9,False,,,,,,,,,,,,
1780898400,10,False,,,,,,,,,,,,
1780902000,1,False,,,,,,,,,,,,
1780902000,2,False,,,,,,,,,,,,
1780902000,3,False,,,,,,,,,,,,
1780902000,4,False,,,,,,,,,,,,
1780902000,5,False,,,,,,,,,,,,
1780902000,6,False,,,,,,,,,,,,
1780902000,7,False,,,,,,,,,,,,
1780902000,8,False,,,,,,,,,,,,
1780902000,9,False,,,,,,,,,,,,
1780902000,10,False,,,,,,,,,,,,
1780905600,1,False,,,,,,,,,,,,
1780905600,2,False,,,,,,,,,,,,
1780905600,3,False,,,,,,,,,,,,
1780905600,4,False,,,,,,,,,,,,
1780905600,5,False,,,,,,,,,,,,
1780905600,6,False,,,,,,,,,,,,
1780905600,7,False,,,,,,,,,,,,
1780905600,8,False,,,,,,,,,,,,
1780905600,9,False,,,,,,,,,,,,
1780905600,10,False,,,,,,,,,,,,
1780909200,1,False,,,,,,,,,,,,
1780909200,2,False,,,,,,,,,,,,
1780909200,3,False,,,,,,,,,,,,
1780909200,4,False,,,,,,,,,,,,
1780909200,5,False,,,,,,,,,,,,
1780909200,6,False,,,,,,,,,,,,
1780909200,7,False,,,,,,,,,,,,
1780909200,8,False,,,,,,,,,,,,
1780909200,9,False,,,,,,,,,,,,
1780909200,10,False,,,,,,,,,,,,
1780912800,1,False,,,,,,,,,,,,
1780912800,2,False,,,,,,,,,,,,
1780912800,3,False,,,,,,,,,,,,
1780912800,4,False,,,,,,,,,,,,
1780912800,5,False,,,,,,,,,,,,
1780912800,6,False,,,,,,,,,,,,
1780912800,7,False,,,,,,,,,,,,
1780912800,8,False,,,,,,,,,,,,
1780912800,9,False,,,,,,,,,,,,
1780912800,10,False,,,,,,,,,,,,
1780916400,1,False,,,,,,,,,,,,
1780916400,2,False,,,,,,,,,,,,
1780916400,3,False,,,,,,,,,,,,
1780916400,4,False,,,,,,,,,,,,
1780916400,5,False,,,,,,,,,,,,
1780916400,6,False,,,,,,,,,,,,
1780916400,7,False,,,,,,,,,,,,
1780916400,8,False,,,,,,,,,,,,
1780916400,9,False,,,,,,,,,,,,
1780916400,10,False,,,,,,,,,,,,
1780920000,1,False,,,,,,,,,,,,
1780920000,2,False,,,,,,,,,,,,
1780920000,3,False,,,,,,,,,,,,
1780920000,4,False,,,,,,,,,,,,
1780920000,5,False,,,,,,,,,,,,
1780920000,6,False,,,,,,,,,,,,
1780920000,7,False,,,,,,,,,,,,
1780920000,8,False,,,,,,,,,,,,
1780920000,9,False,,,,,,,,,,,,
1780920000,10,False,,,,,,,,,,,,
1780923600,1,False,,,,,,,,,,,,
1780923600,2,False,,,,,,,,,,,,
1780923600,3,False,,,,,,,,,,,,
1780923600,4,False,,,,,,,,,,,,
1780923600,5,False,,,,,,,,,,,,
1780923600,6,False,,,,,,,,,,,,
1780923600,7,False,,,,,,,,,,,,
1780923600,8,False,,,,,,,,,,,,
1780923600,9,False,,,,,,,,,,,,
1780923600,10,False,,,,,,,,,,,,
1780927200,1,False,,,,,,,,,,,,
1780927200,2,False,,,,,,,,,,,,
1780927200,3,False,,,,,,,,,,,,
1780927200,4,False,,,,,,,,,,,,
1780927200,5,False,,,,,,,,,,,,
1780927200,6,False,,,,,,,,,,,,
1780927200,7,False,,,,,,,,,,,,
1780927200,8,False,,,,,,,,,,,,
1780927200,9,False,,,,,,,,,,,,
1780927200,10,False,,,,,,,,,,,,
1780930800,1,False,,,,,,,,,,,,
1780930800,2,False,,,,,,,,,,,,
1780930800,3,False,,,,,,,,,,,,
1780930800,4,False,,,,,,,,,,,,
1780930800,5,False,,,,,,,,,,,,
1780930800,6,False,,,,,,,,,,,,
1780930800,7,False,,,,,,,,,,,,
1780930800,8,False,,,,,,,,,,,,
1780930800,9,False,,,,,,,,,,,,
1780930800,10,False,,,,,,,,,,,,
1780934400,1,False,,,,,,,,,,,,
1780934400,2,False,,,,,,,,,,,,
1780934400,3,False,,,,,,,,,,,,
1780934400,4,False,,,,,,,,,,,,
1780934400,5,False,,,,,,,,,,,,
1780934400,6,False,,,,,,,,,,,,
1780934400,7,False,,,,,,,,,,,,
1780934400,8,False,,,,,,,,,,,,
1780934400,9,False,,,,,,,,,,,,
1780934400,10,False,,,,,,,,,,,,
1780938000,1,False,,,,,,,,,,,,
1780938000,2,False,,,,,,,,,,,,
1780938000,3,False,,,,,,,,,,,,
1780938000,4,False,,,,,,,,,,,,
1780938000,5,False,,,,,,,,,,,,
1780938000,6,False,,,,,,,,,,,,
1780938000,7,False,,,,,,,,,,,,
1780938000,8,False,,,,,,,,,,,,
1780938000,9,False,,,,,,,,,,,,
1780938000,10,False,,,,,,,,,,,,
1780941600,1,False,,,,,,,,,,,,
1780941600,2,False,,,,,,,,,,,,
1780941600,3,False,,,,,,,,,,,,
1780941600,4,False,,,,,,,,,,,,
1780941600,5,False,,,,,,,,,,,,
1780941600,6,False,,,,,,,,,,,,
1780941600,7,False,,,,,,,,,,,,
1780941600,8,False,,,,,,,,,,,,
1780941600,9,False,,,,,,,,,,,,
1780941600,10,False,,,,,,,,,,,,
1780945200,1,False,,,,,,,,,,,,
1780945200,2,False,,,,,,,,,,,,
1780945200,3,False,,,,,,,,,,,,
1780945200,4,False,,,,,,,,,,,,
1780945200,5,False,,,,,,,,,,,,
1780945200,6,False,,,,,,,,,,,,
1780945200,7,False,,,,,,,,,,,,
1780945200,8,False,,,,,,,,,,,,
1780945200,9,False,,,,,,,,,,,,
1780945200,10,False,,,,,,,,,,,,
1780948800,1,False,,,,,,,,,,,,
1780948800,2,False,,,,,,,,,,,,
1780948800,3,False,,,,,,,,,,,,
1780948800,4,False,,,,,,,,,,,,
1780948800,5,False,,,,,,,,,,,,
1780948800,6,False,,,,,,,,,,,,
1780948800,7,False,,,,,,,,,,,,
1780948800,8,False,,,,,,,,,,,,
1780948800,9,False,,,,,,,,,,,,
1780948800,10,False,,,,,,,,,,,,
1780952400,1,False,,,,,,,,,,,,
1780952400,2,False,,,,,,,,,,,,
1780952400,3,False,,,,,,,,,,,,
1780952400,4,False,,,,,,,,,,,,
1780952400,5,False,,,,,,,,,,,,
1780952400,6,False,,,,,,,,,,,,
1780952400,7,False,,,,,,,,,,,,
1780952400,8,False,,,,,,,,,,,,
1780952400,9,False,,,,,,,,,,,,
1780952400,10,False,,,,,,,,,,,,
1780956000,1,False,,,,,,,,,,,,
1780956000,2,False,,,,,,,,,,,,
1780956000,3,False,,,,,,,,,,,,
1780956000,4,False,,,,,,,,,,,,
1780956000,5,False,,,,,,,,,,,,
1780956000,6,False,,,,,,,,,,,,
1780956000,7,False,,,,,,,,,,,,
1780956000,8,False,,,,,,,,,,,,
1780956000,9,False,,,,,,,,,,,,
1780956000,10,False,,,,,,,,,,,,
1780959600,1,False,,,,,,,,,,,,
1780959600,2,False,,,,,,,,,,,,
1780959600,3,False,,,,,,,,,,,,
1780959600,4,False,,,,,,,,,,,,
1780959600,5,False,,,,,,,,,,,,
1780959600,6,False,,,,,,,,,,,,
1780959600,7,False,,,,,,,,,,,,
1780959600,8,False,,,,,,,,,,,,
1780959600,9,False,,,,,,,,,,,,
1780959600,10,False,,,,,,,,,,,,
1780963200,1,False,,,,,,,,,,,,
1780963200,2,False,,,,,,,,,,,,
1780963200,3,False,,,,,,,,,,,,
1780963200,4,False,,,,,,,,,,,,
1780963200,5,False,,,,,,,,,,,,
1780963200,6,False,,,,,,,,,,,,
1780963200,7,False,,,,,,,,,,,,
1780963200,8,False,,,,,,,,,,,,
1780963200,9,False,,,,,,,,,,,,
1780963200,10,False,,,,,,,,,,,,
1780966800,1,False,,,,,,,,,,,,
1780966800,2,False,,,,,,,,,,,,
1780966800,3,False,,,,,,,,,,,,
1780966800,4,False,,,,,,,,,,,,
1780966800,5,False,,,,,,,,,,,,
1780966800,6,False,,,,,,,,,,,,
1780966800,7,False,,,,,,,,,,,,
1780966800,8,False,,,,,,,,,,,,
1780966800,9,False,,,,,,,,,,,,
1780966800,10,False,,,,,,,,,,,,
1780970400,1,False,,,,,,,,,,,,
1780970400,2,False,,,,,,,,,,,,
1780970400,3,False,,,,,,,,,,,,
1780970400,4,False,,,,,,,,,,,,
1780970400,5,False,,,,,,,,,,,,
1780970400,6,False,,,,,,,,,,,,
1780970400,7,False,,,,,,,,,,,,
1780970400,8,False,,,,,,,,,,,,
1780970400,9,False,,,,,,,,,,,,
1780970400,10,False,,,,,,,,,,,,
1780974000,1,True,up,0.9732619917403963,0.9100000262260437,2.7899999618530273,0.057528967019727546,empty_book,,0.0,0.0,0.0,True,0.0
1780974000,2,True,up,0.9139470476237165,0.8500000238418579,3.890000104904175,0.055022024950109646,book_moved_no_edge,0.9200000166893005,0.0,0.0,0.0,True,0.0
1780974000,3,False,,,,,,,,,,,,
1780974000,4,True,up,0.7908986182326698,0.6899999976158142,10.0600004196167,0.08592562055343628,book_moved_no_edge,0.8299999833106995,0.0,0.0,0.0,True,0.0
1780974000,5,True,up,0.7654909067089783,0.6600000262260437,31.829999923706055,0.08978288107039807,book_moved_no_edge,0.9100000262260437,0.0,0.0,0.0,True,0.0
1780974000,6,True,up,0.7456903982277298,0.6499999761581421,50.099998474121094,0.07976542156890869,book_moved_no_edge,0.6899999976158142,0.0,0.0,0.0,True,0.0
1780974000,7,False,,,,,,,,,,,,
1780974000,8,True,up,0.77354709550309,0.6700000166893005,5.0,0.08807007921099481,filled,0.6399999856948853,16.729999542236328,10.707199467706687,0.2698214373079487,True,5.752978637221693
1780974000,9,False,,,,,,,,,,,,
1780974000,10,False,,,,,,,,,,,,
1780977600,1,False,,,,,,,,,,,,
1780977600,2,False,,,,,,,,,,,,
1780977600,3,False,,,,,,,,,,,,
1780977600,4,False,,,,,,,,,,,,
1780977600,5,False,,,,,,,,,,,,
1780977600,6,False,,,,,,,,,,,,
1780977600,7,False,,,,,,,,,,,,
1780977600,8,False,,,,,,,,,,,,
1780977600,9,False,,,,,,,,,,,,
1780977600,10,False,,,,,,,,,,,,
1780981200,1,False,,,,,,,,,,,,
1780981200,2,False,,,,,,,,,,,,
1780981200,3,False,,,,,,,,,,,,
1780981200,4,False,,,,,,,,,,,,
1780981200,5,False,,,,,,,,,,,,
1780981200,6,False,,,,,,,,,,,,
1780981200,7,False,,,,,,,,,,,,
1780981200,8,False,,,,,,,,,,,,
1780981200,9,False,,,,,,,,,,,,
1780981200,10,False,,,,,,,,,,,,
1780984800,1,False,,,,,,,,,,,,
1780984800,2,False,,,,,,,,,,,,
1780984800,3,False,,,,,,,,,,,,
1780984800,4,False,,,,,,,,,,,,
1780984800,5,False,,,,,,,,,,,,
1780984800,6,False,,,,,,,,,,,,
1780984800,7,False,,,,,,,,,,,,
1780984800,8,False,,,,,,,,,,,,
1780984800,9,False,,,,,,,,,,,,
1780984800,10,False,,,,,,,,,,,,
1780988400,1,False,,,,,,,,,,,,
1780988400,2,False,,,,,,,,,,,,
1780988400,3,False,,,,,,,,,,,,
1780988400,4,False,,,,,,,,,,,,
1780988400,5,False,,,,,,,,,,,,
1780988400,6,False,,,,,,,,,,,,
1780988400,7,False,,,,,,,,,,,,
1780988400,8,False,,,,,,,,,,,,
1780988400,9,False,,,,,,,,,,,,
1780988400,10,False,,,,,,,,,,,,
1780992000,1,False,,,,,,,,,,,,
1780992000,2,False,,,,,,,,,,,,
1780992000,3,False,,,,,,,,,,,,
1780992000,4,False,,,,,,,,,,,,
1780992000,5,False,,,,,,,,,,,,
1780992000,6,False,,,,,,,,,,,,
1780992000,7,False,,,,,,,,,,,,
1780992000,8,False,,,,,,,,,,,,
1780992000,9,False,,,,,,,,,,,,
1780992000,10,False,,,,,,,,,,,,
1780995600,1,False,,,,,,,,,,,,
1780995600,2,False,,,,,,,,,,,,
1780995600,3,False,,,,,,,,,,,,
1780995600,4,False,,,,,,,,,,,,
1780995600,5,False,,,,,,,,,,,,
1780995600,6,False,,,,,,,,,,,,
1780995600,7,False,,,,,,,,,,,,
1780995600,8,False,,,,,,,,,,,,
1780995600,9,False,,,,,,,,,,,,
1780995600,10,False,,,,,,,,,,,,
1780999200,1,False,,,,,,,,,,,,
1780999200,2,False,,,,,,,,,,,,
1780999200,3,False,,,,,,,,,,,,
1780999200,4,False,,,,,,,,,,,,
1780999200,5,False,,,,,,,,,,,,
1780999200,6,False,,,,,,,,,,,,
1780999200,7,False,,,,,,,,,,,,
1780999200,8,False,,,,,,,,,,,,
1780999200,9,False,,,,,,,,,,,,
1780999200,10,False,,,,,,,,,,,,
1781002800,1,False,,,,,,,,,,,,
1781002800,2,False,,,,,,,,,,,,
1781002800,3,False,,,,,,,,,,,,
1781002800,4,False,,,,,,,,,,,,
1781002800,5,False,,,,,,,,,,,,
1781002800,6,False,,,,,,,,,,,,
1781002800,7,False,,,,,,,,,,,,
1781002800,8,False,,,,,,,,,,,,
1781002800,9,False,,,,,,,,,,,,
1781002800,10,False,,,,,,,,,,,,
1781006400,1,False,,,,,,,,,,,,
1781006400,2,False,,,,,,,,,,,,
1781006400,3,False,,,,,,,,,,,,
1781006400,4,False,,,,,,,,,,,,
1781006400,5,False,,,,,,,,,,,,
1781006400,6,False,,,,,,,,,,,,
1781006400,7,False,,,,,,,,,,,,
1781006400,8,False,,,,,,,,,,,,
1781006400,9,False,,,,,,,,,,,,
1781006400,10,False,,,,,,,,,,,,
1781010000,1,False,,,,,,,,,,,,
1781010000,2,False,,,,,,,,,,,,
1781010000,3,False,,,,,,,,,,,,
1781010000,4,False,,,,,,,,,,,,
1781010000,5,False,,,,,,,,,,,,
1781010000,6,False,,,,,,,,,,,,
1781010000,7,False,,,,,,,,,,,,
1781010000,8,False,,,,,,,,,,,,
1781010000,9,False,,,,,,,,,,,,
1781010000,10,False,,,,,,,,,,,,
1781013600,1,False,,,,,,,,,,,,
1781013600,2,False,,,,,,,,,,,,
1781013600,3,False,,,,,,,,,,,,
1781013600,4,False,,,,,,,,,,,,
1781013600,5,False,,,,,,,,,,,,
1781013600,6,False,,,,,,,,,,,,
1781013600,7,False,,,,,,,,,,,,
1781013600,8,False,,,,,,,,,,,,
1781013600,9,False,,,,,,,,,,,,
1781013600,10,False,,,,,,,,,,,,
1781017200,1,False,,,,,,,,,,,,
1781017200,2,False,,,,,,,,,,,,
1781017200,3,False,,,,,,,,,,,,
1781017200,4,False,,,,,,,,,,,,
1781017200,5,False,,,,,,,,,,,,
1781017200,6,False,,,,,,,,,,,,
1781017200,7,False,,,,,,,,,,,,
1781017200,8,False,,,,,,,,,,,,
1781017200,9,False,,,,,,,,,,,,
1781017200,10,False,,,,,,,,,,,,
1781020800,1,False,,,,,,,,,,,,
1781020800,2,False,,,,,,,,,,,,
1781020800,3,False,,,,,,,,,,,,
1781020800,4,False,,,,,,,,,,,,
1781020800,5,False,,,,,,,,,,,,
1781020800,6,False,,,,,,,,,,,,
1781020800,7,False,,,,,,,,,,,,
1781020800,8,False,,,,,,,,,,,,
1781020800,9,False,,,,,,,,,,,,
1781020800,10,False,,,,,,,,,,,,
1781024400,1,False,,,,,,,,,,,,
1781024400,2,False,,,,,,,,,,,,
1781024400,3,False,,,,,,,,,,,,
1781024400,4,False,,,,,,,,,,,,
1781024400,5,False,,,,,,,,,,,,
1781024400,6,False,,,,,,,,,,,,
1781024400,7,False,,,,,,,,,,,,
1781024400,8,False,,,,,,,,,,,,
1781024400,9,False,,,,,,,,,,,,
1781024400,10,False,,,,,,,,,,,,
1781028000,1,False,,,,,,,,,,,,
1781028000,2,False,,,,,,,,,,,,
1781028000,3,False,,,,,,,,,,,,
1781028000,4,False,,,,,,,,,,,,
1781028000,5,False,,,,,,,,,,,,
1781028000,6,False,,,,,,,,,,,,
1781028000,7,False,,,,,,,,,,,,
1781028000,8,False,,,,,,,,,,,,
1781028000,9,False,,,,,,,,,,,,
1781028000,10,False,,,,,,,,,,,,
1781031600,1,False,,,,,,,,,,,,
1781031600,2,False,,,,,,,,,,,,
1781031600,3,False,,,,,,,,,,,,
1781031600,4,False,,,,,,,,,,,,
1781031600,5,False,,,,,,,,,,,,
1781031600,6,False,,,,,,,,,,,,
1781031600,7,False,,,,,,,,,,,,
1781031600,8,False,,,,,,,,,,,,
1781031600,9,False,,,,,,,,,,,,
1781031600,10,False,,,,,,,,,,,,
1781035200,1,False,,,,,,,,,,,,
1781035200,2,False,,,,,,,,,,,,
1781035200,3,False,,,,,,,,,,,,
1781035200,4,False,,,,,,,,,,,,
1781035200,5,False,,,,,,,,,,,,
1781035200,6,False,,,,,,,,,,,,
1781035200,7,False,,,,,,,,,,,,
1781035200,8,False,,,,,,,,,,,,
1781035200,9,False,,,,,,,,,,,,
1781035200,10,False,,,,,,,,,,,,
1781038800,1,False,,,,,,,,,,,,
1781038800,2,False,,,,,,,,,,,,
1781038800,3,False,,,,,,,,,,,,
1781038800,4,False,,,,,,,,,,,,
1781038800,5,False,,,,,,,,,,,,
1781038800,6,False,,,,,,,,,,,,
1781038800,7,False,,,,,,,,,,,,
1781038800,8,False,,,,,,,,,,,,
1781038800,9,False,,,,,,,,,,,,
1781038800,10,False,,,,,,,,,,,,
1781042400,1,False,,,,,,,,,,,,
1781042400,2,False,,,,,,,,,,,,
1781042400,3,False,,,,,,,,,,,,
1781042400,4,False,,,,,,,,,,,,
1781042400,5,False,,,,,,,,,,,,
1781042400,6,False,,,,,,,,,,,,
1781042400,7,False,,,,,,,,,,,,
1781042400,8,False,,,,,,,,,,,,
1781042400,9,False,,,,,,,,,,,,
1781042400,10,False,,,,,,,,,,,,
1781046000,1,False,,,,,,,,,,,,
1781046000,2,False,,,,,,,,,,,,
1781046000,3,True,up,0.98,0.9100000262260437,11.220000267028809,0.06426697527933124,book_moved_no_edge,0.9599999785423279,0.0,0.0,0.0,True,0.0
1781046000,4,True,up,0.98,0.9100000262260437,40.0,0.06426697527933124,book_moved_no_edge,0.949999988079071,0.0,0.0,0.0,True,0.0
1781046000,5,True,up,0.9745525253504457,0.8899999856948853,9.180000305175781,0.07769953887450116,filled,0.9100000262260437,11.220000267028809,10.210200537252433,0.06432424464056875,True,0.9454754851358067
1781046000,6,True,up,0.9626463146956956,0.8799999952316284,74.5199966430664,0.07525431921038983,filled,0.8899999856948853,9.180000305175781,8.170200140285488,0.0629105492614938,True,0.9468896156287999
1781046000,7,True,up,0.9506689560514718,0.8700000047683716,123.70999908447266,0.0727519515301019,filled,0.8799999952316284,15.710000038146973,13.824799958658218,0.11612832426725388,True,1.7690717552215005
1781046000,8,True,up,0.9387929472305383,0.8399999737739563,117.26000213623047,0.08938497220822236,filled,0.8700000047683716,28.7356320264113,25.0,0.22749999165534973,True,3.508132034755949
1781046000,9,True,up,0.9273555903399127,0.8199999928474426,5.610000133514404,0.09702359717203547,filled,0.8399999737739563,6.309999942779541,5.30039978644848,0.05936448733881914,True,0.9502356689922417
1781046000,10,True,up,0.9164593146904325,0.7900000214576721,11.420000076293945,0.11484629410394191,filled,0.8299999833106995,30.120482533361187,25.0,0.297500029206276,True,4.822982504154911
1781049600,1,False,,,,,,,,,,,,
1781049600,2,False,,,,,,,,,,,,
1781049600,3,False,,,,,,,,,,,,
1781049600,4,False,,,,,,,,,,,,
1781049600,5,False,,,,,,,,,,,,
1781049600,6,False,,,,,,,,,,,,
1781049600,7,False,,,,,,,,,,,,
1781049600,8,False,,,,,,,,,,,,
1781049600,9,False,,,,,,,,,,,,
1781049600,10,False,,,,,,,,,,,,
1781053200,1,False,,,,,,,,,,,,
1781053200,2,False,,,,,,,,,,,,
1781053200,3,False,,,,,,,,,,,,
1781053200,4,False,,,,,,,,,,,,
1781053200,5,False,,,,,,,,,,,,
1781053200,6,False,,,,,,,,,,,,
1781053200,7,False,,,,,,,,,,,,
1781053200,8,False,,,,,,,,,,,,
1781053200,9,False,,,,,,,,,,,,
1781053200,10,False,,,,,,,,,,,,
1781056800,1,False,,,,,,,,,,,,
1781056800,2,False,,,,,,,,,,,,
1781056800,3,False,,,,,,,,,,,,
1781056800,4,False,,,,,,,,,,,,
1781056800,5,False,,,,,,,,,,,,
1781056800,6,False,,,,,,,,,,,,
1781056800,7,False,,,,,,,,,,,,
1781056800,8,False,,,,,,,,,,,,
1781056800,9,False,,,,,,,,,,,,
1781056800,10,False,,,,,,,,,,,,
1781060400,1,False,,,,,,,,,,,,
1781060400,2,False,,,,,,,,,,,,
1781060400,3,False,,,,,,,,,,,,
1781060400,4,False,,,,,,,,,,,,
1781060400,5,False,,,,,,,,,,,,
1781060400,6,False,,,,,,,,,,,,
1781060400,7,False,,,,,,,,,,,,
1781060400,8,False,,,,,,,,,,,,
1781060400,9,False,,,,,,,,,,,,
1781060400,10,False,,,,,,,,,,,,
1781064000,1,False,,,,,,,,,,,,
1781064000,2,False,,,,,,,,,,,,
1781064000,3,False,,,,,,,,,,,,
1781064000,4,False,,,,,,,,,,,,
1781064000,5,False,,,,,,,,,,,,
1781064000,6,False,,,,,,,,,,,,
1781064000,7,False,,,,,,,,,,,,
1781064000,8,False,,,,,,,,,,,,
1781064000,9,False,,,,,,,,,,,,
1781064000,10,False,,,,,,,,,,,,
1781067600,1,False,,,,,,,,,,,,
1781067600,2,False,,,,,,,,,,,,
1781067600,3,False,,,,,,,,,,,,
1781067600,4,False,,,,,,,,,,,,
1781067600,5,False,,,,,,,,,,,,
1781067600,6,False,,,,,,,,,,,,
1781067600,7,False,,,,,,,,,,,,
1781067600,8,False,,,,,,,,,,,,
1781067600,9,False,,,,,,,,,,,,
1781067600,10,False,,,,,,,,,,,,
1781071200,1,False,,,,,,,,,,,,
1781071200,2,False,,,,,,,,,,,,
1781071200,3,False,,,,,,,,,,,,
1781071200,4,False,,,,,,,,,,,,
1781071200,5,False,,,,,,,,,,,,
1781071200,6,False,,,,,,,,,,,,
1781071200,7,False,,,,,,,,,,,,
1781071200,8,False,,,,,,,,,,,,
1781071200,9,False,,,,,,,,,,,,
1781071200,10,False,,,,,,,,,,,,
1781074800,1,False,,,,,,,,,,,,
1781074800,2,False,,,,,,,,,,,,
1781074800,3,False,,,,,,,,,,,,
1781074800,4,False,,,,,,,,,,,,
1781074800,5,False,,,,,,,,,,,,
1781074800,6,False,,,,,,,,,,,,
1781074800,7,False,,,,,,,,,,,,
1781074800,8,False,,,,,,,,,,,,
1781074800,9,False,,,,,,,,,,,,
1781074800,10,False,,,,,,,,,,,,
1781078400,1,False,,,,,,,,,,,,
1781078400,2,False,,,,,,,,,,,,
1781078400,3,False,,,,,,,,,,,,
1781078400,4,False,,,,,,,,,,,,
1781078400,5,False,,,,,,,,,,,,
1781078400,6,False,,,,,,,,,,,,
1781078400,7,False,,,,,,,,,,,,
1781078400,8,False,,,,,,,,,,,,
1781078400,9,False,,,,,,,,,,,,
1781078400,10,False,,,,,,,,,,,,
1781082000,1,False,,,,,,,,,,,,
1781082000,2,False,,,,,,,,,,,,
1781082000,3,False,,,,,,,,,,,,
1781082000,4,False,,,,,,,,,,,,
1781082000,5,False,,,,,,,,,,,,
1781082000,6,False,,,,,,,,,,,,
1781082000,7,False,,,,,,,,,,,,
1781082000,8,False,,,,,,,,,,,,
1781082000,9,False,,,,,,,,,,,,
1781082000,10,False,,,,,,,,,,,,
1781085600,1,False,,,,,,,,,,,,
1781085600,2,False,,,,,,,,,,,,
1781085600,3,False,,,,,,,,,,,,
1781085600,4,False,,,,,,,,,,,,
1781085600,5,False,,,,,,,,,,,,
1781085600,6,False,,,,,,,,,,,,
1781085600,7,False,,,,,,,,,,,,
1781085600,8,False,,,,,,,,,,,,
1781085600,9,False,,,,,,,,,,,,
1781085600,10,False,,,,,,,,,,,,
1781089200,1,False,,,,,,,,,,,,
1781089200,2,False,,,,,,,,,,,,
1781089200,3,False,,,,,,,,,,,,
1781089200,4,False,,,,,,,,,,,,
1781089200,5,False,,,,,,,,,,,,
1781089200,6,False,,,,,,,,,,,,
1781089200,7,False,,,,,,,,,,,,
1781089200,8,False,,,,,,,,,,,,
1781089200,9,False,,,,,,,,,,,,
1781089200,10,False,,,,,,,,,,,,
1781092800,1,False,,,,,,,,,,,,
1781092800,2,False,,,,,,,,,,,,
1781092800,3,False,,,,,,,,,,,,
1781092800,4,False,,,,,,,,,,,,
1781092800,5,False,,,,,,,,,,,,
1781092800,6,False,,,,,,,,,,,,
1781092800,7,False,,,,,,,,,,,,
1781092800,8,False,,,,,,,,,,,,
1781092800,9,False,,,,,,,,,,,,
1781092800,10,False,,,,,,,,,,,,
1781096400,1,False,,,,,,,,,,,,
1781096400,2,False,,,,,,,,,,,,
1781096400,3,False,,,,,,,,,,,,
1781096400,4,False,,,,,,,,,,,,
1781096400,5,False,,,,,,,,,,,,
1781096400,6,False,,,,,,,,,,,,
1781096400,7,False,,,,,,,,,,,,
1781096400,8,False,,,,,,,,,,,,
1781096400,9,False,,,,,,,,,,,,
1781096400,10,False,,,,,,,,,,,,
1781100000,1,False,,,,,,,,,,,,
1781100000,2,False,,,,,,,,,,,,
1781100000,3,False,,,,,,,,,,,,
1781100000,4,False,,,,,,,,,,,,
1781100000,5,False,,,,,,,,,,,,
1781100000,6,False,,,,,,,,,,,,
1781100000,7,False,,,,,,,,,,,,
1781100000,8,False,,,,,,,,,,,,
1781100000,9,True,up,0.9020332743719479,0.800000011920929,1.5199999809265137,0.09083326295169798,book_moved_no_edge,0.9300000071525574,0.0,0.0,0.0,True,0.0
1781100000,10,True,up,0.8399545662494772,0.7099999785423279,16.15999984741211,0.11554158707629376,book_moved_no_edge,0.8700000047683716,0.0,0.0,0.0,True,0.0
1781103600,1,False,,,,,,,,,,,,
1781103600,2,False,,,,,,,,,,,,
1781103600,3,False,,,,,,,,,,,,
1781103600,4,False,,,,,,,,,,,,
1781103600,5,False,,,,,,,,,,,,
1781103600,6,False,,,,,,,,,,,,
1781103600,7,False,,,,,,,,,,,,
1781103600,8,False,,,,,,,,,,,,
1781103600,9,False,,,,,,,,,,,,
1781103600,10,False,,,,,,,,,,,,
1781107200,1,False,,,,,,,,,,,,
1781107200,2,False,,,,,,,,,,,,
1781107200,3,False,,,,,,,,,,,,
1781107200,4,False,,,,,,,,,,,,
1781107200,5,False,,,,,,,,,,,,
1781107200,6,False,,,,,,,,,,,,
1781107200,7,False,,,,,,,,,,,,
1781107200,8,False,,,,,,,,,,,,
1781107200,9,False,,,,,,,,,,,,
1781107200,10,False,,,,,,,,,,,,
1781110800,1,False,,,,,,,,,,,,
1781110800,2,False,,,,,,,,,,,,
1781110800,3,False,,,,,,,,,,,,
1781110800,4,False,,,,,,,,,,,,
1781110800,5,False,,,,,,,,,,,,
1781110800,6,False,,,,,,,,,,,,
1781110800,7,False,,,,,,,,,,,,
1781110800,8,False,,,,,,,,,,,,
1781110800,9,False,,,,,,,,,,,,
1781110800,10,False,,,,,,,,,,,,
1781114400,1,False,,,,,,,,,,,,
1781114400,2,False,,,,,,,,,,,,
1781114400,3,False,,,,,,,,,,,,
1781114400,4,False,,,,,,,,,,,,
1781114400,5,False,,,,,,,,,,,,
1781114400,6,False,,,,,,,,,,,,
1781114400,7,False,,,,,,,,,,,,
1781114400,8,False,,,,,,,,,,,,
1781114400,9,False,,,,,,,,,,,,
1781114400,10,False,,,,,,,,,,,,
1781118000,1,False,,,,,,,,,,,,
1781118000,2,False,,,,,,,,,,,,
1781118000,3,False,,,,,,,,,,,,
1781118000,4,False,,,,,,,,,,,,
1781118000,5,False,,,,,,,,,,,,
1781118000,6,False,,,,,,,,,,,,
1781118000,7,False,,,,,,,,,,,,
1781118000,8,False,,,,,,,,,,,,
1781118000,9,False,,,,,,,,,,,,
1781118000,10,False,,,,,,,,,,,,
1781121600,1,False,,,,,,,,,,,,
1781121600,2,False,,,,,,,,,,,,
1781121600,3,False,,,,,,,,,,,,
1781121600,4,False,,,,,,,,,,,,
1781121600,5,False,,,,,,,,,,,,
1781121600,6,False,,,,,,,,,,,,
1781121600,7,False,,,,,,,,,,,,
1781121600,8,False,,,,,,,,,,,,
1781121600,9,False,,,,,,,,,,,,
1781121600,10,False,,,,,,,,,,,,
1781125200,1,False,,,,,,,,,,,,
1781125200,2,False,,,,,,,,,,,,
1781125200,3,False,,,,,,,,,,,,
1781125200,4,False,,,,,,,,,,,,
1781125200,5,False,,,,,,,,,,,,
1781125200,6,False,,,,,,,,,,,,
1781125200,7,False,,,,,,,,,,,,
1781125200,8,False,,,,,,,,,,,,
1781125200,9,False,,,,,,,,,,,,
1781125200,10,False,,,,,,,,,,,,
1781128800,1,False,,,,,,,,,,,,
1781128800,2,False,,,,,,,,,,,,
1781128800,3,False,,,,,,,,,,,,
1781128800,4,False,,,,,,,,,,,,
1781128800,5,False,,,,,,,,,,,,
1781128800,6,False,,,,,,,,,,,,
1781128800,7,False,,,,,,,,,,,,
1781128800,8,False,,,,,,,,,,,,
1781128800,9,False,,,,,,,,,,,,
1781128800,10,True,up,0.98,0.8700000047683716,30.0,0.10208299547863005,book_moved_no_edge,0.9800000190734863,0.0,0.0,0.0,True,0.0
1781132400,1,False,,,,,,,,,,,,
1781132400,2,False,,,,,,,,,,,,
1781132400,3,False,,,,,,,,,,,,
1781132400,4,False,,,,,,,,,,,,
1781132400,5,False,,,,,,,,,,,,
1781132400,6,False,,,,,,,,,,,,
1781132400,7,False,,,,,,,,,,,,
1781132400,8,False,,,,,,,,,,,,
1781132400,9,False,,,,,,,,,,,,
1781132400,10,False,,,,,,,,,,,,
1781136000,1,False,,,,,,,,,,,,
1781136000,2,False,,,,,,,,,,,,
1781136000,3,False,,,,,,,,,,,,
1781136000,4,False,,,,,,,,,,,,
1781136000,5,False,,,,,,,,,,,,
1781136000,6,False,,,,,,,,,,,,
1781136000,7,False,,,,,,,,,,,,
1781136000,8,False,,,,,,,,,,,,
1781136000,9,False,,,,,,,,,,,,
1781136000,10,False,,,,,,,,,,,,
1781139600,1,False,,,,,,,,,,,,
1781139600,2,False,,,,,,,,,,,,
1781139600,3,False,,,,,,,,,,,,
1781139600,4,False,,,,,,,,,,,,
1781139600,5,False,,,,,,,,,,,,
1781139600,6,False,,,,,,,,,,,,
1781139600,7,False,,,,,,,,,,,,
1781139600,8,False,,,,,,,,,,,,
1781139600,9,False,,,,,,,,,,,,
1781139600,10,False,,,,,,,,,,,,
1781143200,1,False,,,,,,,,,,,,
1781143200,2,False,,,,,,,,,,,,
1781143200,3,False,,,,,,,,,,,,
1781143200,4,False,,,,,,,,,,,,
1781143200,5,False,,,,,,,,,,,,
1781143200,6,False,,,,,,,,,,,,
1781143200,7,False,,,,,,,,,,,,
1781143200,8,False,,,,,,,,,,,,
1781143200,9,False,,,,,,,,,,,,
1781143200,10,False,,,,,,,,,,,,
1781146800,1,False,,,,,,,,,,,,
1781146800,2,False,,,,,,,,,,,,
1781146800,3,False,,,,,,,,,,,,
1781146800,4,False,,,,,,,,,,,,
1781146800,5,False,,,,,,,,,,,,
1781146800,6,False,,,,,,,,,,,,
1781146800,7,False,,,,,,,,,,,,
1781146800,8,False,,,,,,,,,,,,
1781146800,9,False,,,,,,,,,,,,
1781146800,10,False,,,,,,,,,,,,
1781150400,1,False,,,,,,,,,,,,
1781150400,2,False,,,,,,,,,,,,
1781150400,3,False,,,,,,,,,,,,
1781150400,4,False,,,,,,,,,,,,
1781150400,5,False,,,,,,,,,,,,
1781150400,6,False,,,,,,,,,,,,
1781150400,7,False,,,,,,,,,,,,
1781150400,8,False,,,,,,,,,,,,
1781150400,9,False,,,,,,,,,,,,
1781150400,10,False,,,,,,,,,,,,
1781154000,1,False,,,,,,,,,,,,
1781154000,2,False,,,,,,,,,,,,
1781154000,3,False,,,,,,,,,,,,
1781154000,4,False,,,,,,,,,,,,
1781154000,5,False,,,,,,,,,,,,
1781154000,6,False,,,,,,,,,,,,
1781154000,7,False,,,,,,,,,,,,
1781154000,8,False,,,,,,,,,,,,
1781154000,9,False,,,,,,,,,,,,
1781154000,10,False,,,,,,,,,,,,
1781157600,1,False,,,,,,,,,,,,
1781157600,2,False,,,,,,,,,,,,
1781157600,3,False,,,,,,,,,,,,
1781157600,4,False,,,,,,,,,,,,
1781157600,5,False,,,,,,,,,,,,
1781157600,6,False,,,,,,,,,,,,
1781157600,7,False,,,,,,,,,,,,
1781157600,8,False,,,,,,,,,,,,
1781157600,9,False,,,,,,,,,,,,
1781157600,10,False,,,,,,,,,,,,
1781161200,1,False,,,,,,,,,,,,
1781161200,2,False,,,,,,,,,,,,
1781161200,3,False,,,,,,,,,,,,
1781161200,4,False,,,,,,,,,,,,
1781161200,5,False,,,,,,,,,,,,
1781161200,6,False,,,,,,,,,,,,
1781161200,7,False,,,,,,,,,,,,
1781161200,8,False,,,,,,,,,,,,
1781161200,9,False,,,,,,,,,,,,
1781161200,10,False,,,,,,,,,,,,
1781164800,1,False,,,,,,,,,,,,
1781164800,2,False,,,,,,,,,,,,
1781164800,3,False,,,,,,,,,,,,
1781164800,4,False,,,,,,,,,,,,
1781164800,5,False,,,,,,,,,,,,
1781164800,6,False,,,,,,,,,,,,
1781164800,7,False,,,,,,,,,,,,
1781164800,8,False,,,,,,,,,,,,
1781164800,9,False,,,,,,,,,,,,
1781164800,10,False,,,,,,,,,,,,
1781168400,1,False,,,,,,,,,,,,
1781168400,2,False,,,,,,,,,,,,
1781168400,3,False,,,,,,,,,,,,
1781168400,4,False,,,,,,,,,,,,
1781168400,5,False,,,,,,,,,,,,
1781168400,6,False,,,,,,,,,,,,
1781168400,7,False,,,,,,,,,,,,
1781168400,8,False,,,,,,,,,,,,
1781168400,9,False,,,,,,,,,,,,
1781168400,10,False,,,,,,,,,,,,
1781172000,1,False,,,,,,,,,,,,
1781172000,2,False,,,,,,,,,,,,
1781172000,3,False,,,,,,,,,,,,
1781172000,4,False,,,,,,,,,,,,
1781172000,5,False,,,,,,,,,,,,
1781172000,6,False,,,,,,,,,,,,
1781172000,7,False,,,,,,,,,,,,
1781172000,8,False,,,,,,,,,,,,
1781172000,9,False,,,,,,,,,,,,
1781172000,10,False,,,,,,,,,,,,
1781175600,1,False,,,,,,,,,,,,
1781175600,2,False,,,,,,,,,,,,
1781175600,3,False,,,,,,,,,,,,
1781175600,4,False,,,,,,,,,,,,
1781175600,5,False,,,,,,,,,,,,
1781175600,6,False,,,,,,,,,,,,
1781175600,7,False,,,,,,,,,,,,
1781175600,8,False,,,,,,,,,,,,
1781175600,9,False,,,,,,,,,,,,
1781175600,10,False,,,,,,,,,,,,
1781179200,1,False,,,,,,,,,,,,
1781179200,2,False,,,,,,,,,,,,
1781179200,3,False,,,,,,,,,,,,
1781179200,4,False,,,,,,,,,,,,
1781179200,5,False,,,,,,,,,,,,
1781179200,6,False,,,,,,,,,,,,
1781179200,7,False,,,,,,,,,,,,
1781179200,8,False,,,,,,,,,,,,
1781179200,9,False,,,,,,,,,,,,
1781179200,10,False,,,,,,,,,,,,
1781182800,1,False,,,,,,,,,,,,
1781182800,2,False,,,,,,,,,,,,
1781182800,3,False,,,,,,,,,,,,
1781182800,4,False,,,,,,,,,,,,
1781182800,5,False,,,,,,,,,,,,
1781182800,6,False,,,,,,,,,,,,
1781182800,7,False,,,,,,,,,,,,
1781182800,8,False,,,,,,,,,,,,
1781182800,9,False,,,,,,,,,,,,
1781182800,10,False,,,,,,,,,,,,
1781186400,1,False,,,,,,,,,,,,
1781186400,2,False,,,,,,,,,,,,
1781186400,3,False,,,,,,,,,,,,
1781186400,4,False,,,,,,,,,,,,
1781186400,5,False,,,,,,,,,,,,
1781186400,6,False,,,,,,,,,,,,
1781186400,7,False,,,,,,,,,,,,
1781186400,8,False,,,,,,,,,,,,
1781186400,9,False,,,,,,,,,,,,
1781186400,10,False,,,,,,,,,,,,
1781190000,1,False,,,,,,,,,,,,
1781190000,2,False,,,,,,,,,,,,
1781190000,3,False,,,,,,,,,,,,
1781190000,4,False,,,,,,,,,,,,
1781190000,5,False,,,,,,,,,,,,
1781190000,6,False,,,,,,,,,,,,
1781190000,7,False,,,,,,,,,,,,
1781190000,8,False,,,,,,,,,,,,
1781190000,9,False,,,,,,,,,,,,
1781190000,10,False,,,,,,,,,,,,
1781193600,1,False,,,,,,,,,,,,
1781193600,2,False,,,,,,,,,,,,
1781193600,3,False,,,,,,,,,,,,
1781193600,4,False,,,,,,,,,,,,
1781193600,5,False,,,,,,,,,,,,
1781193600,6,False,,,,,,,,,,,,
1781193600,7,False,,,,,,,,,,,,
1781193600,8,False,,,,,,,,,,,,
1781193600,9,False,,,,,,,,,,,,
1781193600,10,False,,,,,,,,,,,,
1781197200,1,False,,,,,,,,,,,,
1781197200,2,False,,,,,,,,,,,,
1781197200,3,False,,,,,,,,,,,,
1781197200,4,False,,,,,,,,,,,,
1781197200,5,False,,,,,,,,,,,,
1781197200,6,False,,,,,,,,,,,,
1781197200,7,False,,,,,,,,,,,,
1781197200,8,False,,,,,,,,,,,,
1781197200,9,False,,,,,,,,,,,,
1781197200,10,False,,,,,,,,,,,,
1781200800,1,False,,,,,,,,,,,,
1781200800,2,False,,,,,,,,,,,,
1781200800,3,False,,,,,,,,,,,,
1781200800,4,False,,,,,,,,,,,,
1781200800,5,False,,,,,,,,,,,,
1781200800,6,False,,,,,,,,,,,,
1781200800,7,False,,,,,,,,,,,,
1781200800,8,False,,,,,,,,,,,,
1781200800,9,False,,,,,,,,,,,,
1781200800,10,False,,,,,,,,,,,,
1781204400,1,False,,,,,,,,,,,,
1781204400,2,False,,,,,,,,,,,,
1781204400,3,False,,,,,,,,,,,,
1781204400,4,False,,,,,,,,,,,,
1781204400,5,False,,,,,,,,,,,,
1781204400,6,False,,,,,,,,,,,,
1781204400,7,False,,,,,,,,,,,,
1781204400,8,False,,,,,,,,,,,,
1781204400,9,False,,,,,,,,,,,,
1781204400,10,False,,,,,,,,,,,,
1781208000,1,False,,,,,,,,,,,,
1781208000,2,False,,,,,,,,,,,,
1781208000,3,False,,,,,,,,,,,,
1781208000,4,False,,,,,,,,,,,,
1781208000,5,False,,,,,,,,,,,,
1781208000,6,False,,,,,,,,,,,,
1781208000,7,False,,,,,,,,,,,,
1781208000,8,False,,,,,,,,,,,,
1781208000,9,False,,,,,,,,,,,,
1781208000,10,False,,,,,,,,,,,,
1781211600,1,False,,,,,,,,,,,,
1781211600,2,False,,,,,,,,,,,,
1781211600,3,False,,,,,,,,,,,,
1781211600,4,False,,,,,,,,,,,,
1781211600,5,False,,,,,,,,,,,,
1781211600,6,False,,,,,,,,,,,,
1781211600,7,False,,,,,,,,,,,,
1781211600,8,False,,,,,,,,,,,,
1781211600,9,False,,,,,,,,,,,,
1781211600,10,False,,,,,,,,,,,,
1781215200,1,False,,,,,,,,,,,,
1781215200,2,False,,,,,,,,,,,,
1781215200,3,False,,,,,,,,,,,,
1781215200,4,False,,,,,,,,,,,,
1781215200,5,False,,,,,,,,,,,,
1781215200,6,False,,,,,,,,,,,,
1781215200,7,False,,,,,,,,,,,,
1781215200,8,False,,,,,,,,,,,,
1781215200,9,False,,,,,,,,,,,,
1781215200,10,False,,,,,,,,,,,,
1781218800,1,False,,,,,,,,,,,,
1781218800,2,False,,,,,,,,,,,,
1781218800,3,False,,,,,,,,,,,,
1781218800,4,False,,,,,,,,,,,,
1781218800,5,False,,,,,,,,,,,,
1781218800,6,False,,,,,,,,,,,,
1781218800,7,False,,,,,,,,,,,,
1781218800,8,False,,,,,,,,,,,,
1781218800,9,False,,,,,,,,,,,,
1781218800,10,False,,,,,,,,,,,,
1781222400,1,False,,,,,,,,,,,,
1781222400,2,False,,,,,,,,,,,,
1781222400,3,False,,,,,,,,,,,,
1781222400,4,False,,,,,,,,,,,,
1781222400,5,False,,,,,,,,,,,,
1781222400,6,False,,,,,,,,,,,,
1781222400,7,False,,,,,,,,,,,,
1781222400,8,False,,,,,,,,,,,,
1781222400,9,False,,,,,,,,,,,,
1781222400,10,False,,,,,,,,,,,,
1781226000,1,False,,,,,,,,,,,,
1781226000,2,False,,,,,,,,,,,,
1781226000,3,False,,,,,,,,,,,,
1781226000,4,False,,,,,,,,,,,,
1781226000,5,False,,,,,,,,,,,,
1781226000,6,False,,,,,,,,,,,,
1781226000,7,False,,,,,,,,,,,,
1781226000,8,False,,,,,,,,,,,,
1781226000,9,False,,,,,,,,,,,,
1781226000,10,False,,,,,,,,,,,,
1781229600,1,False,,,,,,,,,,,,
1781229600,2,False,,,,,,,,,,,,
1781229600,3,False,,,,,,,,,,,,
1781229600,4,False,,,,,,,,,,,,
1781229600,5,False,,,,,,,,,,,,
1781229600,6,False,,,,,,,,,,,,
1781229600,7,False,,,,,,,,,,,,
1781229600,8,False,,,,,,,,,,,,
1781229600,9,False,,,,,,,,,,,,
1781229600,10,False,,,,,,,,,,,,
1781233200,1,False,,,,,,,,,,,,
1781233200,2,False,,,,,,,,,,,,
1781233200,3,False,,,,,,,,,,,,
1781233200,4,False,,,,,,,,,,,,
1781233200,5,False,,,,,,,,,,,,
1781233200,6,False,,,,,,,,,,,,
1781233200,7,False,,,,,,,,,,,,
1781233200,8,False,,,,,,,,,,,,
1781233200,9,False,,,,,,,,,,,,
1781233200,10,False,,,,,,,,,,,,
1781236800,1,False,,,,,,,,,,,,
1781236800,2,False,,,,,,,,,,,,
1781236800,3,False,,,,,,,,,,,,
1781236800,4,False,,,,,,,,,,,,
1781236800,5,False,,,,,,,,,,,,
1781236800,6,False,,,,,,,,,,,,
1781236800,7,False,,,,,,,,,,,,
1781236800,8,False,,,,,,,,,,,,
1781236800,9,False,,,,,,,,,,,,
1781236800,10,False,,,,,,,,,,,,
1781240400,1,False,,,,,,,,,,,,
1781240400,2,False,,,,,,,,,,,,
1781240400,3,False,,,,,,,,,,,,
1781240400,4,False,,,,,,,,,,,,
1781240400,5,False,,,,,,,,,,,,
1781240400,6,False,,,,,,,,,,,,
1781240400,7,False,,,,,,,,,,,,
1781240400,8,False,,,,,,,,,,,,
1781240400,9,False,,,,,,,,,,,,
1781240400,10,False,,,,,,,,,,,,
1781244000,1,False,,,,,,,,,,,,
1781244000,2,False,,,,,,,,,,,,
1781244000,3,False,,,,,,,,,,,,
1781244000,4,False,,,,,,,,,,,,
1781244000,5,False,,,,,,,,,,,,
1781244000,6,False,,,,,,,,,,,,
1781244000,7,False,,,,,,,,,,,,
1781244000,8,False,,,,,,,,,,,,
1781244000,9,False,,,,,,,,,,,,
1781244000,10,False,,,,,,,,,,,,
1781247600,1,False,,,,,,,,,,,,
1781247600,2,False,,,,,,,,,,,,
1781247600,3,False,,,,,,,,,,,,
1781247600,4,False,,,,,,,,,,,,
1781247600,5,False,,,,,,,,,,,,
1781247600,6,False,,,,,,,,,,,,
1781247600,7,False,,,,,,,,,,,,
1781247600,8,False,,,,,,,,,,,,
1781247600,9,False,,,,,,,,,,,,
1781247600,10,False,,,,,,,,,,,,
1781251200,1,False,,,,,,,,,,,,
1781251200,2,False,,,,,,,,,,,,
1781251200,3,False,,,,,,,,,,,,
1781251200,4,False,,,,,,,,,,,,
1781251200,5,False,,,,,,,,,,,,
1781251200,6,False,,,,,,,,,,,,
1781251200,7,False,,,,,,,,,,,,
1781251200,8,False,,,,,,,,,,,,
1781251200,9,False,,,,,,,,,,,,
1781251200,10,False,,,,,,,,,,,,
1781254800,1,False,,,,,,,,,,,,
1781254800,2,False,,,,,,,,,,,,
1781254800,3,False,,,,,,,,,,,,
1781254800,4,False,,,,,,,,,,,,
1781254800,5,False,,,,,,,,,,,,
1781254800,6,False,,,,,,,,,,,,
1781254800,7,False,,,,,,,,,,,,
1781254800,8,False,,,,,,,,,,,,
1781254800,9,False,,,,,,,,,,,,
1781254800,10,False,,,,,,,,,,,,
1781258400,1,False,,,,,,,,,,,,
1781258400,2,False,,,,,,,,,,,,
1781258400,3,False,,,,,,,,,,,,
1781258400,4,False,,,,,,,,,,,,
1781258400,5,False,,,,,,,,,,,,
1781258400,6,False,,,,,,,,,,,,
1781258400,7,False,,,,,,,,,,,,
1781258400,8,False,,,,,,,,,,,,
1781258400,9,False,,,,,,,,,,,,
1781258400,10,False,,,,,,,,,,,,
1781262000,1,False,,,,,,,,,,,,
1781262000,2,False,,,,,,,,,,,,
1781262000,3,False,,,,,,,,,,,,
1781262000,4,False,,,,,,,,,,,,
1781262000,5,False,,,,,,,,,,,,
1781262000,6,False,,,,,,,,,,,,
1781262000,7,False,,,,,,,,,,,,
1781262000,8,False,,,,,,,,,,,,
1781262000,9,False,,,,,,,,,,,,
1781262000,10,False,,,,,,,,,,,,
1781265600,1,False,,,,,,,,,,,,
1781265600,2,False,,,,,,,,,,,,
1781265600,3,False,,,,,,,,,,,,
1781265600,4,False,,,,,,,,,,,,
1781265600,5,False,,,,,,,,,,,,
1781265600,6,False,,,,,,,,,,,,
1781265600,7,False,,,,,,,,,,,,
1781265600,8,False,,,,,,,,,,,,
1781265600,9,False,,,,,,,,,,,,
1781265600,10,False,,,,,,,,,,,,
1781269200,1,False,,,,,,,,,,,,
1781269200,2,False,,,,,,,,,,,,
1781269200,3,False,,,,,,,,,,,,
1781269200,4,False,,,,,,,,,,,,
1781269200,5,False,,,,,,,,,,,,
1781269200,6,False,,,,,,,,,,,,
1781269200,7,False,,,,,,,,,,,,
1781269200,8,False,,,,,,,,,,,,
1781269200,9,False,,,,,,,,,,,,
1781269200,10,False,,,,,,,,,,,,
1781272800,1,False,,,,,,,,,,,,
1781272800,2,False,,,,,,,,,,,,
1781272800,3,False,,,,,,,,,,,,
1781272800,4,False,,,,,,,,,,,,
1781272800,5,False,,,,,,,,,,,,
1781272800,6,False,,,,,,,,,,,,
1781272800,7,False,,,,,,,,,,,,
1781272800,8,False,,,,,,,,,,,,
1781272800,9,False,,,,,,,,,,,,
1781272800,10,False,,,,,,,,,,,,
1781276400,1,False,,,,,,,,,,,,
1781276400,2,False,,,,,,,,,,,,
1781276400,3,False,,,,,,,,,,,,
1781276400,4,False,,,,,,,,,,,,
1781276400,5,False,,,,,,,,,,,,
1781276400,6,False,,,,,,,,,,,,
1781276400,7,False,,,,,,,,,,,,
1781276400,8,False,,,,,,,,,,,,
1781276400,9,False,,,,,,,,,,,,
1781276400,10,False,,,,,,,,,,,,
1781280000,1,False,,,,,,,,,,,,
1781280000,2,False,,,,,,,,,,,,
1781280000,3,False,,,,,,,,,,,,
1781280000,4,False,,,,,,,,,,,,
1781280000,5,False,,,,,,,,,,,,
1781280000,6,False,,,,,,,,,,,,
1781280000,7,False,,,,,,,,,,,,
1781280000,8,False,,,,,,,,,,,,
1781280000,9,False,,,,,,,,,,,,
1781280000,10,False,,,,,,,,,,,,
1781283600,1,False,,,,,,,,,,,,
1781283600,2,False,,,,,,,,,,,,
1781283600,3,False,,,,,,,,,,,,
1781283600,4,False,,,,,,,,,,,,
1781283600,5,False,,,,,,,,,,,,
1781283600,6,False,,,,,,,,,,,,
1781283600,7,False,,,,,,,,,,,,
1781283600,8,False,,,,,,,,,,,,
1781283600,9,False,,,,,,,,,,,,
1781283600,10,False,,,,,,,,,,,,
1781287200,1,False,,,,,,,,,,,,
1781287200,2,False,,,,,,,,,,,,
1781287200,3,False,,,,,,,,,,,,
1781287200,4,False,,,,,,,,,,,,
1781287200,5,False,,,,,,,,,,,,
1781287200,6,False,,,,,,,,,,,,
1781287200,7,False,,,,,,,,,,,,
1781287200,8,False,,,,,,,,,,,,
1781287200,9,False,,,,,,,,,,,,
1781287200,10,False,,,,,,,,,,,,
1781290800,1,False,,,,,,,,,,,,
1781290800,2,False,,,,,,,,,,,,
1781290800,3,False,,,,,,,,,,,,
1781290800,4,False,,,,,,,,,,,,
1781290800,5,False,,,,,,,,,,,,
1781290800,6,False,,,,,,,,,,,,
1781290800,7,False,,,,,,,,,,,,
1781290800,8,False,,,,,,,,,,,,
1781290800,9,False,,,,,,,,,,,,
1781290800,10,False,,,,,,,,,,,,
1781294400,1,False,,,,,,,,,,,,
1781294400,2,False,,,,,,,,,,,,
1781294400,3,False,,,,,,,,,,,,
1781294400,4,False,,,,,,,,,,,,
1781294400,5,False,,,,,,,,,,,,
1781294400,6,False,,,,,,,,,,,,
1781294400,7,False,,,,,,,,,,,,
1781294400,8,False,,,,,,,,,,,,
1781294400,9,False,,,,,,,,,,,,
1781294400,10,False,,,,,,,,,,,,
1781298000,1,False,,,,,,,,,,,,
1781298000,2,False,,,,,,,,,,,,
1781298000,3,False,,,,,,,,,,,,
1781298000,4,False,,,,,,,,,,,,
1781298000,5,False,,,,,,,,,,,,
1781298000,6,False,,,,,,,,,,,,
1781298000,7,False,,,,,,,,,,,,
1781298000,8,False,,,,,,,,,,,,
1781298000,9,False,,,,,,,,,,,,
1781298000,10,False,,,,,,,,,,,,
1781301600,1,False,,,,,,,,,,,,
1781301600,2,False,,,,,,,,,,,,
1781301600,3,False,,,,,,,,,,,,
1781301600,4,False,,,,,,,,,,,,
1781301600,5,False,,,,,,,,,,,,
1781301600,6,False,,,,,,,,,,,,
1781301600,7,False,,,,,,,,,,,,
1781301600,8,False,,,,,,,,,,,,
1781301600,9,False,,,,,,,,,,,,
1781301600,10,False,,,,,,,,,,,,
1781305200,1,False,,,,,,,,,,,,
1781305200,2,False,,,,,,,,,,,,
1781305200,3,False,,,,,,,,,,,,
1781305200,4,False,,,,,,,,,,,,
1781305200,5,False,,,,,,,,,,,,
1781305200,6,False,,,,,,,,,,,,
1781305200,7,False,,,,,,,,,,,,
1781305200,8,False,,,,,,,,,,,,
1781305200,9,False,,,,,,,,,,,,
1781305200,10,False,,,,,,,,,,,,
1781308800,1,False,,,,,,,,,,,,
1781308800,2,False,,,,,,,,,,,,
1781308800,3,False,,,,,,,,,,,,
1781308800,4,False,,,,,,,,,,,,
1781308800,5,False,,,,,,,,,,,,
1781308800,6,False,,,,,,,,,,,,
1781308800,7,False,,,,,,,,,,,,
1781308800,8,False,,,,,,,,,,,,
1781308800,9,False,,,,,,,,,,,,
1781308800,10,False,,,,,,,,,,,,
1781312400,1,False,,,,,,,,,,,,
1781312400,2,False,,,,,,,,,,,,
1781312400,3,False,,,,,,,,,,,,
1781312400,4,False,,,,,,,,,,,,
1781312400,5,False,,,,,,,,,,,,
1781312400,6,False,,,,,,,,,,,,
1781312400,7,False,,,,,,,,,,,,
1781312400,8,False,,,,,,,,,,,,
1781312400,9,False,,,,,,,,,,,,
1781312400,10,False,,,,,,,,,,,,
1781316000,1,False,,,,,,,,,,,,
1781316000,2,False,,,,,,,,,,,,
1781316000,3,False,,,,,,,,,,,,
1781316000,4,False,,,,,,,,,,,,
1781316000,5,False,,,,,,,,,,,,
1781316000,6,False,,,,,,,,,,,,
1781316000,7,False,,,,,,,,,,,,
1781316000,8,False,,,,,,,,,,,,
1781316000,9,False,,,,,,,,,,,,
1781316000,10,False,,,,,,,,,,,,
1781319600,1,False,,,,,,,,,,,,
1781319600,2,False,,,,,,,,,,,,
1781319600,3,False,,,,,,,,,,,,
1781319600,4,False,,,,,,,,,,,,
1781319600,5,False,,,,,,,,,,,,
1781319600,6,False,,,,,,,,,,,,
1781319600,7,False,,,,,,,,,,,,
1781319600,8,False,,,,,,,,,,,,
1781319600,9,False,,,,,,,,,,,,
1781319600,10,False,,,,,,,,,,,,
1781323200,1,False,,,,,,,,,,,,
1781323200,2,False,,,,,,,,,,,,
1781323200,3,False,,,,,,,,,,,,
1781323200,4,False,,,,,,,,,,,,
1781323200,5,False,,,,,,,,,,,,
1781323200,6,False,,,,,,,,,,,,
1781323200,7,False,,,,,,,,,,,,
1781323200,8,False,,,,,,,,,,,,
1781323200,9,False,,,,,,,,,,,,
1781323200,10,False,,,,,,,,,,,,
1781326800,1,False,,,,,,,,,,,,
1781326800,2,False,,,,,,,,,,,,
1781326800,3,False,,,,,,,,,,,,
1781326800,4,False,,,,,,,,,,,,
1781326800,5,False,,,,,,,,,,,,
1781326800,6,False,,,,,,,,,,,,
1781326800,7,False,,,,,,,,,,,,
1781326800,8,False,,,,,,,,,,,,
1781326800,9,False,,,,,,,,,,,,
1781326800,10,False,,,,,,,,,,,,
1781330400,1,False,,,,,,,,,,,,
1781330400,2,False,,,,,,,,,,,,
1781330400,3,False,,,,,,,,,,,,
1781330400,4,False,,,,,,,,,,,,
1781330400,5,False,,,,,,,,,,,,
1781330400,6,False,,,,,,,,,,,,
1781330400,7,False,,,,,,,,,,,,
1781330400,8,False,,,,,,,,,,,,
1781330400,9,False,,,,,,,,,,,,
1781330400,10,False,,,,,,,,,,,,
1781334000,1,False,,,,,,,,,,,,
1781334000,2,False,,,,,,,,,,,,
1781334000,3,False,,,,,,,,,,,,
1781334000,4,False,,,,,,,,,,,,
1781334000,5,False,,,,,,,,,,,,
1781334000,6,False,,,,,,,,,,,,
1781334000,7,False,,,,,,,,,,,,
1781334000,8,False,,,,,,,,,,,,
1781334000,9,False,,,,,,,,,,,,
1781334000,10,False,,,,,,,,,,,,
1781337600,1,False,,,,,,,,,,,,
1781337600,2,False,,,,,,,,,,,,
1781337600,3,False,,,,,,,,,,,,
1781337600,4,False,,,,,,,,,,,,
1781337600,5,False,,,,,,,,,,,,
1781337600,6,False,,,,,,,,,,,,
1781337600,7,False,,,,,,,,,,,,
1781337600,8,False,,,,,,,,,,,,
1781337600,9,False,,,,,,,,,,,,
1781337600,10,False,,,,,,,,,,,,
1781341200,1,False,,,,,,,,,,,,
1781341200,2,False,,,,,,,,,,,,
1781341200,3,False,,,,,,,,,,,,
1781341200,4,False,,,,,,,,,,,,
1781341200,5,False,,,,,,,,,,,,
1781341200,6,False,,,,,,,,,,,,
1781341200,7,False,,,,,,,,,,,,
1781341200,8,False,,,,,,,,,,,,
1781341200,9,False,,,,,,,,,,,,
1781341200,10,False,,,,,,,,,,,,
1781344800,1,False,,,,,,,,,,,,
1781344800,2,False,,,,,,,,,,,,
1781344800,3,False,,,,,,,,,,,,
1781344800,4,False,,,,,,,,,,,,
1781344800,5,False,,,,,,,,,,,,
1781344800,6,False,,,,,,,,,,,,
1781344800,7,False,,,,,,,,,,,,
1781344800,8,False,,,,,,,,,,,,
1781344800,9,False,,,,,,,,,,,,
1781344800,10,False,,,,,,,,,,,,
1781348400,1,False,,,,,,,,,,,,
1781348400,2,False,,,,,,,,,,,,
1781348400,3,False,,,,,,,,,,,,
1781348400,4,False,,,,,,,,,,,,
1781348400,5,False,,,,,,,,,,,,
1781348400,6,False,,,,,,,,,,,,
1781348400,7,False,,,,,,,,,,,,
1781348400,8,False,,,,,,,,,,,,
1781348400,9,False,,,,,,,,,,,,
1781348400,10,False,,,,,,,,,,,,
1781352000,1,False,,,,,,,,,,,,
1781352000,2,False,,,,,,,,,,,,
1781352000,3,False,,,,,,,,,,,,
1781352000,4,False,,,,,,,,,,,,
1781352000,5,False,,,,,,,,,,,,
1781352000,6,False,,,,,,,,,,,,
1781352000,7,False,,,,,,,,,,,,
1781352000,8,False,,,,,,,,,,,,
1781352000,9,False,,,,,,,,,,,,
1781352000,10,False,,,,,,,,,,,,
1781355600,1,False,,,,,,,,,,,,
1781355600,2,False,,,,,,,,,,,,
1781355600,3,False,,,,,,,,,,,,
1781355600,4,False,,,,,,,,,,,,
1781355600,5,False,,,,,,,,,,,,
1781355600,6,False,,,,,,,,,,,,
1781355600,7,False,,,,,,,,,,,,
1781355600,8,False,,,,,,,,,,,,
1781355600,9,False,,,,,,,,,,,,
1781355600,10,False,,,,,,,,,,,,
1781359200,1,False,,,,,,,,,,,,
1781359200,2,False,,,,,,,,,,,,
1781359200,3,False,,,,,,,,,,,,
1781359200,4,False,,,,,,,,,,,,
1781359200,5,False,,,,,,,,,,,,
1781359200,6,False,,,,,,,,,,,,
1781359200,7,False,,,,,,,,,,,,
1781359200,8,False,,,,,,,,,,,,
1781359200,9,False,,,,,,,,,,,,
1781359200,10,False,,,,,,,,,,,,
1781362800,1,False,,,,,,,,,,,,
1781362800,2,False,,,,,,,,,,,,
1781362800,3,False,,,,,,,,,,,,
1781362800,4,False,,,,,,,,,,,,
1781362800,5,False,,,,,,,,,,,,
1781362800,6,False,,,,,,,,,,,,
1781362800,7,False,,,,,,,,,,,,
1781362800,8,False,,,,,,,,,,,,
1781362800,9,False,,,,,,,,,,,,
1781362800,10,False,,,,,,,,,,,,
1781366400,1,False,,,,,,,,,,,,
1781366400,2,False,,,,,,,,,,,,
1781366400,3,False,,,,,,,,,,,,
1781366400,4,False,,,,,,,,,,,,
1781366400,5,False,,,,,,,,,,,,
1781366400,6,False,,,,,,,,,,,,
1781366400,7,False,,,,,,,,,,,,
1781366400,8,False,,,,,,,,,,,,
1781366400,9,False,,,,,,,,,,,,
1781366400,10,False,,,,,,,,,,,,
1781370000,1,False,,,,,,,,,,,,
1781370000,2,False,,,,,,,,,,,,
1781370000,3,False,,,,,,,,,,,,
1781370000,4,False,,,,,,,,,,,,
1781370000,5,False,,,,,,,,,,,,
1781370000,6,False,,,,,,,,,,,,
1781370000,7,False,,,,,,,,,,,,
1781370000,8,False,,,,,,,,,,,,
1781370000,9,False,,,,,,,,,,,,
1781370000,10,False,,,,,,,,,,,,
1781373600,1,False,,,,,,,,,,,,
1781373600,2,False,,,,,,,,,,,,
1781373600,3,False,,,,,,,,,,,,
1781373600,4,False,,,,,,,,,,,,
1781373600,5,False,,,,,,,,,,,,
1781373600,6,False,,,,,,,,,,,,
1781373600,7,False,,,,,,,,,,,,
1781373600,8,False,,,,,,,,,,,,
1781373600,9,False,,,,,,,,,,,,
1781373600,10,False,,,,,,,,,,,,
1781377200,1,False,,,,,,,,,,,,
1781377200,2,False,,,,,,,,,,,,
1781377200,3,False,,,,,,,,,,,,
1781377200,4,False,,,,,,,,,,,,
1781377200,5,False,,,,,,,,,,,,
1781377200,6,False,,,,,,,,,,,,
1781377200,7,False,,,,,,,,,,,,
1781377200,8,False,,,,,,,,,,,,
1781377200,9,False,,,,,,,,,,,,
1781377200,10,False,,,,,,,,,,,,
1781380800,1,False,,,,,,,,,,,,
1781380800,2,True,down,0.98,0.9099999964237213,5.0,0.06426700337100028,empty_book,,0.0,0.0,0.0,True,0.0
1781380800,3,False,,,,,,,,,,,,
1781380800,4,False,,,,,,,,,,,,
1781380800,5,True,down,0.98,0.9099999964237213,35.15999984741211,0.06426700337100028,book_moved_no_edge,0.9499999992549419,0.0,0.0,0.0,True,0.0
1781380800,6,True,down,0.98,0.9099999964237213,47.25,0.06426700337100028,book_moved_no_edge,0.9499999992549419,0.0,0.0,0.0,True,0.0
1781380800,7,True,down,0.98,0.9099999964237213,67.55000305175781,0.06426700337100028,filled,0.9099999964237213,27.472527580493864,25.0,0.15750000625848773,True,2.3150275742353763
1781380800,8,True,down,0.98,0.9099999964237213,67.55000305175781,0.06426700337100028,filled,0.9099999964237213,27.472527580493864,25.0,0.15750000625848773,True,2.3150275742353763
1781380800,9,True,down,0.98,0.9099999964237213,76.6500015258789,0.06426700337100028,filled,0.9099999964237213,27.472527580493864,25.0,0.15750000625848773,True,2.3150275742353763
1781380800,10,True,down,0.98,0.9099999964237213,110.94999694824219,0.06426700337100028,filled,0.9099999964237213,27.472527580493864,25.0,0.15750000625848773,True,2.3150275742353763
1781384400,1,False,,,,,,,,,,,,
1781384400,2,False,,,,,,,,,,,,
1781384400,3,False,,,,,,,,,,,,
1781384400,4,False,,,,,,,,,,,,
1781384400,5,False,,,,,,,,,,,,
1781384400,6,False,,,,,,,,,,,,
1781384400,7,False,,,,,,,,,,,,
1781384400,8,False,,,,,,,,,,,,
1781384400,9,False,,,,,,,,,,,,
1781384400,10,False,,,,,,,,,,,,
1781388000,1,False,,,,,,,,,,,,
1781388000,2,False,,,,,,,,,,,,
1781388000,3,False,,,,,,,,,,,,
1781388000,4,False,,,,,,,,,,,,
1781388000,5,False,,,,,,,,,,,,
1781388000,6,False,,,,,,,,,,,,
1781388000,7,False,,,,,,,,,,,,
1781388000,8,False,,,,,,,,,,,,
1781388000,9,False,,,,,,,,,,,,
1781388000,10,False,,,,,,,,,,,,
1781391600,1,False,,,,,,,,,,,,
1781391600,2,False,,,,,,,,,,,,
1781391600,3,True,down,0.98,0.3100000023841858,14.760000228881836,0.6550269975523948,book_moved_no_edge,0.11000001430511475,0.0,0.0,0.0,False,0.0
1781391600,4,True,down,0.98,0.32999998331069946,10.0,0.6345230170865059,filled,0.30000001192092896,7.199999809265137,2.160000028610227,0.10583999959945667,False,-2.2658400282096838
1781391600,5,True,down,0.98,0.5,8887.0,0.46249999999999997,filled,0.3500000238418579,10.609999656677246,3.7135001327991404,0.16896424984478894,False,-3.882464382643929
1781391600,6,True,down,0.98,0.49000000953674316,596.719970703125,0.4725069904499054,filled,0.5,50.0,25.0,0.8750000000000001,False,-25.875
1781391600,7,True,down,0.98,0.49000000953674316,601.719970703125,0.4725069904499054,filled,0.49000000953674316,51.02040717026833,25.0,0.8924999833106996,False,-25.8924999833107
1781391600,8,True,down,0.98,0.49000000953674316,601.719970703125,0.4725069904499054,filled,0.49000000953674316,51.02040717026833,25.0,0.8924999833106996,False,-25.8924999833107
1781391600,9,True,down,0.98,0.48000001907348633,6.760000228881836,0.4825279808731079,filled,0.49000000953674316,51.02040717026833,25.0,0.8924999833106996,False,-25.8924999833107
1781391600,10,True,down,0.98,0.48000001907348633,7.989999771118164,0.4825279808731079,filled,0.49000000953674316,51.02040717026833,25.0,0.8924999833106996,False,-25.8924999833107
1781395200,1,False,,,,,,,,,,,,
1781395200,2,False,,,,,,,,,,,,
1781395200,3,False,,,,,,,,,,,,
1781395200,4,False,,,,,,,,,,,,
1781395200,5,False,,,,,,,,,,,,
1781395200,6,False,,,,,,,,,,,,
1781395200,7,False,,,,,,,,,,,,
1781395200,8,False,,,,,,,,,,,,
1781395200,9,False,,,,,,,,,,,,
1781395200,10,False,,,,,,,,,,,,
1781398800,1,False,,,,,,,,,,,,
1781398800,2,False,,,,,,,,,,,,
1781398800,3,True,up,0.98,0.30000001192092896,595.0800170898438,0.665299987745285,book_moved_no_edge,0.28999999165534973,0.0,0.0,0.0,False,0.0
1781398800,4,False,,,,,,,,,,,,
1781398800,5,False,,,,,,,,,,,,
1781398800,6,False,,,,,,,,,,,,
1781398800,7,False,,,,,,,,,,,,
1781398800,8,False,,,,,,,,,,,,
1781398800,9,False,,,,,,,,,,,,
1781398800,10,True,up,0.98,0.30000001192092896,496.54998779296875,0.665299987745285,book_moved_no_edge,0.20999999344348907,0.0,0.0,0.0,False,0.0
1781402400,1,False,,,,,,,,,,,,
1781402400,2,False,,,,,,,,,,,,
1781402400,3,False,,,,,,,,,,,,
1781402400,4,False,,,,,,,,,,,,
1781402400,5,False,,,,,,,,,,,,
1781402400,6,False,,,,,,,,,,,,
1781402400,7,False,,,,,,,,,,,,
1781402400,8,False,,,,,,,,,,,,
1781402400,9,False,,,,,,,,,,,,
1781402400,10,False,,,,,,,,,,,,
1781406000,1,False,,,,,,,,,,,,
1781406000,2,False,,,,,,,,,,,,
1781406000,3,False,,,,,,,,,,,,
1781406000,4,False,,,,,,,,,,,,
1781406000,5,False,,,,,,,,,,,,
1781406000,6,False,,,,,,,,,,,,
1781406000,7,False,,,,,,,,,,,,
1781406000,8,False,,,,,,,,,,,,
1781406000,9,False,,,,,,,,,,,,
1781406000,10,False,,,,,,,,,,,,
1781409600,1,False,,,,,,,,,,,,
1781409600,2,False,,,,,,,,,,,,
1781409600,3,False,,,,,,,,,,,,
1781409600,4,False,,,,,,,,,,,,
1781409600,5,False,,,,,,,,,,,,
1781409600,6,False,,,,,,,,,,,,
1781409600,7,False,,,,,,,,,,,,
1781409600,8,False,,,,,,,,,,,,
1781409600,9,False,,,,,,,,,,,,
1781409600,10,False,,,,,,,,,,,,
1781413200,1,False,,,,,,,,,,,,
1781413200,2,False,,,,,,,,,,,,
1781413200,3,False,,,,,,,,,,,,
1781413200,4,False,,,,,,,,,,,,
1781413200,5,False,,,,,,,,,,,,
1781413200,6,False,,,,,,,,,,,,
1781413200,7,True,up,0.98,0.3199999928474426,27.239999771118164,0.6447680073328018,book_moved_no_edge,0.2199999988079071,0.0,0.0,0.0,False,0.0
1781413200,8,False,,,,,,,,,,,,
1781413200,9,True,up,0.98,0.5,9832.419921875,0.46249999999999997,filled,0.4000000059604645,5.019999980926514,2.008000022292137,0.08433600009846687,False,-2.092336022390604
1781413200,10,True,up,0.98,0.3400000035762787,11.869999885559082,0.6242919963436127,book_moved_no_edge,0.1899999976158142,0.0,0.0,0.0,False,0.0
1781416800,1,False,,,,,,,,,,,,
1781416800,2,False,,,,,,,,,,,,
1781416800,3,False,,,,,,,,,,,,
1781416800,4,False,,,,,,,,,,,,
1781416800,5,False,,,,,,,,,,,,
1781416800,6,False,,,,,,,,,,,,
1781416800,7,False,,,,,,,,,,,,
1781416800,8,False,,,,,,,,,,,,
1781416800,9,False,,,,,,,,,,,,
1781416800,10,False,,,,,,,,,,,,
1781420400,1,False,,,,,,,,,,,,
1781420400,2,False,,,,,,,,,,,,
1781420400,3,False,,,,,,,,,,,,
1781420400,4,False,,,,,,,,,,,,
1781420400,5,False,,,,,,,,,,,,
1781420400,6,False,,,,,,,,,,,,
1781420400,7,False,,,,,,,,,,,,
1781420400,8,False,,,,,,,,,,,,
1781420400,9,False,,,,,,,,,,,,
1781420400,10,False,,,,,,,,,,,,
1781424000,1,False,,,,,,,,,,,,
1781424000,2,False,,,,,,,,,,,,
1781424000,3,False,,,,,,,,,,,,
1781424000,4,False,,,,,,,,,,,,
1781424000,5,False,,,,,,,,,,,,
1781424000,6,False,,,,,,,,,,,,
1781424000,7,False,,,,,,,,,,,,
1781424000,8,False,,,,,,,,,,,,
1781424000,9,False,,,,,,,,,,,,
1781424000,10,False,,,,,,,,,,,,
1781427600,1,False,,,,,,,,,,,,
1781427600,2,False,,,,,,,,,,,,
1781427600,3,False,,,,,,,,,,,,
1781427600,4,False,,,,,,,,,,,,
1781427600,5,False,,,,,,,,,,,,
1781427600,6,False,,,,,,,,,,,,
1781427600,7,False,,,,,,,,,,,,
1781427600,8,False,,,,,,,,,,,,
1781427600,9,False,,,,,,,,,,,,
1781427600,10,False,,,,,,,,,,,,
1781431200,1,False,,,,,,,,,,,,
1781431200,2,False,,,,,,,,,,,,
1781431200,3,False,,,,,,,,,,,,
1781431200,4,False,,,,,,,,,,,,
1781431200,5,False,,,,,,,,,,,,
1781431200,6,False,,,,,,,,,,,,
1781431200,7,False,,,,,,,,,,,,
1781431200,8,False,,,,,,,,,,,,
1781431200,9,False,,,,,,,,,,,,
1781431200,10,False,,,,,,,,,,,,
1781434800,1,False,,,,,,,,,,,,
1781434800,2,False,,,,,,,,,,,,
1781434800,3,False,,,,,,,,,,,,
1781434800,4,False,,,,,,,,,,,,
1781434800,5,False,,,,,,,,,,,,
1781434800,6,False,,,,,,,,,,,,
1781434800,7,False,,,,,,,,,,,,
1781434800,8,False,,,,,,,,,,,,
1781434800,9,False,,,,,,,,,,,,
1781434800,10,False,,,,,,,,,,,,
1781438400,1,False,,,,,,,,,,,,
1781438400,2,False,,,,,,,,,,,,
1781438400,3,False,,,,,,,,,,,,
1781438400,4,False,,,,,,,,,,,,
1781438400,5,False,,,,,,,,,,,,
1781438400,6,False,,,,,,,,,,,,
1781438400,7,False,,,,,,,,,,,,
1781438400,8,False,,,,,,,,,,,,
1781438400,9,False,,,,,,,,,,,,
1781438400,10,False,,,,,,,,,,,,
1781442000,1,False,,,,,,,,,,,,
1781442000,2,False,,,,,,,,,,,,
1781442000,3,False,,,,,,,,,,,,
1781442000,4,False,,,,,,,,,,,,
1781442000,5,False,,,,,,,,,,,,
1781442000,6,False,,,,,,,,,,,,
1781442000,7,False,,,,,,,,,,,,
1781442000,8,False,,,,,,,,,,,,
1781442000,9,False,,,,,,,,,,,,
1781442000,10,False,,,,,,,,,,,,
1781445600,1,False,,,,,,,,,,,,
1781445600,2,False,,,,,,,,,,,,
1781445600,3,False,,,,,,,,,,,,
1781445600,4,False,,,,,,,,,,,,
1781445600,5,False,,,,,,,,,,,,
1781445600,6,False,,,,,,,,,,,,
1781445600,7,False,,,,,,,,,,,,
1781445600,8,False,,,,,,,,,,,,
1781445600,9,False,,,,,,,,,,,,
1781445600,10,False,,,,,,,,,,,,
1781449200,1,False,,,,,,,,,,,,
1781449200,2,False,,,,,,,,,,,,
1781449200,3,False,,,,,,,,,,,,
1781449200,4,False,,,,,,,,,,,,
1781449200,5,False,,,,,,,,,,,,
1781449200,6,False,,,,,,,,,,,,
1781449200,7,False,,,,,,,,,,,,
1781449200,8,False,,,,,,,,,,,,
1781449200,9,False,,,,,,,,,,,,
1781449200,10,False,,,,,,,,,,,,
1781452800,1,False,,,,,,,,,,,,
1781452800,2,False,,,,,,,,,,,,
1781452800,3,False,,,,,,,,,,,,
1781452800,4,False,,,,,,,,,,,,
1781452800,5,False,,,,,,,,,,,,
1781452800,6,False,,,,,,,,,,,,
1781452800,7,False,,,,,,,,,,,,
1781452800,8,False,,,,,,,,,,,,
1781452800,9,False,,,,,,,,,,,,
1781452800,10,False,,,,,,,,,,,,
1781456400,1,False,,,,,,,,,,,,
1781456400,2,False,,,,,,,,,,,,
1781456400,3,False,,,,,,,,,,,,
1781456400,4,False,,,,,,,,,,,,
1781456400,5,False,,,,,,,,,,,,
1781456400,6,False,,,,,,,,,,,,
1781456400,7,False,,,,,,,,,,,,
1781456400,8,False,,,,,,,,,,,,
1781456400,9,False,,,,,,,,,,,,
1781456400,10,False,,,,,,,,,,,,
1781460000,1,False,,,,,,,,,,,,
1781460000,2,False,,,,,,,,,,,,
1781460000,3,False,,,,,,,,,,,,
1781460000,4,False,,,,,,,,,,,,
1781460000,5,False,,,,,,,,,,,,
1781460000,6,False,,,,,,,,,,,,
1781460000,7,False,,,,,,,,,,,,
1781460000,8,False,,,,,,,,,,,,
1781460000,9,False,,,,,,,,,,,,
1781460000,10,False,,,,,,,,,,,,
1781463600,1,False,,,,,,,,,,,,
1781463600,2,False,,,,,,,,,,,,
1781463600,3,False,,,,,,,,,,,,
1781463600,4,False,,,,,,,,,,,,
1781463600,5,False,,,,,,,,,,,,
1781463600,6,False,,,,,,,,,,,,
1781463600,7,False,,,,,,,,,,,,
1781463600,8,False,,,,,,,,,,,,
1781463600,9,False,,,,,,,,,,,,
1781463600,10,False,,,,,,,,,,,,
1781467200,1,False,,,,,,,,,,,,
1781467200,2,False,,,,,,,,,,,,
1781467200,3,False,,,,,,,,,,,,
1781467200,4,False,,,,,,,,,,,,
1781467200,5,False,,,,,,,,,,,,
1781467200,6,False,,,,,,,,,,,,
1781467200,7,False,,,,,,,,,,,,
1781467200,8,False,,,,,,,,,,,,
1781467200,9,False,,,,,,,,,,,,
1781467200,10,False,,,,,,,,,,,,
1781470800,1,False,,,,,,,,,,,,
1781470800,2,False,,,,,,,,,,,,
1781470800,3,False,,,,,,,,,,,,
1781470800,4,False,,,,,,,,,,,,
1781470800,5,False,,,,,,,,,,,,
1781470800,6,False,,,,,,,,,,,,
1781470800,7,False,,,,,,,,,,,,
1781470800,8,False,,,,,,,,,,,,
1781470800,9,False,,,,,,,,,,,,
1781470800,10,False,,,,,,,,,,,,
1781474400,1,False,,,,,,,,,,,,
1781474400,2,False,,,,,,,,,,,,
1781474400,3,False,,,,,,,,,,,,
1781474400,4,False,,,,,,,,,,,,
1781474400,5,False,,,,,,,,,,,,
1781474400,6,False,,,,,,,,,,,,
1781474400,7,False,,,,,,,,,,,,
1781474400,8,False,,,,,,,,,,,,
1781474400,9,False,,,,,,,,,,,,
1781474400,10,False,,,,,,,,,,,,
1781478000,1,False,,,,,,,,,,,,
1781478000,2,False,,,,,,,,,,,,
1781478000,3,False,,,,,,,,,,,,
1781478000,4,False,,,,,,,,,,,,
1781478000,5,False,,,,,,,,,,,,
1781478000,6,False,,,,,,,,,,,,
1781478000,7,False,,,,,,,,,,,,
1781478000,8,False,,,,,,,,,,,,
1781478000,9,False,,,,,,,,,,,,
1781478000,10,False,,,,,,,,,,,,
1781481600,1,False,,,,,,,,,,,,
1781481600,2,False,,,,,,,,,,,,
1781481600,3,False,,,,,,,,,,,,
1781481600,4,False,,,,,,,,,,,,
1781481600,5,False,,,,,,,,,,,,
1781481600,6,False,,,,,,,,,,,,
1781481600,7,False,,,,,,,,,,,,
1781481600,8,False,,,,,,,,,,,,
1781481600,9,False,,,,,,,,,,,,
1781481600,10,False,,,,,,,,,,,,
1781485200,1,False,,,,,,,,,,,,
1781485200,2,False,,,,,,,,,,,,
1781485200,3,False,,,,,,,,,,,,
1781485200,4,False,,,,,,,,,,,,
1781485200,5,False,,,,,,,,,,,,
1781485200,6,False,,,,,,,,,,,,
1781485200,7,False,,,,,,,,,,,,
1781485200,8,False,,,,,,,,,,,,
1781485200,9,False,,,,,,,,,,,,
1781485200,10,False,,,,,,,,,,,,
1781488800,1,False,,,,,,,,,,,,
1781488800,2,False,,,,,,,,,,,,
1781488800,3,False,,,,,,,,,,,,
1781488800,4,False,,,,,,,,,,,,
1781488800,5,False,,,,,,,,,,,,
1781488800,6,False,,,,,,,,,,,,
1781488800,7,False,,,,,,,,,,,,
1781488800,8,False,,,,,,,,,,,,
1781488800,9,False,,,,,,,,,,,,
1781488800,10,False,,,,,,,,,,,,
1781492400,1,False,,,,,,,,,,,,
1781492400,2,False,,,,,,,,,,,,
1781492400,3,False,,,,,,,,,,,,
1781492400,4,False,,,,,,,,,,,,
1781492400,5,False,,,,,,,,,,,,
1781492400,6,False,,,,,,,,,,,,
1781492400,7,False,,,,,,,,,,,,
1781492400,8,False,,,,,,,,,,,,
1781492400,9,False,,,,,,,,,,,,
1781492400,10,False,,,,,,,,,,,,
1781496000,1,False,,,,,,,,,,,,
1781496000,2,False,,,,,,,,,,,,
1781496000,3,False,,,,,,,,,,,,
1781496000,4,False,,,,,,,,,,,,
1781496000,5,False,,,,,,,,,,,,
1781496000,6,False,,,,,,,,,,,,
1781496000,7,False,,,,,,,,,,,,
1781496000,8,False,,,,,,,,,,,,
1781496000,9,False,,,,,,,,,,,,
1781496000,10,False,,,,,,,,,,,,
1781499600,1,False,,,,,,,,,,,,
1781499600,2,False,,,,,,,,,,,,
1781499600,3,False,,,,,,,,,,,,
1781499600,4,False,,,,,,,,,,,,
1781499600,5,False,,,,,,,,,,,,
1781499600,6,False,,,,,,,,,,,,
1781499600,7,False,,,,,,,,,,,,
1781499600,8,False,,,,,,,,,,,,
1781499600,9,False,,,,,,,,,,,,
1781499600,10,False,,,,,,,,,,,,
1781503200,1,False,,,,,,,,,,,,
1781503200,2,False,,,,,,,,,,,,
1781503200,3,False,,,,,,,,,,,,
1781503200,4,False,,,,,,,,,,,,
1781503200,5,False,,,,,,,,,,,,
1781503200,6,False,,,,,,,,,,,,
1781503200,7,False,,,,,,,,,,,,
1781503200,8,False,,,,,,,,,,,,
1781503200,9,False,,,,,,,,,,,,
1781503200,10,False,,,,,,,,,,,,
1781506800,1,False,,,,,,,,,,,,
1781506800,2,False,,,,,,,,,,,,
1781506800,3,False,,,,,,,,,,,,
1781506800,4,False,,,,,,,,,,,,
1781506800,5,False,,,,,,,,,,,,
1781506800,6,False,,,,,,,,,,,,
1781506800,7,False,,,,,,,,,,,,
1781506800,8,False,,,,,,,,,,,,
1781506800,9,False,,,,,,,,,,,,
1781506800,10,False,,,,,,,,,,,,
1781510400,1,False,,,,,,,,,,,,
1781510400,2,True,down,0.98,0.9099999964237213,32.2599983215332,0.06426700337100028,empty_book,,0.0,0.0,0.0,True,0.0
1781510400,3,True,down,0.98,0.9099999964237213,32.2599983215332,0.06426700337100028,filled,0.9099999964237213,27.472527580493864,25.0,0.15750000625848773,True,2.3150275742353763
1781510400,4,False,,,,,,,,,,,,
1781510400,5,False,,,,,,,,,,,,
1781510400,6,False,,,,,,,,,,,,
1781510400,7,True,down,0.9788909367022527,0.9099999964237213,846.1199951171875,0.06315794007325298,book_moved_no_edge,0.9400000013411045,0.0,0.0,0.0,True,0.0
1781510400,8,True,down,0.9712943720999021,0.9099999964237213,863.3900146484375,0.0555613754709024,filled,0.9099999964237213,27.472527580493864,25.0,0.15750000625848773,True,2.3150275742353763
1781510400,9,True,down,0.9635059776137607,0.8900000005960464,113.83999633789062,0.06665297705025836,book_moved_no_edge,0.9099999964237213,0.0,0.0,0.0,True,0.0
1781510400,10,True,up,0.98,0.8299999833106995,396.2300109863281,0.14012301591825485,book_moved_no_edge,0.10000000149011612,0.0,0.0,0.0,False,0.0
1781514000,1,False,,,,,,,,,,,,
1781514000,2,False,,,,,,,,,,,,
1781514000,3,False,,,,,,,,,,,,
1781514000,4,False,,,,,,,,,,,,
1781514000,5,False,,,,,,,,,,,,
1781514000,6,False,,,,,,,,,,,,
1781514000,7,False,,,,,,,,,,,,
1781514000,8,False,,,,,,,,,,,,
1781514000,9,False,,,,,,,,,,,,
1781514000,10,False,,,,,,,,,,,,
1781517600,1,False,,,,,,,,,,,,
1781517600,2,False,,,,,,,,,,,,
1781517600,3,False,,,,,,,,,,,,
1781517600,4,False,,,,,,,,,,,,
1781517600,5,False,,,,,,,,,,,,
1781517600,6,False,,,,,,,,,,,,
1781517600,7,False,,,,,,,,,,,,
1781517600,8,False,,,,,,,,,,,,
1781517600,9,False,,,,,,,,,,,,
1781517600,10,False,,,,,,,,,,,,
1781521200,1,False,,,,,,,,,,,,
1781521200,2,False,,,,,,,,,,,,
1781521200,3,False,,,,,,,,,,,,
1781521200,4,False,,,,,,,,,,,,
1781521200,5,False,,,,,,,,,,,,
1781521200,6,False,,,,,,,,,,,,
1781521200,7,False,,,,,,,,,,,,
1781521200,8,False,,,,,,,,,,,,
1781521200,9,False,,,,,,,,,,,,
1781521200,10,False,,,,,,,,,,,,
1781524800,1,False,,,,,,,,,,,,
1781524800,2,False,,,,,,,,,,,,
1781524800,3,False,,,,,,,,,,,,
1781524800,4,False,,,,,,,,,,,,
1781524800,5,False,,,,,,,,,,,,
1781524800,6,False,,,,,,,,,,,,
1781524800,7,False,,,,,,,,,,,,
1781524800,8,False,,,,,,,,,,,,
1781524800,9,False,,,,,,,,,,,,
1781524800,10,False,,,,,,,,,,,,
1781528400,1,False,,,,,,,,,,,,
1781528400,2,False,,,,,,,,,,,,
1781528400,3,False,,,,,,,,,,,,
1781528400,4,False,,,,,,,,,,,,
1781528400,5,False,,,,,,,,,,,,
1781528400,6,False,,,,,,,,,,,,
1781528400,7,False,,,,,,,,,,,,
1781528400,8,False,,,,,,,,,,,,
1781528400,9,False,,,,,,,,,,,,
1781528400,10,False,,,,,,,,,,,,
1781532000,1,False,,,,,,,,,,,,
1781532000,2,False,,,,,,,,,,,,
1781532000,3,False,,,,,,,,,,,,
1781532000,4,False,,,,,,,,,,,,
1781532000,5,False,,,,,,,,,,,,
1781532000,6,False,,,,,,,,,,,,
1781532000,7,False,,,,,,,,,,,,
1781532000,8,False,,,,,,,,,,,,
1781532000,9,False,,,,,,,,,,,,
1781532000,10,False,,,,,,,,,,,,
1781535600,1,False,,,,,,,,,,,,
1781535600,2,False,,,,,,,,,,,,
1781535600,3,False,,,,,,,,,,,,
1781535600,4,False,,,,,,,,,,,,
1781535600,5,False,,,,,,,,,,,,
1781535600,6,False,,,,,,,,,,,,
1781535600,7,False,,,,,,,,,,,,
1781535600,8,False,,,,,,,,,,,,
1781535600,9,False,,,,,,,,,,,,
1781535600,10,False,,,,,,,,,,,,
1781539200,1,False,,,,,,,,,,,,
1781539200,2,False,,,,,,,,,,,,
1781539200,3,False,,,,,,,,,,,,
1781539200,4,False,,,,,,,,,,,,
1781539200,5,False,,,,,,,,,,,,
1781539200,6,False,,,,,,,,,,,,
1781539200,7,False,,,,,,,,,,,,
1781539200,8,False,,,,,,,,,,,,
1781539200,9,False,,,,,,,,,,,,
1781539200,10,False,,,,,,,,,,,,
1781542800,1,False,,,,,,,,,,,,
1781542800,2,False,,,,,,,,,,,,
1781542800,3,False,,,,,,,,,,,,
1781542800,4,False,,,,,,,,,,,,
1781542800,5,False,,,,,,,,,,,,
1781542800,6,False,,,,,,,,,,,,
1781542800,7,False,,,,,,,,,,,,
1781542800,8,False,,,,,,,,,,,,
1781542800,9,False,,,,,,,,,,,,
1781542800,10,False,,,,,,,,,,,,
1781546400,1,False,,,,,,,,,,,,
1781546400,2,False,,,,,,,,,,,,
1781546400,3,False,,,,,,,,,,,,
1781546400,4,False,,,,,,,,,,,,
1781546400,5,False,,,,,,,,,,,,
1781546400,6,False,,,,,,,,,,,,
1781546400,7,False,,,,,,,,,,,,
1781546400,8,False,,,,,,,,,,,,
1781546400,9,False,,,,,,,,,,,,
1781546400,10,False,,,,,,,,,,,,
1781550000,1,False,,,,,,,,,,,,
1781550000,2,False,,,,,,,,,,,,
1781550000,3,False,,,,,,,,,,,,
1781550000,4,False,,,,,,,,,,,,
1781550000,5,False,,,,,,,,,,,,
1781550000,6,False,,,,,,,,,,,,
1781550000,7,False,,,,,,,,,,,,
1781550000,8,False,,,,,,,,,,,,
1781550000,9,False,,,,,,,,,,,,
1781550000,10,False,,,,,,,,,,,,
1781553600,1,False,,,,,,,,,,,,
1781553600,2,False,,,,,,,,,,,,
1781553600,3,False,,,,,,,,,,,,
1781553600,4,False,,,,,,,,,,,,
1781553600,5,False,,,,,,,,,,,,
1781553600,6,False,,,,,,,,,,,,
1781553600,7,False,,,,,,,,,,,,
1781553600,8,False,,,,,,,,,,,,
1781553600,9,False,,,,,,,,,,,,
1781553600,10,False,,,,,,,,,,,,
1781557200,1,False,,,,,,,,,,,,
1781557200,2,False,,,,,,,,,,,,
1781557200,3,False,,,,,,,,,,,,
1781557200,4,False,,,,,,,,,,,,
1781557200,5,False,,,,,,,,,,,,
1781557200,6,False,,,,,,,,,,,,
1781557200,7,False,,,,,,,,,,,,
1781557200,8,False,,,,,,,,,,,,
1781557200,9,False,,,,,,,,,,,,
1781557200,10,False,,,,,,,,,,,,
1781560800,1,False,,,,,,,,,,,,
1781560800,2,False,,,,,,,,,,,,
1781560800,3,False,,,,,,,,,,,,
1781560800,4,False,,,,,,,,,,,,
1781560800,5,False,,,,,,,,,,,,
1781560800,6,False,,,,,,,,,,,,
1781560800,7,False,,,,,,,,,,,,
1781560800,8,False,,,,,,,,,,,,
1781560800,9,False,,,,,,,,,,,,
1781560800,10,False,,,,,,,,,,,,
1781564400,1,False,,,,,,,,,,,,
1781564400,2,False,,,,,,,,,,,,
1781564400,3,False,,,,,,,,,,,,
1781564400,4,False,,,,,,,,,,,,
1781564400,5,False,,,,,,,,,,,,
1781564400,6,False,,,,,,,,,,,,
1781564400,7,False,,,,,,,,,,,,
1781564400,8,False,,,,,,,,,,,,
1781564400,9,False,,,,,,,,,,,,
1781564400,10,False,,,,,,,,,,,,
1781568000,1,False,,,,,,,,,,,,
1781568000,2,False,,,,,,,,,,,,
1781568000,3,False,,,,,,,,,,,,
1781568000,4,False,,,,,,,,,,,,
1781568000,5,False,,,,,,,,,,,,
1781568000,6,False,,,,,,,,,,,,
1781568000,7,False,,,,,,,,,,,,
1781568000,8,False,,,,,,,,,,,,
1781568000,9,False,,,,,,,,,,,,
1781568000,10,False,,,,,,,,,,,,
1781571600,1,False,,,,,,,,,,,,
1781571600,2,False,,,,,,,,,,,,
1781571600,3,False,,,,,,,,,,,,
1781571600,4,False,,,,,,,,,,,,
1781571600,5,False,,,,,,,,,,,,
1781571600,6,False,,,,,,,,,,,,
1781571600,7,False,,,,,,,,,,,,
1781571600,8,False,,,,,,,,,,,,
1781571600,9,False,,,,,,,,,,,,
1781571600,10,False,,,,,,,,,,,,
1781575200,1,False,,,,,,,,,,,,
1781575200,2,False,,,,,,,,,,,,
1781575200,3,False,,,,,,,,,,,,
1781575200,4,False,,,,,,,,,,,,
1781575200,5,False,,,,,,,,,,,,
1781575200,6,False,,,,,,,,,,,,
1781575200,7,False,,,,,,,,,,,,
1781575200,8,False,,,,,,,,,,,,
1781575200,9,False,,,,,,,,,,,,
1781575200,10,False,,,,,,,,,,,,
1781578800,1,False,,,,,,,,,,,,
1781578800,2,False,,,,,,,,,,,,
1781578800,3,False,,,,,,,,,,,,
1781578800,4,False,,,,,,,,,,,,
1781578800,5,False,,,,,,,,,,,,
1781578800,6,False,,,,,,,,,,,,
1781578800,7,False,,,,,,,,,,,,
1781578800,8,False,,,,,,,,,,,,
1781578800,9,False,,,,,,,,,,,,
1781578800,10,False,,,,,,,,,,,,
1781582400,1,False,,,,,,,,,,,,
1781582400,2,False,,,,,,,,,,,,
1781582400,3,False,,,,,,,,,,,,
1781582400,4,False,,,,,,,,,,,,
1781582400,5,False,,,,,,,,,,,,
1781582400,6,False,,,,,,,,,,,,
1781582400,7,False,,,,,,,,,,,,
1781582400,8,False,,,,,,,,,,,,
1781582400,9,False,,,,,,,,,,,,
1781582400,10,False,,,,,,,,,,,,
1781586000,1,False,,,,,,,,,,,,
1781586000,2,False,,,,,,,,,,,,
1781586000,3,False,,,,,,,,,,,,
1781586000,4,False,,,,,,,,,,,,
1781586000,5,False,,,,,,,,,,,,
1781586000,6,False,,,,,,,,,,,,
1781586000,7,False,,,,,,,,,,,,
1781586000,8,False,,,,,,,,,,,,
1781586000,9,False,,,,,,,,,,,,
1781586000,10,False,,,,,,,,,,,,
1781589600,1,False,,,,,,,,,,,,
1781589600,2,False,,,,,,,,,,,,
1781589600,3,False,,,,,,,,,,,,
1781589600,4,False,,,,,,,,,,,,
1781589600,5,False,,,,,,,,,,,,
1781589600,6,False,,,,,,,,,,,,
1781589600,7,False,,,,,,,,,,,,
1781589600,8,False,,,,,,,,,,,,
1781589600,9,False,,,,,,,,,,,,
1781589600,10,False,,,,,,,,,,,,
1781593200,1,False,,,,,,,,,,,,
1781593200,2,False,,,,,,,,,,,,
1781593200,3,False,,,,,,,,,,,,
1781593200,4,False,,,,,,,,,,,,
1781593200,5,False,,,,,,,,,,,,
1781593200,6,False,,,,,,,,,,,,
1781593200,7,False,,,,,,,,,,,,
1781593200,8,False,,,,,,,,,,,,
1781593200,9,False,,,,,,,,,,,,
1781593200,10,False,,,,,,,,,,,,
1781596800,1,False,,,,,,,,,,,,
1781596800,2,False,,,,,,,,,,,,
1781596800,3,False,,,,,,,,,,,,
1781596800,4,False,,,,,,,,,,,,
1781596800,5,False,,,,,,,,,,,,
1781596800,6,False,,,,,,,,,,,,
1781596800,7,False,,,,,,,,,,,,
1781596800,8,False,,,,,,,,,,,,
1781596800,9,False,,,,,,,,,,,,
1781596800,10,False,,,,,,,,,,,,
1781600400,1,False,,,,,,,,,,,,
1781600400,2,False,,,,,,,,,,,,
1781600400,3,False,,,,,,,,,,,,
1781600400,4,False,,,,,,,,,,,,
1781600400,5,False,,,,,,,,,,,,
1781600400,6,False,,,,,,,,,,,,
1781600400,7,False,,,,,,,,,,,,
1781600400,8,False,,,,,,,,,,,,
1781600400,9,False,,,,,,,,,,,,
1781600400,10,False,,,,,,,,,,,,
1781604000,1,True,up,0.9620780794707353,0.8100000023841858,8.739999771118164,0.1413050771900232,empty_book,,0.0,0.0,0.0,True,0.0
1781604000,2,False,,,,,,,,,,,,
1781604000,3,True,up,0.8466766081972876,0.6499999761581421,5.0,0.18075163153846657,book_moved_no_edge,0.8399999737739563,0.0,0.0,0.0,True,0.0
1781604000,4,True,up,0.8126066210735492,0.6800000071525574,32.68000030517578,0.11737461410123627,book_moved_no_edge,0.8399999737739563,0.0,0.0,0.0,True,0.0
1781604000,5,True,up,0.8894025712885895,0.5299999713897705,52.34000015258789,0.34196559977865604,filled,0.7699999809265137,9.920000076293945,7.638399869537352,0.12297824809791545,True,2.158621958658678
1781604000,6,True,up,0.867371638412348,0.5,22.530000686645508,0.349871638412348,filled,0.6899999976158142,16.8700008392334,11.640300538849829,0.25259452363572604,True,4.977105776747844
1781604000,7,True,up,0.9287317082702757,0.6399999856948853,48.83000183105469,0.27260372229501023,filled,0.5199999809265137,40.54999923706055,21.08599882984163,0.7084895888355245,True,18.755510818383392
1781604000,8,True,up,0.9151678721563072,0.6399999856948853,9.680000305175781,0.25903988618104173,filled,0.5600000023841858,44.64285695279131,25.0,0.769999995827675,True,18.872856956963638
1781604000,9,True,up,0.9020377659014535,0.800000011920929,29.399999618530273,0.09083775448120353,filled,0.6399999856948853,9.680000305175781,6.195200056838985,0.15611904763595577,True,3.3286812007008404
1781604000,10,True,up,0.8903331952834461,0.7400000095367432,6.699999809265137,0.13686518606713755,filled,0.6499999761581421,38.46153987229933,24.999999999999996,0.6125000417232512,True,12.849039830576086
1781607600,1,False,,,,,,,,,,,,
1781607600,2,False,,,,,,,,,,,,
1781607600,3,False,,,,,,,,,,,,
1781607600,4,False,,,,,,,,,,,,
1781607600,5,False,,,,,,,,,,,,
1781607600,6,False,,,,,,,,,,,,
1781607600,7,False,,,,,,,,,,,,
1781607600,8,False,,,,,,,,,,,,
1781607600,9,False,,,,,,,,,,,,
1781607600,10,False,,,,,,,,,,,,
1781611200,1,False,,,,,,,,,,,,
1781611200,2,False,,,,,,,,,,,,
1781611200,3,False,,,,,,,,,,,,
1781611200,4,False,,,,,,,,,,,,
1781611200,5,False,,,,,,,,,,,,
1781611200,6,False,,,,,,,,,,,,
1781611200,7,False,,,,,,,,,,,,
1781611200,8,False,,,,,,,,,,,,
1781611200,9,False,,,,,,,,,,,,
1781611200,10,False,,,,,,,,,,,,
1781614800,1,False,,,,,,,,,,,,
1781614800,2,False,,,,,,,,,,,,
1781614800,3,False,,,,,,,,,,,,
1781614800,4,False,,,,,,,,,,,,
1781614800,5,False,,,,,,,,,,,,
1781614800,6,False,,,,,,,,,,,,
1781614800,7,False,,,,,,,,,,,,
1781614800,8,False,,,,,,,,,,,,
1781614800,9,False,,,,,,,,,,,,
1781614800,10,False,,,,,,,,,,,,
1781618400,1,False,,,,,,,,,,,,
1781618400,2,False,,,,,,,,,,,,
1781618400,3,False,,,,,,,,,,,,
1781618400,4,False,,,,,,,,,,,,
1781618400,5,False,,,,,,,,,,,,
1781618400,6,False,,,,,,,,,,,,
1781618400,7,False,,,,,,,,,,,,
1781618400,8,False,,,,,,,,,,,,
1781618400,9,False,,,,,,,,,,,,
1781618400,10,False,,,,,,,,,,,,
1781622000,1,False,,,,,,,,,,,,
1781622000,2,False,,,,,,,,,,,,
1781622000,3,False,,,,,,,,,,,,
1781622000,4,False,,,,,,,,,,,,
1781622000,5,False,,,,,,,,,,,,
1781622000,6,False,,,,,,,,,,,,
1781622000,7,False,,,,,,,,,,,,
1781622000,8,False,,,,,,,,,,,,
1781622000,9,False,,,,,,,,,,,,
1781622000,10,False,,,,,,,,,,,,
1781625600,1,False,,,,,,,,,,,,
1781625600,2,False,,,,,,,,,,,,
1781625600,3,False,,,,,,,,,,,,
1781625600,4,False,,,,,,,,,,,,
1781625600,5,False,,,,,,,,,,,,
1781625600,6,False,,,,,,,,,,,,
1781625600,7,False,,,,,,,,,,,,
1781625600,8,False,,,,,,,,,,,,
1781625600,9,False,,,,,,,,,,,,
1781625600,10,False,,,,,,,,,,,,
1781629200,1,False,,,,,,,,,,,,
1781629200,2,False,,,,,,,,,,,,
1781629200,3,False,,,,,,,,,,,,
1781629200,4,False,,,,,,,,,,,,
1781629200,5,False,,,,,,,,,,,,
1781629200,6,False,,,,,,,,,,,,
1781629200,7,False,,,,,,,,,,,,
1781629200,8,False,,,,,,,,,,,,
1781629200,9,False,,,,,,,,,,,,
1781629200,10,False,,,,,,,,,,,,
1781632800,1,False,,,,,,,,,,,,
1781632800,2,False,,,,,,,,,,,,
1781632800,3,False,,,,,,,,,,,,
1781632800,4,False,,,,,,,,,,,,
1781632800,5,False,,,,,,,,,,,,
1781632800,6,False,,,,,,,,,,,,
1781632800,7,False,,,,,,,,,,,,
1781632800,8,False,,,,,,,,,,,,
1781632800,9,False,,,,,,,,,,,,
1781632800,10,False,,,,,,,,,,,,
1781636400,1,False,,,,,,,,,,,,
1781636400,2,False,,,,,,,,,,,,
1781636400,3,False,,,,,,,,,,,,
1781636400,4,False,,,,,,,,,,,,
1781636400,5,False,,,,,,,,,,,,
1781636400,6,False,,,,,,,,,,,,
1781636400,7,False,,,,,,,,,,,,
1781636400,8,False,,,,,,,,,,,,
1781636400,9,False,,,,,,,,,,,,
1781636400,10,False,,,,,,,,,,,,
1781640000,1,False,,,,,,,,,,,,
1781640000,2,False,,,,,,,,,,,,
1781640000,3,False,,,,,,,,,,,,
1781640000,4,False,,,,,,,,,,,,
1781640000,5,False,,,,,,,,,,,,
1781640000,6,False,,,,,,,,,,,,
1781640000,7,False,,,,,,,,,,,,
1781640000,8,False,,,,,,,,,,,,
1781640000,9,False,,,,,,,,,,,,
1781640000,10,False,,,,,,,,,,,,
1781643600,1,False,,,,,,,,,,,,
1781643600,2,False,,,,,,,,,,,,
1781643600,3,False,,,,,,,,,,,,
1781643600,4,False,,,,,,,,,,,,
1781643600,5,False,,,,,,,,,,,,
1781643600,6,False,,,,,,,,,,,,
1781643600,7,False,,,,,,,,,,,,
1781643600,8,False,,,,,,,,,,,,
1781643600,9,False,,,,,,,,,,,,
1781643600,10,False,,,,,,,,,,,,
1781647200,1,True,up,0.98,0.6100000143051147,3.0,0.35334698591518404,empty_book,,0.0,0.0,0.0,True,0.0
1781647200,2,True,up,0.98,0.7699999809265137,5.0,0.19760301835250854,filled,0.8899999856948853,28.08988809194278,25.0,0.19250002503395083,True,2.897388066908828
1781647200,3,True,up,0.98,0.8700000047683716,5.0,0.10208299547863005,filled,0.5699999928474426,5.0,2.849999964237213,0.0857850003504753,True,2.0642150354123117
1781647200,4,True,up,0.9644202065637398,0.8500000238418579,5.0,0.105495183890133,filled,0.8899999856948853,28.08988809194278,25.0,0.19250002503395083,True,2.897388066908828
1781647200,5,True,up,0.9423254852750235,0.8299999833106995,5.0,0.10244850119327834,filled,0.8700000047683716,5.0,4.350000023841858,0.039584998764991754,True,0.6104149773931503
1781647200,6,False,,,,,,,,,,,,
1781647200,7,False,,,,,,,,,,,,
1781647200,8,False,,,,,,,,,,,,
1781647200,9,False,,,,,,,,,,,,
1781647200,10,False,,,,,,,,,,,,
1781650800,1,False,,,,,,,,,,,,
1781650800,2,False,,,,,,,,,,,,
1781650800,3,False,,,,,,,,,,,,
1781650800,4,False,,,,,,,,,,,,
1781650800,5,False,,,,,,,,,,,,
1781650800,6,False,,,,,,,,,,,,
1781650800,7,False,,,,,,,,,,,,
1781650800,8,False,,,,,,,,,,,,
1781650800,9,False,,,,,,,,,,,,
1781650800,10,False,,,,,,,,,,,,
1781654400,1,False,,,,,,,,,,,,
1781654400,2,False,,,,,,,,,,,,
1781654400,3,False,,,,,,,,,,,,
1781654400,4,False,,,,,,,,,,,,
1781654400,5,False,,,,,,,,,,,,
1781654400,6,False,,,,,,,,,,,,
1781654400,7,False,,,,,,,,,,,,
1781654400,8,False,,,,,,,,,,,,
1781654400,9,False,,,,,,,,,,,,
1781654400,10,False,,,,,,,,,,,,
1781658000,1,False,,,,,,,,,,,,
1781658000,2,False,,,,,,,,,,,,
1781658000,3,False,,,,,,,,,,,,
1781658000,4,False,,,,,,,,,,,,
1781658000,5,False,,,,,,,,,,,,
1781658000,6,False,,,,,,,,,,,,
1781658000,7,False,,,,,,,,,,,,
1781658000,8,False,,,,,,,,,,,,
1781658000,9,False,,,,,,,,,,,,
1781658000,10,False,,,,,,,,,,,,
1781661600,1,False,,,,,,,,,,,,
1781661600,2,False,,,,,,,,,,,,
1781661600,3,False,,,,,,,,,,,,
1781661600,4,False,,,,,,,,,,,,
1781661600,5,False,,,,,,,,,,,,
1781661600,6,False,,,,,,,,,,,,
1781661600,7,False,,,,,,,,,,,,
1781661600,8,False,,,,,,,,,,,,
1781661600,9,False,,,,,,,,,,,,
1781661600,10,False,,,,,,,,,,,,
1781665200,1,False,,,,,,,,,,,,
1781665200,2,False,,,,,,,,,,,,
1781665200,3,False,,,,,,,,,,,,
1781665200,4,False,,,,,,,,,,,,
1781665200,5,False,,,,,,,,,,,,
1781665200,6,False,,,,,,,,,,,,
1781665200,7,False,,,,,,,,,,,,
1781665200,8,False,,,,,,,,,,,,
1781665200,9,False,,,,,,,,,,,,
1781665200,10,False,,,,,,,,,,,,
1781668800,1,False,,,,,,,,,,,,
1781668800,2,False,,,,,,,,,,,,
1781668800,3,False,,,,,,,,,,,,
1781668800,4,False,,,,,,,,,,,,
1781668800,5,False,,,,,,,,,,,,
1781668800,6,False,,,,,,,,,,,,
1781668800,7,False,,,,,,,,,,,,
1781668800,8,False,,,,,,,,,,,,
1781668800,9,False,,,,,,,,,,,,
1781668800,10,False,,,,,,,,,,,,
1781672400,1,False,,,,,,,,,,,,
1781672400,2,False,,,,,,,,,,,,
1781672400,3,False,,,,,,,,,,,,
1781672400,4,False,,,,,,,,,,,,
1781672400,5,False,,,,,,,,,,,,
1781672400,6,False,,,,,,,,,,,,
1781672400,7,False,,,,,,,,,,,,
1781672400,8,False,,,,,,,,,,,,
1781672400,9,False,,,,,,,,,,,,
1781672400,10,False,,,,,,,,,,,,
1781676000,1,False,,,,,,,,,,,,
1781676000,2,False,,,,,,,,,,,,
1781676000,3,False,,,,,,,,,,,,
1781676000,4,False,,,,,,,,,,,,
1781676000,5,False,,,,,,,,,,,,
1781676000,6,False,,,,,,,,,,,,
1781676000,7,False,,,,,,,,,,,,
1781676000,8,False,,,,,,,,,,,,
1781676000,9,False,,,,,,,,,,,,
1781676000,10,False,,,,,,,,,,,,
1781679600,1,False,,,,,,,,,,,,
1781679600,2,False,,,,,,,,,,,,
1781679600,3,False,,,,,,,,,,,,
1781679600,4,False,,,,,,,,,,,,
1781679600,5,False,,,,,,,,,,,,
1781679600,6,False,,,,,,,,,,,,
1781679600,7,False,,,,,,,,,,,,
1781679600,8,False,,,,,,,,,,,,
1781679600,9,False,,,,,,,,,,,,
1781679600,10,False,,,,,,,,,,,,
1781683200,1,False,,,,,,,,,,,,
1781683200,2,False,,,,,,,,,,,,
1781683200,3,False,,,,,,,,,,,,
1781683200,4,False,,,,,,,,,,,,
1781683200,5,False,,,,,,,,,,,,
1781683200,6,False,,,,,,,,,,,,
1781683200,7,False,,,,,,,,,,,,
1781683200,8,False,,,,,,,,,,,,
1781683200,9,False,,,,,,,,,,,,
1781683200,10,False,,,,,,,,,,,,
1781686800,1,False,,,,,,,,,,,,
1781686800,2,False,,,,,,,,,,,,
1781686800,3,False,,,,,,,,,,,,
1781686800,4,False,,,,,,,,,,,,
1781686800,5,False,,,,,,,,,,,,
1781686800,6,False,,,,,,,,,,,,
1781686800,7,False,,,,,,,,,,,,
1781686800,8,False,,,,,,,,,,,,
1781686800,9,True,down,0.98,0.9200000017881393,397.510009765625,0.05484799831700323,book_moved_no_edge,0.9400000013411045,0.0,0.0,0.0,True,0.0
1781686800,10,True,down,0.9790647456966572,0.9099999964237213,110.94999694824219,0.06333174906765754,filled,0.9200000017881393,27.173912990662235,25.0,0.13999999687075615,True,2.0339129937914784
1781690400,1,False,,,,,,,,,,,,
1781690400,2,False,,,,,,,,,,,,
1781690400,3,False,,,,,,,,,,,,
1781690400,4,False,,,,,,,,,,,,
1781690400,5,False,,,,,,,,,,,,
1781690400,6,False,,,,,,,,,,,,
1781690400,7,False,,,,,,,,,,,,
1781690400,8,False,,,,,,,,,,,,
1781690400,9,False,,,,,,,,,,,,
1781690400,10,False,,,,,,,,,,,,
1781694000,1,False,,,,,,,,,,,,
1781694000,2,False,,,,,,,,,,,,
1781694000,3,False,,,,,,,,,,,,
1781694000,4,False,,,,,,,,,,,,
1781694000,5,False,,,,,,,,,,,,
1781694000,6,False,,,,,,,,,,,,
1781694000,7,True,up,0.98,0.9200000166893005,16.729999542236328,0.05484798429203033,book_moved_no_edge,0.9700000286102295,0.0,0.0,0.0,True,0.0
1781694000,8,True,up,0.9779618022189254,0.9200000166893005,16.729999542236328,0.05280978651095572,filled,0.9200000166893005,4.230000019073486,3.891600088143349,0.021792955947236917,True,0.3166069749829004
1781694000,9,False,,,,,,,,,,,,
1781694000,10,True,up,0.9641333836053847,0.8999999761581421,63.70000076293945,0.057833406112098605,book_moved_no_edge,0.9200000166893005,0.0,0.0,0.0,True,0.0
1781697600,1,False,,,,,,,,,,,,
1781697600,2,False,,,,,,,,,,,,
1781697600,3,False,,,,,,,,,,,,
1781697600,4,False,,,,,,,,,,,,
1781697600,5,False,,,,,,,,,,,,
1781697600,6,False,,,,,,,,,,,,
1781697600,7,False,,,,,,,,,,,,
1781697600,8,False,,,,,,,,,,,,
1781697600,9,False,,,,,,,,,,,,
1781697600,10,False,,,,,,,,,,,,
1781701200,1,False,,,,,,,,,,,,
1781701200,2,False,,,,,,,,,,,,
1781701200,3,False,,,,,,,,,,,,
1781701200,4,False,,,,,,,,,,,,
1781701200,5,False,,,,,,,,,,,,
1781701200,6,False,,,,,,,,,,,,
1781701200,7,False,,,,,,,,,,,,
1781701200,8,False,,,,,,,,,,,,
1781701200,9,False,,,,,,,,,,,,
1781701200,10,False,,,,,,,,,,,,
1781704800,1,False,,,,,,,,,,,,
1781704800,2,False,,,,,,,,,,,,
1781704800,3,False,,,,,,,,,,,,
1781704800,4,False,,,,,,,,,,,,
1781704800,5,False,,,,,,,,,,,,
1781704800,6,False,,,,,,,,,,,,
1781704800,7,False,,,,,,,,,,,,
1781704800,8,False,,,,,,,,,,,,
1781704800,9,False,,,,,,,,,,,,
1781704800,10,False,,,,,,,,,,,,
1781708400,1,False,,,,,,,,,,,,
1781708400,2,False,,,,,,,,,,,,
1781708400,3,False,,,,,,,,,,,,
1781708400,4,False,,,,,,,,,,,,
1781708400,5,False,,,,,,,,,,,,
1781708400,6,False,,,,,,,,,,,,
1781708400,7,False,,,,,,,,,,,,
1781708400,8,False,,,,,,,,,,,,
1781708400,9,False,,,,,,,,,,,,
1781708400,10,False,,,,,,,,,,,,
1781712000,1,False,,,,,,,,,,,,
1781712000,2,False,,,,,,,,,,,,
1781712000,3,False,,,,,,,,,,,,
1781712000,4,False,,,,,,,,,,,,
1781712000,5,False,,,,,,,,,,,,
1781712000,6,False,,,,,,,,,,,,
1781712000,7,False,,,,,,,,,,,,
1781712000,8,False,,,,,,,,,,,,
1781712000,9,False,,,,,,,,,,,,
1781712000,10,False,,,,,,,,,,,,
1781715600,1,False,,,,,,,,,,,,
1781715600,2,False,,,,,,,,,,,,
1781715600,3,False,,,,,,,,,,,,
1781715600,4,False,,,,,,,,,,,,
1781715600,5,False,,,,,,,,,,,,
1781715600,6,False,,,,,,,,,,,,
1781715600,7,False,,,,,,,,,,,,
1781715600,8,False,,,,,,,,,,,,
1781715600,9,False,,,,,,,,,,,,
1781715600,10,False,,,,,,,,,,,,
1781719200,1,False,,,,,,,,,,,,
1781719200,2,False,,,,,,,,,,,,
1781719200,3,False,,,,,,,,,,,,
1781719200,4,False,,,,,,,,,,,,
1781719200,5,False,,,,,,,,,,,,
1781719200,6,False,,,,,,,,,,,,
1781719200,7,False,,,,,,,,,,,,
1781719200,8,False,,,,,,,,,,,,
1781719200,9,False,,,,,,,,,,,,
1781719200,10,False,,,,,,,,,,,,
1781722800,1,False,,,,,,,,,,,,
1781722800,2,False,,,,,,,,,,,,
1781722800,3,False,,,,,,,,,,,,
1781722800,4,False,,,,,,,,,,,,
1781722800,5,False,,,,,,,,,,,,
1781722800,6,False,,,,,,,,,,,,
1781722800,7,False,,,,,,,,,,,,
1781722800,8,False,,,,,,,,,,,,
1781722800,9,False,,,,,,,,,,,,
1781722800,10,False,,,,,,,,,,,,
1781726400,1,False,,,,,,,,,,,,
1781726400,2,False,,,,,,,,,,,,
1781726400,3,False,,,,,,,,,,,,
1781726400,4,False,,,,,,,,,,,,
1781726400,5,False,,,,,,,,,,,,
1781726400,6,False,,,,,,,,,,,,
1781726400,7,False,,,,,,,,,,,,
1781726400,8,False,,,,,,,,,,,,
1781726400,9,False,,,,,,,,,,,,
1781726400,10,False,,,,,,,,,,,,
1781730000,1,False,,,,,,,,,,,,
1781730000,2,False,,,,,,,,,,,,
1781730000,3,False,,,,,,,,,,,,
1781730000,4,False,,,,,,,,,,,,
1781730000,5,False,,,,,,,,,,,,
1781730000,6,False,,,,,,,,,,,,
1781730000,7,False,,,,,,,,,,,,
1781730000,8,False,,,,,,,,,,,,
1781730000,9,False,,,,,,,,,,,,
1781730000,10,False,,,,,,,,,,,,
1781733600,1,False,,,,,,,,,,,,
1781733600,2,False,,,,,,,,,,,,
1781733600,3,False,,,,,,,,,,,,
1781733600,4,False,,,,,,,,,,,,
1781733600,5,False,,,,,,,,,,,,
1781733600,6,False,,,,,,,,,,,,
1781733600,7,False,,,,,,,,,,,,
1781733600,8,False,,,,,,,,,,,,
1781733600,9,False,,,,,,,,,,,,
1781733600,10,False,,,,,,,,,,,,
1781737200,1,False,,,,,,,,,,,,
1781737200,2,False,,,,,,,,,,,,
1781737200,3,False,,,,,,,,,,,,
1781737200,4,False,,,,,,,,,,,,
1781737200,5,False,,,,,,,,,,,,
1781737200,6,False,,,,,,,,,,,,
1781737200,7,False,,,,,,,,,,,,
1781737200,8,False,,,,,,,,,,,,
1781737200,9,False,,,,,,,,,,,,
1781737200,10,False,,,,,,,,,,,,
1781740800,1,False,,,,,,,,,,,,
1781740800,2,False,,,,,,,,,,,,
1781740800,3,False,,,,,,,,,,,,
1781740800,4,False,,,,,,,,,,,,
1781740800,5,False,,,,,,,,,,,,
1781740800,6,False,,,,,,,,,,,,
1781740800,7,False,,,,,,,,,,,,
1781740800,8,False,,,,,,,,,,,,
1781740800,9,False,,,,,,,,,,,,
1781740800,10,False,,,,,,,,,,,,
1781744400,1,False,,,,,,,,,,,,
1781744400,2,False,,,,,,,,,,,,
1781744400,3,False,,,,,,,,,,,,
1781744400,4,False,,,,,,,,,,,,
1781744400,5,False,,,,,,,,,,,,
1781744400,6,False,,,,,,,,,,,,
1781744400,7,False,,,,,,,,,,,,
1781744400,8,False,,,,,,,,,,,,
1781744400,9,False,,,,,,,,,,,,
1781744400,10,False,,,,,,,,,,,,
1781748000,1,False,,,,,,,,,,,,
1781748000,2,False,,,,,,,,,,,,
1781748000,3,False,,,,,,,,,,,,
1781748000,4,False,,,,,,,,,,,,
1781748000,5,False,,,,,,,,,,,,
1781748000,6,False,,,,,,,,,,,,
1781748000,7,False,,,,,,,,,,,,
1781748000,8,False,,,,,,,,,,,,
1781748000,9,False,,,,,,,,,,,,
1781748000,10,False,,,,,,,,,,,,
1781751600,1,False,,,,,,,,,,,,
1781751600,2,False,,,,,,,,,,,,
1781751600,3,False,,,,,,,,,,,,
1781751600,4,False,,,,,,,,,,,,
1781751600,5,False,,,,,,,,,,,,
1781751600,6,False,,,,,,,,,,,,
1781751600,7,False,,,,,,,,,,,,
1781751600,8,False,,,,,,,,,,,,
1781751600,9,False,,,,,,,,,,,,
1781751600,10,False,,,,,,,,,,,,
1781755200,1,False,,,,,,,,,,,,
1781755200,2,False,,,,,,,,,,,,
1781755200,3,False,,,,,,,,,,,,
1781755200,4,False,,,,,,,,,,,,
1781755200,5,False,,,,,,,,,,,,
1781755200,6,False,,,,,,,,,,,,
1781755200,7,False,,,,,,,,,,,,
1781755200,8,False,,,,,,,,,,,,
1781755200,9,False,,,,,,,,,,,,
1781755200,10,False,,,,,,,,,,,,
1781758800,1,False,,,,,,,,,,,,
1781758800,2,False,,,,,,,,,,,,
1781758800,3,False,,,,,,,,,,,,
1781758800,4,False,,,,,,,,,,,,
1781758800,5,False,,,,,,,,,,,,
1781758800,6,False,,,,,,,,,,,,
1781758800,7,False,,,,,,,,,,,,
1781758800,8,False,,,,,,,,,,,,
1781758800,9,False,,,,,,,,,,,,
1781758800,10,False,,,,,,,,,,,,
1781762400,1,False,,,,,,,,,,,,
1781762400,2,False,,,,,,,,,,,,
1781762400,3,False,,,,,,,,,,,,
1781762400,4,False,,,,,,,,,,,,
1781762400,5,False,,,,,,,,,,,,
1781762400,6,False,,,,,,,,,,,,
1781762400,7,False,,,,,,,,,,,,
1781762400,8,False,,,,,,,,,,,,
1781762400,9,False,,,,,,,,,,,,
1781762400,10,False,,,,,,,,,,,,
1781766000,1,False,,,,,,,,,,,,
1781766000,2,False,,,,,,,,,,,,
1781766000,3,False,,,,,,,,,,,,
1781766000,4,False,,,,,,,,,,,,
1781766000,5,False,,,,,,,,,,,,
1781766000,6,False,,,,,,,,,,,,
1781766000,7,False,,,,,,,,,,,,
1781766000,8,False,,,,,,,,,,,,
1781766000,9,False,,,,,,,,,,,,
1781766000,10,False,,,,,,,,,,,,
1781769600,1,False,,,,,,,,,,,,
1781769600,2,False,,,,,,,,,,,,
1781769600,3,False,,,,,,,,,,,,
1781769600,4,False,,,,,,,,,,,,
1781769600,5,False,,,,,,,,,,,,
1781769600,6,False,,,,,,,,,,,,
1781769600,7,False,,,,,,,,,,,,
1781769600,8,False,,,,,,,,,,,,
1781769600,9,False,,,,,,,,,,,,
1781769600,10,False,,,,,,,,,,,,
1781773200,1,False,,,,,,,,,,,,
1781773200,2,False,,,,,,,,,,,,
1781773200,3,False,,,,,,,,,,,,
1781773200,4,False,,,,,,,,,,,,
1781773200,5,False,,,,,,,,,,,,
1781773200,6,False,,,,,,,,,,,,
1781773200,7,False,,,,,,,,,,,,
1781773200,8,False,,,,,,,,,,,,
1781773200,9,False,,,,,,,,,,,,
1781773200,10,False,,,,,,,,,,,,
1781776800,1,False,,,,,,,,,,,,
1781776800,2,False,,,,,,,,,,,,
1781776800,3,False,,,,,,,,,,,,
1781776800,4,False,,,,,,,,,,,,
1781776800,5,False,,,,,,,,,,,,
1781776800,6,False,,,,,,,,,,,,
1781776800,7,False,,,,,,,,,,,,
1781776800,8,False,,,,,,,,,,,,
1781776800,9,False,,,,,,,,,,,,
1781776800,10,False,,,,,,,,,,,,
1781780400,1,False,,,,,,,,,,,,
1781780400,2,False,,,,,,,,,,,,
1781780400,3,False,,,,,,,,,,,,
1781780400,4,False,,,,,,,,,,,,
1781780400,5,False,,,,,,,,,,,,
1781780400,6,False,,,,,,,,,,,,
1781780400,7,False,,,,,,,,,,,,
1781780400,8,False,,,,,,,,,,,,
1781780400,9,False,,,,,,,,,,,,
1781780400,10,False,,,,,,,,,,,,
1781784000,1,False,,,,,,,,,,,,
1781784000,2,False,,,,,,,,,,,,
1781784000,3,False,,,,,,,,,,,,
1781784000,4,False,,,,,,,,,,,,
1781784000,5,False,,,,,,,,,,,,
1781784000,6,False,,,,,,,,,,,,
1781784000,7,False,,,,,,,,,,,,
1781784000,8,False,,,,,,,,,,,,
1781784000,9,False,,,,,,,,,,,,
1781784000,10,False,,,,,,,,,,,,
1781787600,1,False,,,,,,,,,,,,
1781787600,2,False,,,,,,,,,,,,
1781787600,3,False,,,,,,,,,,,,
1781787600,4,False,,,,,,,,,,,,
1781787600,5,False,,,,,,,,,,,,
1781787600,6,False,,,,,,,,,,,,
1781787600,7,False,,,,,,,,,,,,
1781787600,8,False,,,,,,,,,,,,
1781787600,9,False,,,,,,,,,,,,
1781787600,10,False,,,,,,,,,,,,
1781791200,1,False,,,,,,,,,,,,
1781791200,2,False,,,,,,,,,,,,
1781791200,3,False,,,,,,,,,,,,
1781791200,4,False,,,,,,,,,,,,
1781791200,5,False,,,,,,,,,,,,
1781791200,6,False,,,,,,,,,,,,
1781791200,7,False,,,,,,,,,,,,
1781791200,8,False,,,,,,,,,,,,
1781791200,9,False,,,,,,,,,,,,
1781791200,10,False,,,,,,,,,,,,
1781794800,1,False,,,,,,,,,,,,
1781794800,2,False,,,,,,,,,,,,
1781794800,3,False,,,,,,,,,,,,
1781794800,4,False,,,,,,,,,,,,
1781794800,5,False,,,,,,,,,,,,
1781794800,6,False,,,,,,,,,,,,
1781794800,7,False,,,,,,,,,,,,
1781794800,8,False,,,,,,,,,,,,
1781794800,9,False,,,,,,,,,,,,
1781794800,10,False,,,,,,,,,,,,
1781798400,1,False,,,,,,,,,,,,
1781798400,2,False,,,,,,,,,,,,
1781798400,3,False,,,,,,,,,,,,
1781798400,4,False,,,,,,,,,,,,
1781798400,5,False,,,,,,,,,,,,
1781798400,6,False,,,,,,,,,,,,
1781798400,7,False,,,,,,,,,,,,
1781798400,8,False,,,,,,,,,,,,
1781798400,9,False,,,,,,,,,,,,
1781798400,10,False,,,,,,,,,,,,
1781802000,1,False,,,,,,,,,,,,
1781802000,2,False,,,,,,,,,,,,
1781802000,3,False,,,,,,,,,,,,
1781802000,4,False,,,,,,,,,,,,
1781802000,5,False,,,,,,,,,,,,
1781802000,6,False,,,,,,,,,,,,
1781802000,7,False,,,,,,,,,,,,
1781802000,8,False,,,,,,,,,,,,
1781802000,9,False,,,,,,,,,,,,
1781802000,10,False,,,,,,,,,,,,
1781805600,1,False,,,,,,,,,,,,
1781805600,2,False,,,,,,,,,,,,
1781805600,3,False,,,,,,,,,,,,
1781805600,4,False,,,,,,,,,,,,
1781805600,5,False,,,,,,,,,,,,
1781805600,6,False,,,,,,,,,,,,
1781805600,7,False,,,,,,,,,,,,
1781805600,8,False,,,,,,,,,,,,
1781805600,9,False,,,,,,,,,,,,
1781805600,10,False,,,,,,,,,,,,
1781809200,1,False,,,,,,,,,,,,
1781809200,2,False,,,,,,,,,,,,
1781809200,3,False,,,,,,,,,,,,
1781809200,4,False,,,,,,,,,,,,
1781809200,5,False,,,,,,,,,,,,
1781809200,6,False,,,,,,,,,,,,
1781809200,7,False,,,,,,,,,,,,
1781809200,8,False,,,,,,,,,,,,
1781809200,9,False,,,,,,,,,,,,
1781809200,10,False,,,,,,,,,,,,
1781812800,1,False,,,,,,,,,,,,
1781812800,2,False,,,,,,,,,,,,
1781812800,3,False,,,,,,,,,,,,
1781812800,4,False,,,,,,,,,,,,
1781812800,5,False,,,,,,,,,,,,
1781812800,6,False,,,,,,,,,,,,
1781812800,7,False,,,,,,,,,,,,
1781812800,8,False,,,,,,,,,,,,
1781812800,9,False,,,,,,,,,,,,
1781812800,10,False,,,,,,,,,,,,
1781816400,1,False,,,,,,,,,,,,
1781816400,2,False,,,,,,,,,,,,
1781816400,3,False,,,,,,,,,,,,
1781816400,4,False,,,,,,,,,,,,
1781816400,5,False,,,,,,,,,,,,
1781816400,6,False,,,,,,,,,,,,
1781816400,7,False,,,,,,,,,,,,
1781816400,8,False,,,,,,,,,,,,
1781816400,9,False,,,,,,,,,,,,
1781816400,10,False,,,,,,,,,,,,
1781820000,1,False,,,,,,,,,,,,
1781820000,2,False,,,,,,,,,,,,
1781820000,3,False,,,,,,,,,,,,
1781820000,4,False,,,,,,,,,,,,
1781820000,5,False,,,,,,,,,,,,
1781820000,6,False,,,,,,,,,,,,
1781820000,7,False,,,,,,,,,,,,
1781820000,8,False,,,,,,,,,,,,
1781820000,9,False,,,,,,,,,,,,
1781820000,10,False,,,,,,,,,,,,
1781823600,1,False,,,,,,,,,,,,
1781823600,2,False,,,,,,,,,,,,
1781823600,3,False,,,,,,,,,,,,
1781823600,4,False,,,,,,,,,,,,
1781823600,5,False,,,,,,,,,,,,
1781823600,6,False,,,,,,,,,,,,
1781823600,7,False,,,,,,,,,,,,
1781823600,8,False,,,,,,,,,,,,
1781823600,9,False,,,,,,,,,,,,
1781823600,10,False,,,,,,,,,,,,
1781827200,1,False,,,,,,,,,,,,
1781827200,2,False,,,,,,,,,,,,
1781827200,3,False,,,,,,,,,,,,
1781827200,4,False,,,,,,,,,,,,
1781827200,5,False,,,,,,,,,,,,
1781827200,6,False,,,,,,,,,,,,
1781827200,7,False,,,,,,,,,,,,
1781827200,8,False,,,,,,,,,,,,
1781827200,9,False,,,,,,,,,,,,
1781827200,10,False,,,,,,,,,,,,
1781830800,1,True,up,0.98,0.8399999737739563,9.84000015258789,0.13059202497768405,empty_book,,0.0,0.0,0.0,True,0.0
1781830800,2,True,up,0.9413462874615578,0.8500000238418579,90.0,0.08242126478795096,filled,0.8500000238418579,29.411763880904594,25.0,0.26249995827674866,True,4.149263922627846
1781830800,3,True,up,0.8982962156897122,0.8299999833106995,20.0,0.058419231607967054,book_moved_no_edge,0.8399999737739563,0.0,0.0,0.0,True,0.0
1781830800,4,False,,,,,,,,,,,,
1781830800,5,False,,,,,,,,,,,,
1781830800,6,False,,,,,,,,,,,,
1781830800,7,False,,,,,,,,,,,,
1781830800,8,False,,,,,,,,,,,,
1781830800,9,False,,,,,,,,,,,,
1781830800,10,False,,,,,,,,,,,,
1781834400,1,False,,,,,,,,,,,,
1781834400,2,False,,,,,,,,,,,,
1781834400,3,False,,,,,,,,,,,,
1781834400,4,False,,,,,,,,,,,,
1781834400,5,False,,,,,,,,,,,,
1781834400,6,False,,,,,,,,,,,,
1781834400,7,False,,,,,,,,,,,,
1781834400,8,False,,,,,,,,,,,,
1781834400,9,False,,,,,,,,,,,,
1781834400,10,False,,,,,,,,,,,,
1781838000,1,False,,,,,,,,,,,,
1781838000,2,False,,,,,,,,,,,,
1781838000,3,False,,,,,,,,,,,,
1781838000,4,False,,,,,,,,,,,,
1781838000,5,False,,,,,,,,,,,,
1781838000,6,False,,,,,,,,,,,,
1781838000,7,False,,,,,,,,,,,,
1781838000,8,False,,,,,,,,,,,,
1781838000,9,False,,,,,,,,,,,,
1781838000,10,False,,,,,,,,,,,,
1781841600,1,False,,,,,,,,,,,,
1781841600,2,False,,,,,,,,,,,,
1781841600,3,False,,,,,,,,,,,,
1781841600,4,False,,,,,,,,,,,,
1781841600,5,False,,,,,,,,,,,,
1781841600,6,False,,,,,,,,,,,,
1781841600,7,False,,,,,,,,,,,,
1781841600,8,False,,,,,,,,,,,,
1781841600,9,False,,,,,,,,,,,,
1781841600,10,False,,,,,,,,,,,,
1781845200,1,False,,,,,,,,,,,,
1781845200,2,False,,,,,,,,,,,,
1781845200,3,False,,,,,,,,,,,,
1781845200,4,False,,,,,,,,,,,,
1781845200,5,False,,,,,,,,,,,,
1781845200,6,False,,,,,,,,,,,,
1781845200,7,False,,,,,,,,,,,,
1781845200,8,False,,,,,,,,,,,,
1781845200,9,False,,,,,,,,,,,,
1781845200,10,False,,,,,,,,,,,,
1781848800,1,False,,,,,,,,,,,,
1781848800,2,False,,,,,,,,,,,,
1781848800,3,False,,,,,,,,,,,,
1781848800,4,False,,,,,,,,,,,,
1781848800,5,False,,,,,,,,,,,,
1781848800,6,False,,,,,,,,,,,,
1781848800,7,False,,,,,,,,,,,,
1781848800,8,False,,,,,,,,,,,,
1781848800,9,False,,,,,,,,,,,,
1781848800,10,False,,,,,,,,,,,,
1781852400,1,False,,,,,,,,,,,,
1781852400,2,False,,,,,,,,,,,,
1781852400,3,False,,,,,,,,,,,,
1781852400,4,False,,,,,,,,,,,,
1781852400,5,False,,,,,,,,,,,,
1781852400,6,False,,,,,,,,,,,,
1781852400,7,False,,,,,,,,,,,,
1781852400,8,False,,,,,,,,,,,,
1781852400,9,False,,,,,,,,,,,,
1781852400,10,False,,,,,,,,,,,,
1781856000,1,False,,,,,,,,,,,,
1781856000,2,False,,,,,,,,,,,,
1781856000,3,False,,,,,,,,,,,,
1781856000,4,False,,,,,,,,,,,,
1781856000,5,False,,,,,,,,,,,,
1781856000,6,False,,,,,,,,,,,,
1781856000,7,False,,,,,,,,,,,,
1781856000,8,False,,,,,,,,,,,,
1781856000,9,False,,,,,,,,,,,,
1781856000,10,False,,,,,,,,,,,,
1781859600,1,False,,,,,,,,,,,,
1781859600,2,False,,,,,,,,,,,,
1781859600,3,False,,,,,,,,,,,,
1781859600,4,False,,,,,,,,,,,,
1781859600,5,False,,,,,,,,,,,,
1781859600,6,False,,,,,,,,,,,,
1781859600,7,False,,,,,,,,,,,,
1781859600,8,False,,,,,,,,,,,,
1781859600,9,False,,,,,,,,,,,,
1781859600,10,False,,,,,,,,,,,,
1781863200,1,False,,,,,,,,,,,,
1781863200,2,False,,,,,,,,,,,,
1781863200,3,False,,,,,,,,,,,,
1781863200,4,False,,,,,,,,,,,,
1781863200,5,False,,,,,,,,,,,,
1781863200,6,False,,,,,,,,,,,,
1781863200,7,False,,,,,,,,,,,,
1781863200,8,False,,,,,,,,,,,,
1781863200,9,False,,,,,,,,,,,,
1781863200,10,False,,,,,,,,,,,,
1781866800,1,False,,,,,,,,,,,,
1781866800,2,False,,,,,,,,,,,,
1781866800,3,False,,,,,,,,,,,,
1781866800,4,False,,,,,,,,,,,,
1781866800,5,False,,,,,,,,,,,,
1781866800,6,False,,,,,,,,,,,,
1781866800,7,False,,,,,,,,,,,,
1781866800,8,False,,,,,,,,,,,,
1781866800,9,False,,,,,,,,,,,,
1781866800,10,False,,,,,,,,,,,,
1781870400,1,False,,,,,,,,,,,,
1781870400,2,False,,,,,,,,,,,,
1781870400,3,False,,,,,,,,,,,,
1781870400,4,False,,,,,,,,,,,,
1781870400,5,False,,,,,,,,,,,,
1781870400,6,False,,,,,,,,,,,,
1781870400,7,False,,,,,,,,,,,,
1781870400,8,False,,,,,,,,,,,,
1781870400,9,False,,,,,,,,,,,,
1781870400,10,False,,,,,,,,,,,,
1781874000,1,False,,,,,,,,,,,,
1781874000,2,False,,,,,,,,,,,,
1781874000,3,False,,,,,,,,,,,,
1781874000,4,False,,,,,,,,,,,,
1781874000,5,False,,,,,,,,,,,,
1781874000,6,False,,,,,,,,,,,,
1781874000,7,False,,,,,,,,,,,,
1781874000,8,False,,,,,,,,,,,,
1781874000,9,False,,,,,,,,,,,,
1781874000,10,False,,,,,,,,,,,,
1781877600,1,False,,,,,,,,,,,,
1781877600,2,False,,,,,,,,,,,,
1781877600,3,True,down,0.98,0.8999999985098839,6.579999923706055,0.0737000014066696,empty_book,,0.0,0.0,0.0,True,0.0
1781877600,4,True,down,0.9755669086700641,0.8100000023841858,2.5299999713897705,0.154793906389352,empty_book,,0.0,0.0,0.0,True,0.0
1781877600,5,True,down,0.9609488384256939,0.8100000023841858,5.0,0.14017583614498177,filled,0.8499999940395355,5.0,4.249999970197678,0.04462500146031379,True,0.7053750283420086
1781877600,6,True,down,0.9463879297976172,0.8100000023841858,5.0,0.1256149275169051,filled,0.8100000023841858,2.5299999713897705,2.049299982857704,0.027255689429993634,True,0.4534442991020728
1781877600,7,True,down,0.9320603209859761,0.8400000035762787,9.899999618530273,0.08265231757992832,filled,0.8100000023841858,5.0,4.050000011920929,0.05386499948263169,True,0.8961349885964394
1781877600,8,True,down,0.9184914020430539,0.8499999940395355,33.2599983215332,0.059566407711455625,filled,0.8299999982118607,5.889999866485596,4.888699878650904,0.058175529167863116,True,0.9431244586668286
1781877600,9,False,,,,,,,,,,,,
1781877600,10,False,,,,,,,,,,,,
1781881200,1,True,up,0.98,0.8999999761581421,3.319999933242798,0.07370002250671388,empty_book,,0.0,0.0,0.0,True,0.0
1781881200,2,True,up,0.98,0.8999999761581421,3.319999933242798,0.07370002250671388,empty_book,,0.0,0.0,0.0,True,0.0
1781881200,3,True,up,0.98,0.8799999952316284,16.770000457763672,0.0926080045146942,filled,0.8999999761581421,3.319999933242798,2.9879998607635514,0.02091600401210763,True,0.3110840684671388
1781881200,4,True,up,0.98,0.8799999952316284,16.770000457763672,0.0926080045146942,filled,0.8899999856948853,0.8500000238418579,0.7565000090599057,0.005825050827288635,True,0.0876749639546636
1781881200,5,True,up,0.98,0.8799999952316284,136.5500030517578,0.0926080045146942,filled,0.8799999952316284,16.770000457763672,14.757600322866438,0.12396384763795863,True,1.8884362872592757
1781881200,6,True,up,0.98,0.8799999952316284,67.8499984741211,0.0926080045146942,filled,0.8799999952316284,23.350000381469727,20.54800022435188,0.17260320874319085,True,2.6293969483746547
1781881200,7,True,up,0.98,0.8299999833106995,5.0,0.14012301591825485,filled,0.8799999952316284,28.409091063028526,25.0,0.2100000083446503,True,3.1990910546838762
1781881200,8,True,up,0.98,0.8700000047683716,5.0,0.10208299547863005,filled,0.8700000047683716,5.0,4.350000023841858,0.039584998764991754,True,0.6104149773931503
1781881200,9,True,up,0.9436844769738505,0.8700000047683716,83.4000015258789,0.06576747245248056,filled,0.8799999952316284,28.409091063028526,25.0,0.2100000083446503,True,3.1990910546838762
1781881200,10,True,up,0.8399294652435545,0.7099999785423279,4.360000133514404,0.11551648607037109,book_moved_no_edge,0.8700000047683716,0.0,0.0,0.0,True,0.0
1781884800,1,False,,,,,,,,,,,,
1781884800,2,False,,,,,,,,,,,,
1781884800,3,False,,,,,,,,,,,,
1781884800,4,False,,,,,,,,,,,,
1781884800,5,False,,,,,,,,,,,,
1781884800,6,False,,,,,,,,,,,,
1781884800,7,False,,,,,,,,,,,,
1781884800,8,False,,,,,,,,,,,,
1781884800,9,False,,,,,,,,,,,,
1781884800,10,False,,,,,,,,,,,,
1781888400,1,False,,,,,,,,,,,,
1781888400,2,False,,,,,,,,,,,,
1781888400,3,False,,,,,,,,,,,,
1781888400,4,False,,,,,,,,,,,,
1781888400,5,False,,,,,,,,,,,,
1781888400,6,False,,,,,,,,,,,,
1781888400,7,False,,,,,,,,,,,,
1781888400,8,False,,,,,,,,,,,,
1781888400,9,False,,,,,,,,,,,,
1781888400,10,False,,,,,,,,,,,,
1781892000,1,False,,,,,,,,,,,,
1781892000,2,False,,,,,,,,,,,,
1781892000,3,False,,,,,,,,,,,,
1781892000,4,False,,,,,,,,,,,,
1781892000,5,False,,,,,,,,,,,,
1781892000,6,False,,,,,,,,,,,,
1781892000,7,False,,,,,,,,,,,,
1781892000,8,False,,,,,,,,,,,,
1781892000,9,False,,,,,,,,,,,,
1781892000,10,False,,,,,,,,,,,,
1781895600,1,False,,,,,,,,,,,,
1781895600,2,False,,,,,,,,,,,,
1781895600,3,False,,,,,,,,,,,,
1781895600,4,False,,,,,,,,,,,,
1781895600,5,False,,,,,,,,,,,,
1781895600,6,False,,,,,,,,,,,,
1781895600,7,False,,,,,,,,,,,,
1781895600,8,False,,,,,,,,,,,,
1781895600,9,False,,,,,,,,,,,,
1781895600,10,False,,,,,,,,,,,,
1781899200,1,False,,,,,,,,,,,,
1781899200,2,False,,,,,,,,,,,,
1781899200,3,False,,,,,,,,,,,,
1781899200,4,False,,,,,,,,,,,,
1781899200,5,False,,,,,,,,,,,,
1781899200,6,False,,,,,,,,,,,,
1781899200,7,False,,,,,,,,,,,,
1781899200,8,False,,,,,,,,,,,,
1781899200,9,False,,,,,,,,,,,,
1781899200,10,False,,,,,,,,,,,,
1781902800,1,False,,,,,,,,,,,,
1781902800,2,False,,,,,,,,,,,,
1781902800,3,False,,,,,,,,,,,,
1781902800,4,False,,,,,,,,,,,,
1781902800,5,False,,,,,,,,,,,,
1781902800,6,False,,,,,,,,,,,,
1781902800,7,False,,,,,,,,,,,,
1781902800,8,False,,,,,,,,,,,,
1781902800,9,False,,,,,,,,,,,,
1781902800,10,False,,,,,,,,,,,,
1781906400,1,False,,,,,,,,,,,,
1781906400,2,False,,,,,,,,,,,,
1781906400,3,False,,,,,,,,,,,,
1781906400,4,False,,,,,,,,,,,,
1781906400,5,False,,,,,,,,,,,,
1781906400,6,False,,,,,,,,,,,,
1781906400,7,False,,,,,,,,,,,,
1781906400,8,False,,,,,,,,,,,,
1781906400,9,False,,,,,,,,,,,,
1781906400,10,False,,,,,,,,,,,,
1781910000,1,False,,,,,,,,,,,,
1781910000,2,False,,,,,,,,,,,,
1781910000,3,False,,,,,,,,,,,,
1781910000,4,False,,,,,,,,,,,,
1781910000,5,False,,,,,,,,,,,,
1781910000,6,False,,,,,,,,,,,,
1781910000,7,False,,,,,,,,,,,,
1781910000,8,False,,,,,,,,,,,,
1781910000,9,False,,,,,,,,,,,,
1781910000,10,False,,,,,,,,,,,,
1781913600,1,False,,,,,,,,,,,,
1781913600,2,False,,,,,,,,,,,,
1781913600,3,False,,,,,,,,,,,,
1781913600,4,False,,,,,,,,,,,,
1781913600,5,False,,,,,,,,,,,,
1781913600,6,False,,,,,,,,,,,,
1781913600,7,False,,,,,,,,,,,,
1781913600,8,False,,,,,,,,,,,,
1781913600,9,True,down,0.98,0.8999999985098839,5.0,0.0737000014066696,book_moved_no_edge,0.9299999997019768,0.0,0.0,0.0,True,0.0
1781913600,10,True,down,0.98,0.880000002682209,35.380001068115234,0.09260799746048448,filled,0.9200000017881393,27.173912990662235,25.0,0.13999999687075615,True,2.0339129937914784
1781917200,1,False,,,,,,,,,,,,
1781917200,2,False,,,,,,,,,,,,
1781917200,3,False,,,,,,,,,,,,
1781917200,4,False,,,,,,,,,,,,
1781917200,5,False,,,,,,,,,,,,
1781917200,6,False,,,,,,,,,,,,
1781917200,7,False,,,,,,,,,,,,
1781917200,8,False,,,,,,,,,,,,
1781917200,9,False,,,,,,,,,,,,
1781917200,10,False,,,,,,,,,,,,
1781920800,1,False,,,,,,,,,,,,
1781920800,2,False,,,,,,,,,,,,
1781920800,3,False,,,,,,,,,,,,
1781920800,4,False,,,,,,,,,,,,
1781920800,5,False,,,,,,,,,,,,
1781920800,6,False,,,,,,,,,,,,
1781920800,7,False,,,,,,,,,,,,
1781920800,8,False,,,,,,,,,,,,
1781920800,9,False,,,,,,,,,,,,
1781920800,10,False,,,,,,,,,,,,
1781924400,1,False,,,,,,,,,,,,
1781924400,2,False,,,,,,,,,,,,
1781924400,3,False,,,,,,,,,,,,
1781924400,4,False,,,,,,,,,,,,
1781924400,5,False,,,,,,,,,,,,
1781924400,6,False,,,,,,,,,,,,
1781924400,7,False,,,,,,,,,,,,
1781924400,8,False,,,,,,,,,,,,
1781924400,9,False,,,,,,,,,,,,
1781924400,10,False,,,,,,,,,,,,
1781928000,1,False,,,,,,,,,,,,
1781928000,2,False,,,,,,,,,,,,
1781928000,3,False,,,,,,,,,,,,
1781928000,4,False,,,,,,,,,,,,
1781928000,5,False,,,,,,,,,,,,
1781928000,6,False,,,,,,,,,,,,
1781928000,7,False,,,,,,,,,,,,
1781928000,8,False,,,,,,,,,,,,
1781928000,9,False,,,,,,,,,,,,
1781928000,10,False,,,,,,,,,,,,
1781931600,1,False,,,,,,,,,,,,
1781931600,2,False,,,,,,,,,,,,
1781931600,3,False,,,,,,,,,,,,
1781931600,4,False,,,,,,,,,,,,
1781931600,5,False,,,,,,,,,,,,
1781931600,6,False,,,,,,,,,,,,
1781931600,7,False,,,,,,,,,,,,
1781931600,8,False,,,,,,,,,,,,
1781931600,9,False,,,,,,,,,,,,
1781931600,10,False,,,,,,,,,,,,
1781935200,1,False,,,,,,,,,,,,
1781935200,2,False,,,,,,,,,,,,
1781935200,3,False,,,,,,,,,,,,
1781935200,4,False,,,,,,,,,,,,
1781935200,5,False,,,,,,,,,,,,
1781935200,6,False,,,,,,,,,,,,
1781935200,7,False,,,,,,,,,,,,
1781935200,8,False,,,,,,,,,,,,
1781935200,9,False,,,,,,,,,,,,
1781935200,10,False,,,,,,,,,,,,
1781938800,1,False,,,,,,,,,,,,
1781938800,2,False,,,,,,,,,,,,
1781938800,3,False,,,,,,,,,,,,
1781938800,4,False,,,,,,,,,,,,
1781938800,5,False,,,,,,,,,,,,
1781938800,6,False,,,,,,,,,,,,
1781938800,7,False,,,,,,,,,,,,
1781938800,8,False,,,,,,,,,,,,
1781938800,9,False,,,,,,,,,,,,
1781938800,10,False,,,,,,,,,,,,
1781942400,1,False,,,,,,,,,,,,
1781942400,2,False,,,,,,,,,,,,
1781942400,3,False,,,,,,,,,,,,
1781942400,4,False,,,,,,,,,,,,
1781942400,5,False,,,,,,,,,,,,
1781942400,6,False,,,,,,,,,,,,
1781942400,7,False,,,,,,,,,,,,
1781942400,8,False,,,,,,,,,,,,
1781942400,9,False,,,,,,,,,,,,
1781942400,10,False,,,,,,,,,,,,
1781946000,1,False,,,,,,,,,,,,
1781946000,2,False,,,,,,,,,,,,
1781946000,3,False,,,,,,,,,,,,
1781946000,4,False,,,,,,,,,,,,
1781946000,5,False,,,,,,,,,,,,
1781946000,6,False,,,,,,,,,,,,
1781946000,7,False,,,,,,,,,,,,
1781946000,8,False,,,,,,,,,,,,
1781946000,9,False,,,,,,,,,,,,
1781946000,10,False,,,,,,,,,,,,
1781949600,1,False,,,,,,,,,,,,
1781949600,2,False,,,,,,,,,,,,
1781949600,3,False,,,,,,,,,,,,
1781949600,4,False,,,,,,,,,,,,
1781949600,5,False,,,,,,,,,,,,
1781949600,6,False,,,,,,,,,,,,
1781949600,7,False,,,,,,,,,,,,
1781949600,8,False,,,,,,,,,,,,
1781949600,9,False,,,,,,,,,,,,
1781949600,10,False,,,,,,,,,,,,
1781953200,1,False,,,,,,,,,,,,
1781953200,2,False,,,,,,,,,,,,
1781953200,3,False,,,,,,,,,,,,
1781953200,4,False,,,,,,,,,,,,
1781953200,5,False,,,,,,,,,,,,
1781953200,6,False,,,,,,,,,,,,
1781953200,7,False,,,,,,,,,,,,
1781953200,8,False,,,,,,,,,,,,
1781953200,9,False,,,,,,,,,,,,
1781953200,10,False,,,,,,,,,,,,
1781956800,1,False,,,,,,,,,,,,
1781956800,2,False,,,,,,,,,,,,
1781956800,3,False,,,,,,,,,,,,
1781956800,4,False,,,,,,,,,,,,
1781956800,5,False,,,,,,,,,,,,
1781956800,6,False,,,,,,,,,,,,
1781956800,7,False,,,,,,,,,,,,
1781956800,8,False,,,,,,,,,,,,
1781956800,9,False,,,,,,,,,,,,
1781956800,10,False,,,,,,,,,,,,
1781960400,1,False,,,,,,,,,,,,
1781960400,2,False,,,,,,,,,,,,
1781960400,3,False,,,,,,,,,,,,
1781960400,4,False,,,,,,,,,,,,
1781960400,5,False,,,,,,,,,,,,
1781960400,6,False,,,,,,,,,,,,
1781960400,7,False,,,,,,,,,,,,
1781960400,8,False,,,,,,,,,,,,
1781960400,9,False,,,,,,,,,,,,
1781960400,10,False,,,,,,,,,,,,
1781964000,1,False,,,,,,,,,,,,
1781964000,2,False,,,,,,,,,,,,
1781964000,3,False,,,,,,,,,,,,
1781964000,4,False,,,,,,,,,,,,
1781964000,5,False,,,,,,,,,,,,
1781964000,6,False,,,,,,,,,,,,
1781964000,7,False,,,,,,,,,,,,
1781964000,8,False,,,,,,,,,,,,
1781964000,9,False,,,,,,,,,,,,
1781964000,10,False,,,,,,,,,,,,
1781967600,1,False,,,,,,,,,,,,
1781967600,2,False,,,,,,,,,,,,
1781967600,3,False,,,,,,,,,,,,
1781967600,4,False,,,,,,,,,,,,
1781967600,5,False,,,,,,,,,,,,
1781967600,6,False,,,,,,,,,,,,
1781967600,7,False,,,,,,,,,,,,
1781967600,8,False,,,,,,,,,,,,
1781967600,9,False,,,,,,,,,,,,
1781967600,10,False,,,,,,,,,,,,
1781971200,1,False,,,,,,,,,,,,
1781971200,2,False,,,,,,,,,,,,
1781971200,3,False,,,,,,,,,,,,
1781971200,4,False,,,,,,,,,,,,
1781971200,5,False,,,,,,,,,,,,
1781971200,6,False,,,,,,,,,,,,
1781971200,7,False,,,,,,,,,,,,
1781971200,8,False,,,,,,,,,,,,
1781971200,9,False,,,,,,,,,,,,
1781971200,10,False,,,,,,,,,,,,
1781974800,1,False,,,,,,,,,,,,
1781974800,2,False,,,,,,,,,,,,
1781974800,3,False,,,,,,,,,,,,
1781974800,4,False,,,,,,,,,,,,
1781974800,5,False,,,,,,,,,,,,
1781974800,6,False,,,,,,,,,,,,
1781974800,7,False,,,,,,,,,,,,
1781974800,8,False,,,,,,,,,,,,
1781974800,9,False,,,,,,,,,,,,
1781974800,10,False,,,,,,,,,,,,
1781978400,1,False,,,,,,,,,,,,
1781978400,2,False,,,,,,,,,,,,
1781978400,3,False,,,,,,,,,,,,
1781978400,4,False,,,,,,,,,,,,
1781978400,5,False,,,,,,,,,,,,
1781978400,6,False,,,,,,,,,,,,
1781978400,7,False,,,,,,,,,,,,
1781978400,8,False,,,,,,,,,,,,
1781978400,9,False,,,,,,,,,,,,
1781978400,10,False,,,,,,,,,,,,
1781982000,1,False,,,,,,,,,,,,
1781982000,2,False,,,,,,,,,,,,
1781982000,3,False,,,,,,,,,,,,
1781982000,4,False,,,,,,,,,,,,
1781982000,5,False,,,,,,,,,,,,
1781982000,6,False,,,,,,,,,,,,
1781982000,7,False,,,,,,,,,,,,
1781982000,8,False,,,,,,,,,,,,
1781982000,9,False,,,,,,,,,,,,
1781982000,10,False,,,,,,,,,,,,
1781985600,1,False,,,,,,,,,,,,
1781985600,2,False,,,,,,,,,,,,
1781985600,3,False,,,,,,,,,,,,
1781985600,4,False,,,,,,,,,,,,
1781985600,5,False,,,,,,,,,,,,
1781985600,6,False,,,,,,,,,,,,
1781985600,7,False,,,,,,,,,,,,
1781985600,8,False,,,,,,,,,,,,
1781985600,9,False,,,,,,,,,,,,
1781985600,10,False,,,,,,,,,,,,
1781989200,1,False,,,,,,,,,,,,
1781989200,2,False,,,,,,,,,,,,
1781989200,3,False,,,,,,,,,,,,
1781989200,4,False,,,,,,,,,,,,
1781989200,5,False,,,,,,,,,,,,
1781989200,6,False,,,,,,,,,,,,
1781989200,7,False,,,,,,,,,,,,
1781989200,8,False,,,,,,,,,,,,
1781989200,9,False,,,,,,,,,,,,
1781989200,10,False,,,,,,,,,,,,
1781992800,1,False,,,,,,,,,,,,
1781992800,2,False,,,,,,,,,,,,
1781992800,3,False,,,,,,,,,,,,
1781992800,4,False,,,,,,,,,,,,
1781992800,5,False,,,,,,,,,,,,
1781992800,6,False,,,,,,,,,,,,
1781992800,7,False,,,,,,,,,,,,
1781992800,8,False,,,,,,,,,,,,
1781992800,9,False,,,,,,,,,,,,
1781992800,10,False,,,,,,,,,,,,
1781996400,1,False,,,,,,,,,,,,
1781996400,2,False,,,,,,,,,,,,
1781996400,3,False,,,,,,,,,,,,
1781996400,4,False,,,,,,,,,,,,
1781996400,5,False,,,,,,,,,,,,
1781996400,6,False,,,,,,,,,,,,
1781996400,7,False,,,,,,,,,,,,
1781996400,8,False,,,,,,,,,,,,
1781996400,9,False,,,,,,,,,,,,
1781996400,10,False,,,,,,,,,,,,
1782000000,1,False,,,,,,,,,,,,
1782000000,2,False,,,,,,,,,,,,
1782000000,3,False,,,,,,,,,,,,
1782000000,4,False,,,,,,,,,,,,
1782000000,5,False,,,,,,,,,,,,
1782000000,6,False,,,,,,,,,,,,
1782000000,7,False,,,,,,,,,,,,
1782000000,8,False,,,,,,,,,,,,
1782000000,9,False,,,,,,,,,,,,
1782000000,10,False,,,,,,,,,,,,
1782003600,1,False,,,,,,,,,,,,
1782003600,2,False,,,,,,,,,,,,
1782003600,3,False,,,,,,,,,,,,
1782003600,4,False,,,,,,,,,,,,
1782003600,5,False,,,,,,,,,,,,
1782003600,6,False,,,,,,,,,,,,
1782003600,7,False,,,,,,,,,,,,
1782003600,8,False,,,,,,,,,,,,
1782003600,9,False,,,,,,,,,,,,
1782003600,10,False,,,,,,,,,,,,
1782007200,1,False,,,,,,,,,,,,
1782007200,2,False,,,,,,,,,,,,
1782007200,3,False,,,,,,,,,,,,
1782007200,4,False,,,,,,,,,,,,
1782007200,5,False,,,,,,,,,,,,
1782007200,6,False,,,,,,,,,,,,
1782007200,7,False,,,,,,,,,,,,
1782007200,8,False,,,,,,,,,,,,
1782007200,9,False,,,,,,,,,,,,
1782007200,10,False,,,,,,,,,,,,
1782010800,1,False,,,,,,,,,,,,
1782010800,2,False,,,,,,,,,,,,
1782010800,3,False,,,,,,,,,,,,
1782010800,4,False,,,,,,,,,,,,
1782010800,5,False,,,,,,,,,,,,
1782010800,6,False,,,,,,,,,,,,
1782010800,7,False,,,,,,,,,,,,
1782010800,8,False,,,,,,,,,,,,
1782010800,9,False,,,,,,,,,,,,
1782010800,10,False,,,,,,,,,,,,
1782014400,1,False,,,,,,,,,,,,
1782014400,2,False,,,,,,,,,,,,
1782014400,3,False,,,,,,,,,,,,
1782014400,4,False,,,,,,,,,,,,
1782014400,5,False,,,,,,,,,,,,
1782014400,6,False,,,,,,,,,,,,
1782014400,7,False,,,,,,,,,,,,
1782014400,8,False,,,,,,,,,,,,
1782014400,9,False,,,,,,,,,,,,
1782014400,10,False,,,,,,,,,,,,
1782018000,1,False,,,,,,,,,,,,
1782018000,2,False,,,,,,,,,,,,
1782018000,3,False,,,,,,,,,,,,
1782018000,4,False,,,,,,,,,,,,
1782018000,5,False,,,,,,,,,,,,
1782018000,6,False,,,,,,,,,,,,
1782018000,7,False,,,,,,,,,,,,
1782018000,8,False,,,,,,,,,,,,
1782018000,9,False,,,,,,,,,,,,
1782018000,10,False,,,,,,,,,,,,
1782021600,1,False,,,,,,,,,,,,
1782021600,2,False,,,,,,,,,,,,
1782021600,3,False,,,,,,,,,,,,
1782021600,4,False,,,,,,,,,,,,
1782021600,5,False,,,,,,,,,,,,
1782021600,6,False,,,,,,,,,,,,
1782021600,7,False,,,,,,,,,,,,
1782021600,8,False,,,,,,,,,,,,
1782021600,9,False,,,,,,,,,,,,
1782021600,10,False,,,,,,,,,,,,
1782025200,1,False,,,,,,,,,,,,
1782025200,2,False,,,,,,,,,,,,
1782025200,3,False,,,,,,,,,,,,
1782025200,4,False,,,,,,,,,,,,
1782025200,5,False,,,,,,,,,,,,
1782025200,6,False,,,,,,,,,,,,
1782025200,7,False,,,,,,,,,,,,
1782025200,8,False,,,,,,,,,,,,
1782025200,9,False,,,,,,,,,,,,
1782025200,10,False,,,,,,,,,,,,
1782028800,1,False,,,,,,,,,,,,
1782028800,2,False,,,,,,,,,,,,
1782028800,3,False,,,,,,,,,,,,
1782028800,4,False,,,,,,,,,,,,
1782028800,5,False,,,,,,,,,,,,
1782028800,6,False,,,,,,,,,,,,
1782028800,7,False,,,,,,,,,,,,
1782028800,8,False,,,,,,,,,,,,
1782028800,9,False,,,,,,,,,,,,
1782028800,10,False,,,,,,,,,,,,
1782032400,1,False,,,,,,,,,,,,
1782032400,2,False,,,,,,,,,,,,
1782032400,3,False,,,,,,,,,,,,
1782032400,4,False,,,,,,,,,,,,
1782032400,5,False,,,,,,,,,,,,
1782032400,6,False,,,,,,,,,,,,
1782032400,7,False,,,,,,,,,,,,
1782032400,8,False,,,,,,,,,,,,
1782032400,9,False,,,,,,,,,,,,
1782032400,10,False,,,,,,,,,,,,
1782036000,1,False,,,,,,,,,,,,
1782036000,2,False,,,,,,,,,,,,
1782036000,3,False,,,,,,,,,,,,
1782036000,4,False,,,,,,,,,,,,
1782036000,5,False,,,,,,,,,,,,
1782036000,6,False,,,,,,,,,,,,
1782036000,7,False,,,,,,,,,,,,
1782036000,8,False,,,,,,,,,,,,
1782036000,9,False,,,,,,,,,,,,
1782036000,10,False,,,,,,,,,,,,
1782039600,1,False,,,,,,,,,,,,
1782039600,2,False,,,,,,,,,,,,
1782039600,3,False,,,,,,,,,,,,
1782039600,4,False,,,,,,,,,,,,
1782039600,5,False,,,,,,,,,,,,
1782039600,6,False,,,,,,,,,,,,
1782039600,7,False,,,,,,,,,,,,
1782039600,8,False,,,,,,,,,,,,
1782039600,9,False,,,,,,,,,,,,
1782039600,10,False,,,,,,,,,,,,
1782043200,1,False,,,,,,,,,,,,
1782043200,2,False,,,,,,,,,,,,
1782043200,3,False,,,,,,,,,,,,
1782043200,4,False,,,,,,,,,,,,
1782043200,5,False,,,,,,,,,,,,
1782043200,6,False,,,,,,,,,,,,
1782043200,7,False,,,,,,,,,,,,
1782043200,8,False,,,,,,,,,,,,
1782043200,9,False,,,,,,,,,,,,
1782043200,10,False,,,,,,,,,,,,
1782046800,1,False,,,,,,,,,,,,
1782046800,2,False,,,,,,,,,,,,
1782046800,3,False,,,,,,,,,,,,
1782046800,4,False,,,,,,,,,,,,
1782046800,5,False,,,,,,,,,,,,
1782046800,6,False,,,,,,,,,,,,
1782046800,7,False,,,,,,,,,,,,
1782046800,8,False,,,,,,,,,,,,
1782046800,9,False,,,,,,,,,,,,
1782046800,10,False,,,,,,,,,,,,
1782050400,1,True,up,0.4927941466577117,0.3100000023841858,3.2200000286102295,0.16782114421010658,book_moved_no_edge,0.0010000000474974513,0.0,0.0,0.0,False,0.0
1782050400,2,False,,,,,,,,,,,,
1782050400,3,True,up,0.49722633749155526,0.33000001311302185,5.0,0.1517493240664435,book_moved_no_edge,0.28999999165534973,0.0,0.0,0.0,False,0.0
1782050400,4,False,,,,,,,,,,,,
1782050400,5,False,,,,,,,,,,,,
1782050400,6,False,,,,,,,,,,,,
1782050400,7,False,,,,,,,,,,,,
1782050400,8,False,,,,,,,,,,,,
1782050400,9,False,,,,,,,,,,,,
1782050400,10,False,,,,,,,,,,,,
1782054000,1,False,,,,,,,,,,,,
1782054000,2,False,,,,,,,,,,,,
1782054000,3,False,,,,,,,,,,,,
1782054000,4,False,,,,,,,,,,,,
1782054000,5,False,,,,,,,,,,,,
1782054000,6,False,,,,,,,,,,,,
1782054000,7,False,,,,,,,,,,,,
1782054000,8,False,,,,,,,,,,,,
1782054000,9,False,,,,,,,,,,,,
1782054000,10,False,,,,,,,,,,,,
1782057600,1,False,,,,,,,,,,,,
1782057600,2,False,,,,,,,,,,,,
1782057600,3,False,,,,,,,,,,,,
1782057600,4,False,,,,,,,,,,,,
1782057600,5,False,,,,,,,,,,,,
1782057600,6,False,,,,,,,,,,,,
1782057600,7,False,,,,,,,,,,,,
1782057600,8,False,,,,,,,,,,,,
1782057600,9,False,,,,,,,,,,,,
1782057600,10,False,,,,,,,,,,,,
1782061200,1,False,,,,,,,,,,,,
1782061200,2,False,,,,,,,,,,,,
1782061200,3,True,up,0.958243698877574,0.8299999833106995,5.0,0.11836671479582886,book_moved_no_edge,0.949999988079071,0.0,0.0,0.0,True,0.0
1782061200,4,True,up,0.9330371808523326,0.8700000047683716,5.0,0.055120176330962625,book_moved_no_edge,0.9100000262260437,0.0,0.0,0.0,True,0.0
1782061200,5,False,,,,,,,,,,,,
1782061200,6,False,,,,,,,,,,,,
1782061200,7,True,up,0.8717761357820273,0.8100000023841858,5.0,0.051003133501315155,book_moved_no_edge,0.859000027179718,0.0,0.0,0.0,True,0.0
1782061200,8,True,up,0.8553839430295407,0.7820000052452087,19.600000381469727,0.061450617991412784,book_moved_no_edge,0.8330000042915344,0.0,0.0,0.0,True,0.0
1782061200,9,False,,,,,,,,,,,,
1782061200,10,False,,,,,,,,,,,,
1782064800,1,False,,,,,,,,,,,,
1782064800,2,False,,,,,,,,,,,,
1782064800,3,False,,,,,,,,,,,,
1782064800,4,False,,,,,,,,,,,,
1782064800,5,False,,,,,,,,,,,,
1782064800,6,False,,,,,,,,,,,,
1782064800,7,False,,,,,,,,,,,,
1782064800,8,False,,,,,,,,,,,,
1782064800,9,False,,,,,,,,,,,,
1782064800,10,False,,,,,,,,,,,,
1782068400,1,False,,,,,,,,,,,,
1782068400,2,True,down,0.98,0.8700000047683716,5.0,0.10208299547863005,book_moved_no_edge,0.9299999997019768,0.0,0.0,0.0,True,0.0
1782068400,3,False,,,,,,,,,,,,
1782068400,4,True,down,0.98,0.8400000035762787,55.70000076293945,0.13059199659395215,filled,0.8700000047683716,5.0,4.350000023841858,0.039584998764991754,True,0.6104149773931503
1782068400,5,True,down,0.98,0.8400000035762787,259.5400085449219,0.13059199659395215,filled,0.8299999982118607,9.140000343322754,7.5862002686142915,0.09027578414607289,True,1.4635242905623895
1782068400,6,True,up,0.9277953367996408,0.4000000059604645,102.80000305175781,0.5109953307557298,book_moved_no_edge,0.17000000178813934,0.0,0.0,0.0,False,0.0
1782068400,7,True,up,0.9126873241592162,0.41999998688697815,102.4000015258789,0.47563533741910385,filled,0.3799999952316284,19.600000381469727,7.448000051498411,0.3232432047210693,False,-7.77124325621948
1782068400,8,True,up,0.8968899457252777,0.5,102.80000305175781,0.3793899457252777,filled,0.4000000059604645,62.49999906867744,25.0,1.0499999895691874,False,-26.049999989569187
1782068400,9,True,up,0.8833177450312678,0.5600000023841858,102.80000305175781,0.3060697426671092,filled,0.4399999976158142,56.81818212605705,25.0,0.9800000041723254,False,-25.980000004172325
1782068400,10,True,up,0.98,0.8999999761581421,35.29999923706055,0.07370002250671388,filled,0.5199999809265137,48.07692484037417,25.0,0.8400000333786011,False,-25.8400000333786
1782072000,1,False,,,,,,,,,,,,
1782072000,2,False,,,,,,,,,,,,
1782072000,3,False,,,,,,,,,,,,
1782072000,4,False,,,,,,,,,,,,
1782072000,5,False,,,,,,,,,,,,
1782072000,6,False,,,,,,,,,,,,
1782072000,7,False,,,,,,,,,,,,
1782072000,8,False,,,,,,,,,,,,
1782072000,9,False,,,,,,,,,,,,
1782072000,10,False,,,,,,,,,,,,
1782075600,1,False,,,,,,,,,,,,
1782075600,2,False,,,,,,,,,,,,
1782075600,3,False,,,,,,,,,,,,
1782075600,4,False,,,,,,,,,,,,
1782075600,5,False,,,,,,,,,,,,
1782075600,6,False,,,,,,,,,,,,
1782075600,7,False,,,,,,,,,,,,
1782075600,8,False,,,,,,,,,,,,
1782075600,9,False,,,,,,,,,,,,
1782075600,10,False,,,,,,,,,,,,
1782079200,1,False,,,,,,,,,,,,
1782079200,2,True,down,0.98,0.8499999940395355,9.800000190734863,0.12107500566840171,book_moved_no_edge,0.9400000013411045,0.0,0.0,0.0,True,0.0
1782079200,3,True,down,0.98,0.8499999940395355,14.800000190734863,0.12107500566840171,book_moved_no_edge,0.9400000013411045,0.0,0.0,0.0,True,0.0
1782079200,4,True,down,0.98,0.8499999940395355,19.799999237060547,0.12107500566840171,filled,0.8499999940395355,9.800000190734863,8.33000010371208,0.08746500456452375,True,1.3825350824582587
1782079200,5,True,down,0.98,0.8100000023841858,63.70000076293945,0.15922699771928786,filled,0.8499999940395355,14.800000190734863,12.580000073909758,0.13209000602483753,True,2.0879101108002676
1782079200,6,True,down,0.98,0.7900000065565109,100.48999786376953,0.17838699370968342,filled,0.8499999940395355,19.799999237060547,16.829999233484273,0.17671499897360776,True,2.7932850046026663
1782079200,7,True,down,0.9735982756667684,0.8199999928474426,88.5999984741211,0.14326628249889117,filled,0.8100000023841858,30.864197440017307,25.0,0.3324999958276749,True,5.531697444189632
1782079200,8,True,down,0.9649645966071618,0.7900000065565109,83.19999694824219,0.16335159031684526,filled,0.8199999928474426,30.48780514398265,25.0,0.3150000125169754,True,5.172805131465676
1782079200,9,True,down,0.9561682790778994,0.7800000011920929,88.19999694824219,0.1641562779325365,filled,0.8100000023841858,30.864197440017307,25.0,0.3324999958276749,True,5.531697444189632
1782079200,10,True,down,0.9476779526010344,0.7699999958276749,88.19999694824219,0.16528095661564562,filled,0.7800000011920929,32.0512820022973,25.0,0.3849999979138375,True,6.666282004383461
1782082800,1,False,,,,,,,,,,,,
1782082800,2,False,,,,,,,,,,,,
1782082800,3,False,,,,,,,,,,,,
1782082800,4,False,,,,,,,,,,,,
1782082800,5,False,,,,,,,,,,,,
1782082800,6,False,,,,,,,,,,,,
1782082800,7,False,,,,,,,,,,,,
1782082800,8,False,,,,,,,,,,,,
1782082800,9,False,,,,,,,,,,,,
1782082800,10,False,,,,,,,,,,,,
1782086400,1,False,,,,,,,,,,,,
1782086400,2,False,,,,,,,,,,,,
1782086400,3,False,,,,,,,,,,,,
1782086400,4,False,,,,,,,,,,,,
1782086400,5,False,,,,,,,,,,,,
1782086400,6,False,,,,,,,,,,,,
1782086400,7,False,,,,,,,,,,,,
1782086400,8,False,,,,,,,,,,,,
1782086400,9,False,,,,,,,,,,,,
1782086400,10,False,,,,,,,,,,,,
1782090000,1,False,,,,,,,,,,,,
1782090000,2,False,,,,,,,,,,,,
1782090000,3,False,,,,,,,,,,,,
1782090000,4,False,,,,,,,,,,,,
1782090000,5,False,,,,,,,,,,,,
1782090000,6,False,,,,,,,,,,,,
1782090000,7,False,,,,,,,,,,,,
1782090000,8,False,,,,,,,,,,,,
1782090000,9,False,,,,,,,,,,,,
1782090000,10,False,,,,,,,,,,,,
1782093600,1,False,,,,,,,,,,,,
1782093600,2,False,,,,,,,,,,,,
1782093600,3,False,,,,,,,,,,,,
1782093600,4,False,,,,,,,,,,,,
1782093600,5,False,,,,,,,,,,,,
1782093600,6,False,,,,,,,,,,,,
1782093600,7,False,,,,,,,,,,,,
1782093600,8,False,,,,,,,,,,,,
1782093600,9,False,,,,,,,,,,,,
1782093600,10,False,,,,,,,,,,,,
1782097200,1,False,,,,,,,,,,,,
1782097200,2,False,,,,,,,,,,,,
1782097200,3,False,,,,,,,,,,,,
1782097200,4,False,,,,,,,,,,,,
1782097200,5,False,,,,,,,,,,,,
1782097200,6,False,,,,,,,,,,,,
1782097200,7,False,,,,,,,,,,,,
1782097200,8,False,,,,,,,,,,,,
1782097200,9,False,,,,,,,,,,,,
1782097200,10,False,,,,,,,,,,,,
1782100800,1,False,,,,,,,,,,,,
1782100800,2,False,,,,,,,,,,,,
1782100800,3,False,,,,,,,,,,,,
1782100800,4,False,,,,,,,,,,,,
1782100800,5,False,,,,,,,,,,,,
1782100800,6,False,,,,,,,,,,,,
1782100800,7,False,,,,,,,,,,,,
1782100800,8,False,,,,,,,,,,,,
1782100800,9,False,,,,,,,,,,,,
1782100800,10,False,,,,,,,,,,,,
1782104400,1,False,,,,,,,,,,,,
1782104400,2,False,,,,,,,,,,,,
1782104400,3,False,,,,,,,,,,,,
1782104400,4,False,,,,,,,,,,,,
1782104400,5,False,,,,,,,,,,,,
1782104400,6,False,,,,,,,,,,,,
1782104400,7,False,,,,,,,,,,,,
1782104400,8,False,,,,,,,,,,,,
1782104400,9,False,,,,,,,,,,,,
1782104400,10,False,,,,,,,,,,,,
1782108000,1,False,,,,,,,,,,,,
1782108000,2,False,,,,,,,,,,,,
1782108000,3,False,,,,,,,,,,,,
1782108000,4,False,,,,,,,,,,,,
1782108000,5,False,,,,,,,,,,,,
1782108000,6,False,,,,,,,,,,,,
1782108000,7,False,,,,,,,,,,,,
1782108000,8,False,,,,,,,,,,,,
1782108000,9,False,,,,,,,,,,,,
1782108000,10,False,,,,,,,,,,,,
1782111600,1,False,,,,,,,,,,,,
1782111600,2,False,,,,,,,,,,,,
1782111600,3,False,,,,,,,,,,,,
1782111600,4,False,,,,,,,,,,,,
1782111600,5,False,,,,,,,,,,,,
1782111600,6,False,,,,,,,,,,,,
1782111600,7,False,,,,,,,,,,,,
1782111600,8,False,,,,,,,,,,,,
1782111600,9,False,,,,,,,,,,,,
1782111600,10,False,,,,,,,,,,,,
1782115200,1,False,,,,,,,,,,,,
1782115200,2,False,,,,,,,,,,,,
1782115200,3,False,,,,,,,,,,,,
1782115200,4,False,,,,,,,,,,,,
1782115200,5,False,,,,,,,,,,,,
1782115200,6,False,,,,,,,,,,,,
1782115200,7,False,,,,,,,,,,,,
1782115200,8,False,,,,,,,,,,,,
1782115200,9,False,,,,,,,,,,,,
1782115200,10,False,,,,,,,,,,,,
1782118800,1,False,,,,,,,,,,,,
1782118800,2,False,,,,,,,,,,,,
1782118800,3,False,,,,,,,,,,,,
1782118800,4,False,,,,,,,,,,,,
1782118800,5,False,,,,,,,,,,,,
1782118800,6,False,,,,,,,,,,,,
1782118800,7,False,,,,,,,,,,,,
1782118800,8,False,,,,,,,,,,,,
1782118800,9,False,,,,,,,,,,,,
1782118800,10,False,,,,,,,,,,,,
1782122400,1,False,,,,,,,,,,,,
1782122400,2,False,,,,,,,,,,,,
1782122400,3,False,,,,,,,,,,,,
1782122400,4,False,,,,,,,,,,,,
1782122400,5,False,,,,,,,,,,,,
1782122400,6,False,,,,,,,,,,,,
1782122400,7,False,,,,,,,,,,,,
1782122400,8,False,,,,,,,,,,,,
1782122400,9,False,,,,,,,,,,,,
1782122400,10,False,,,,,,,,,,,,
1782126000,1,False,,,,,,,,,,,,
1782126000,2,False,,,,,,,,,,,,
1782126000,3,False,,,,,,,,,,,,
1782126000,4,False,,,,,,,,,,,,
1782126000,5,False,,,,,,,,,,,,
1782126000,6,False,,,,,,,,,,,,
1782126000,7,False,,,,,,,,,,,,
1782126000,8,False,,,,,,,,,,,,
1782126000,9,False,,,,,,,,,,,,
1782126000,10,False,,,,,,,,,,,,
1782129600,1,False,,,,,,,,,,,,
1782129600,2,False,,,,,,,,,,,,
1782129600,3,False,,,,,,,,,,,,
1782129600,4,False,,,,,,,,,,,,
1782129600,5,False,,,,,,,,,,,,
1782129600,6,False,,,,,,,,,,,,
1782129600,7,False,,,,,,,,,,,,
1782129600,8,False,,,,,,,,,,,,
1782129600,9,False,,,,,,,,,,,,
1782129600,10,False,,,,,,,,,,,,
1782133200,1,False,,,,,,,,,,,,
1782133200,2,False,,,,,,,,,,,,
1782133200,3,False,,,,,,,,,,,,
1782133200,4,False,,,,,,,,,,,,
1782133200,5,False,,,,,,,,,,,,
1782133200,6,False,,,,,,,,,,,,
1782133200,7,False,,,,,,,,,,,,
1782133200,8,False,,,,,,,,,,,,
1782133200,9,False,,,,,,,,,,,,
1782133200,10,False,,,,,,,,,,,,
1782136800,1,False,,,,,,,,,,,,
1782136800,2,False,,,,,,,,,,,,
1782136800,3,False,,,,,,,,,,,,
1782136800,4,False,,,,,,,,,,,,
1782136800,5,False,,,,,,,,,,,,
1782136800,6,False,,,,,,,,,,,,
1782136800,7,False,,,,,,,,,,,,
1782136800,8,False,,,,,,,,,,,,
1782136800,9,False,,,,,,,,,,,,
1782136800,10,False,,,,,,,,,,,,
1782140400,1,False,,,,,,,,,,,,
1782140400,2,False,,,,,,,,,,,,
1782140400,3,False,,,,,,,,,,,,
1782140400,4,False,,,,,,,,,,,,
1782140400,5,False,,,,,,,,,,,,
1782140400,6,False,,,,,,,,,,,,
1782140400,7,False,,,,,,,,,,,,
1782140400,8,False,,,,,,,,,,,,
1782140400,9,False,,,,,,,,,,,,
1782140400,10,False,,,,,,,,,,,,
1782144000,1,False,,,,,,,,,,,,
1782144000,2,False,,,,,,,,,,,,
1782144000,3,False,,,,,,,,,,,,
1782144000,4,False,,,,,,,,,,,,
1782144000,5,False,,,,,,,,,,,,
1782144000,6,False,,,,,,,,,,,,
1782144000,7,False,,,,,,,,,,,,
1782144000,8,False,,,,,,,,,,,,
1782144000,9,False,,,,,,,,,,,,
1782144000,10,False,,,,,,,,,,,,
1782147600,1,False,,,,,,,,,,,,
1782147600,2,False,,,,,,,,,,,,
1782147600,3,False,,,,,,,,,,,,
1782147600,4,False,,,,,,,,,,,,
1782147600,5,False,,,,,,,,,,,,
1782147600,6,False,,,,,,,,,,,,
1782147600,7,False,,,,,,,,,,,,
1782147600,8,False,,,,,,,,,,,,
1782147600,9,False,,,,,,,,,,,,
1782147600,10,False,,,,,,,,,,,,
1782151200,1,False,,,,,,,,,,,,
1782151200,2,False,,,,,,,,,,,,
1782151200,3,False,,,,,,,,,,,,
1782151200,4,False,,,,,,,,,,,,
1782151200,5,False,,,,,,,,,,,,
1782151200,6,False,,,,,,,,,,,,
1782151200,7,False,,,,,,,,,,,,
1782151200,8,False,,,,,,,,,,,,
1782151200,9,False,,,,,,,,,,,,
1782151200,10,False,,,,,,,,,,,,
1782154800,1,False,,,,,,,,,,,,
1782154800,2,False,,,,,,,,,,,,
1782154800,3,False,,,,,,,,,,,,
1782154800,4,False,,,,,,,,,,,,
1782154800,5,False,,,,,,,,,,,,
1782154800,6,False,,,,,,,,,,,,
1782154800,7,False,,,,,,,,,,,,
1782154800,8,False,,,,,,,,,,,,
1782154800,9,False,,,,,,,,,,,,
1782154800,10,False,,,,,,,,,,,,
1782158400,1,False,,,,,,,,,,,,
1782158400,2,False,,,,,,,,,,,,
1782158400,3,False,,,,,,,,,,,,
1782158400,4,False,,,,,,,,,,,,
1782158400,5,False,,,,,,,,,,,,
1782158400,6,False,,,,,,,,,,,,
1782158400,7,False,,,,,,,,,,,,
1782158400,8,False,,,,,,,,,,,,
1782158400,9,False,,,,,,,,,,,,
1782158400,10,False,,,,,,,,,,,,
1782162000,1,False,,,,,,,,,,,,
1782162000,2,False,,,,,,,,,,,,
1782162000,3,False,,,,,,,,,,,,
1782162000,4,False,,,,,,,,,,,,
1782162000,5,False,,,,,,,,,,,,
1782162000,6,False,,,,,,,,,,,,
1782162000,7,False,,,,,,,,,,,,
1782162000,8,False,,,,,,,,,,,,
1782162000,9,False,,,,,,,,,,,,
1782162000,10,False,,,,,,,,,,,,
1782165600,1,False,,,,,,,,,,,,
1782165600,2,False,,,,,,,,,,,,
1782165600,3,False,,,,,,,,,,,,
1782165600,4,False,,,,,,,,,,,,
1782165600,5,False,,,,,,,,,,,,
1782165600,6,False,,,,,,,,,,,,
1782165600,7,False,,,,,,,,,,,,
1782165600,8,False,,,,,,,,,,,,
1782165600,9,False,,,,,,,,,,,,
1782165600,10,False,,,,,,,,,,,,
1782169200,1,False,,,,,,,,,,,,
1782169200,2,False,,,,,,,,,,,,
1782169200,3,False,,,,,,,,,,,,
1782169200,4,False,,,,,,,,,,,,
1782169200,5,False,,,,,,,,,,,,
1782169200,6,False,,,,,,,,,,,,
1782169200,7,False,,,,,,,,,,,,
1782169200,8,False,,,,,,,,,,,,
1782169200,9,False,,,,,,,,,,,,
1782169200,10,False,,,,,,,,,,,,
1782172800,1,False,,,,,,,,,,,,
1782172800,2,False,,,,,,,,,,,,
1782172800,3,False,,,,,,,,,,,,
1782172800,4,False,,,,,,,,,,,,
1782172800,5,False,,,,,,,,,,,,
1782172800,6,False,,,,,,,,,,,,
1782172800,7,False,,,,,,,,,,,,
1782172800,8,False,,,,,,,,,,,,
1782172800,9,False,,,,,,,,,,,,
1782172800,10,False,,,,,,,,,,,,
1782176400,1,False,,,,,,,,,,,,
1782176400,2,False,,,,,,,,,,,,
1782176400,3,False,,,,,,,,,,,,
1782176400,4,False,,,,,,,,,,,,
1782176400,5,True,up,0.7768808416096613,0.6800000071525574,12.0,0.08164883463734839,book_moved_no_edge,0.8500000238418579,0.0,0.0,0.0,True,0.0
1782176400,6,True,up,0.8376112698487163,0.7400000095367432,6.0,0.08414326063240767,filled,0.5899999737739563,5.0,2.9499998688697815,0.08466500165224053,True,1.965335129477978
1782176400,7,True,up,0.8195255641676934,0.7200000286102295,6.0,0.08541353643865904,filled,0.7459999918937683,9.119999885559082,6.803519840698243,0.12096658662817834,True,2.1955134582326608
1782176400,8,True,up,0.8779464936445348,0.7570000290870667,34.29999923706055,0.10806989560402087,filled,0.7300000190734863,6.0,4.380000114440918,0.0827819963150023,True,1.5372178892440798
1782176400,9,True,up,0.8639343325946693,0.7509999871253967,23.1200008392334,0.09984441501685906,filled,0.7599999904632568,32.894737254879814,24.999999999999996,0.4200000166893006,True,7.474737238190517
1782176400,10,True,up,0.8384941325882871,0.7369999885559082,4.960000038146973,0.08792597365266393,filled,0.7509999871253967,33.28894863992278,25.0,0.4357500225305558,True,7.8531986173922235
1782180000,1,False,,,,,,,,,,,,
1782180000,2,False,,,,,,,,,,,,
1782180000,3,False,,,,,,,,,,,,
1782180000,4,False,,,,,,,,,,,,
1782180000,5,False,,,,,,,,,,,,
1782180000,6,False,,,,,,,,,,,,
1782180000,7,False,,,,,,,,,,,,
1782180000,8,False,,,,,,,,,,,,
1782180000,9,False,,,,,,,,,,,,
1782180000,10,False,,,,,,,,,,,,
1782183600,1,False,,,,,,,,,,,,
1782183600,2,False,,,,,,,,,,,,
1782183600,3,False,,,,,,,,,,,,
1782183600,4,False,,,,,,,,,,,,
1782183600,5,False,,,,,,,,,,,,
1782183600,6,False,,,,,,,,,,,,
1782183600,7,False,,,,,,,,,,,,
1782183600,8,False,,,,,,,,,,,,
1782183600,9,False,,,,,,,,,,,,
1782183600,10,False,,,,,,,,,,,,
1782187200,1,False,,,,,,,,,,,,
1782187200,2,False,,,,,,,,,,,,
1782187200,3,False,,,,,,,,,,,,
1782187200,4,False,,,,,,,,,,,,
1782187200,5,False,,,,,,,,,,,,
1782187200,6,False,,,,,,,,,,,,
1782187200,7,False,,,,,,,,,,,,
1782187200,8,False,,,,,,,,,,,,
1782187200,9,False,,,,,,,,,,,,
1782187200,10,False,,,,,,,,,,,,
1782190800,1,False,,,,,,,,,,,,
1782190800,2,False,,,,,,,,,,,,
1782190800,3,False,,,,,,,,,,,,
1782190800,4,False,,,,,,,,,,,,
1782190800,5,False,,,,,,,,,,,,
1782190800,6,False,,,,,,,,,,,,
1782190800,7,False,,,,,,,,,,,,
1782190800,8,False,,,,,,,,,,,,
1782190800,9,False,,,,,,,,,,,,
1782190800,10,False,,,,,,,,,,,,
1782194400,1,False,,,,,,,,,,,,
1782194400,2,False,,,,,,,,,,,,
1782194400,3,False,,,,,,,,,,,,
1782194400,4,False,,,,,,,,,,,,
1782194400,5,False,,,,,,,,,,,,
1782194400,6,False,,,,,,,,,,,,
1782194400,7,False,,,,,,,,,,,,
1782194400,8,False,,,,,,,,,,,,
1782194400,9,False,,,,,,,,,,,,
1782194400,10,False,,,,,,,,,,,,
1782201600,1,False,,,,,,,,,,,,
1782201600,2,False,,,,,,,,,,,,
1782201600,3,False,,,,,,,,,,,,
1782201600,4,False,,,,,,,,,,,,
1782201600,5,False,,,,,,,,,,,,
1782201600,6,False,,,,,,,,,,,,
1782201600,7,False,,,,,,,,,,,,
1782201600,8,False,,,,,,,,,,,,
1782201600,9,False,,,,,,,,,,,,
1782201600,10,False,,,,,,,,,,,,
1782205200,1,False,,,,,,,,,,,,
1782205200,2,False,,,,,,,,,,,,
1782205200,3,False,,,,,,,,,,,,
1782205200,4,True,down,0.5014257961464896,0.3100000023841858,5.0,0.1764527936988845,book_moved_no_edge,0.25999999046325684,0.0,0.0,0.0,False,0.0
1782205200,5,True,down,0.5012752713852149,0.3199999928474426,94.1500015258789,0.1660432787180167,book_moved_no_edge,0.25999999046325684,0.0,0.0,0.0,False,0.0
1782205200,6,True,down,0.6150734955353734,0.32999998331069946,102.30000305175781,0.2695965126218793,filled,0.3100000023841858,5.0,1.550000011920929,0.07486500031709671,False,-1.6248650122380257
1782205200,7,True,down,0.6077936981865182,0.3399999737739563,76.62999725341797,0.2520857250000253,filled,0.3199999928474426,74.55000305175781,23.856000443339326,1.135545633047151,False,-24.991546076386477
1782205200,8,True,down,0.6000086232972133,0.36000001430511475,29.399999618530273,0.22388060871171828,filled,0.32999998331069946,48.400001525878906,15.971999695777868,0.7490868043912873,False,-16.721086500169154
1782205200,9,True,down,0.5953271259671342,0.3500000238418579,47.22999954223633,0.22940210162459734,filled,0.3399999737739563,57.029998779296875,19.390198089289697,0.8958271873221568,False,-20.286025276611856
1782205200,10,True,down,0.6752436721686664,0.3799999952316284,82.8499984741211,0.27875167701714665,filled,0.3399999737739563,58.9900016784668,20.05659902360435,0.926614911710888,False,-20.983213935315238
1782208800,1,False,,,,,,,,,,,,
1782208800,2,False,,,,,,,,,,,,
1782208800,3,False,,,,,,,,,,,,
1782208800,4,False,,,,,,,,,,,,
1782208800,5,False,,,,,,,,,,,,
1782208800,6,False,,,,,,,,,,,,
1782208800,7,False,,,,,,,,,,,,
1782208800,8,False,,,,,,,,,,,,
1782208800,9,False,,,,,,,,,,,,
1782208800,10,False,,,,,,,,,,,,
1782212400,1,False,,,,,,,,,,,,
1782212400,2,False,,,,,,,,,,,,
1782212400,3,False,,,,,,,,,,,,
1782212400,4,False,,,,,,,,,,,,
1782212400,5,False,,,,,,,,,,,,
1782212400,6,False,,,,,,,,,,,,
1782212400,7,False,,,,,,,,,,,,
1782212400,8,False,,,,,,,,,,,,
1782212400,9,False,,,,,,,,,,,,
1782212400,10,False,,,,,,,,,,,,
1782216000,1,False,,,,,,,,,,,,
1782216000,2,False,,,,,,,,,,,,
1782216000,3,False,,,,,,,,,,,,
1782216000,4,False,,,,,,,,,,,,
1782216000,5,False,,,,,,,,,,,,
1782216000,6,False,,,,,,,,,,,,
1782216000,7,False,,,,,,,,,,,,
1782216000,8,False,,,,,,,,,,,,
1782216000,9,False,,,,,,,,,,,,
1782216000,10,False,,,,,,,,,,,,
1782219600,1,False,,,,,,,,,,,,
1782219600,2,False,,,,,,,,,,,,
1782219600,3,False,,,,,,,,,,,,
1782219600,4,False,,,,,,,,,,,,
1782219600,5,False,,,,,,,,,,,,
1782219600,6,False,,,,,,,,,,,,
1782219600,7,False,,,,,,,,,,,,
1782219600,8,False,,,,,,,,,,,,
1782219600,9,False,,,,,,,,,,,,
1782219600,10,False,,,,,,,,,,,,
1782223200,1,False,,,,,,,,,,,,
1782223200,2,False,,,,,,,,,,,,
1782223200,3,False,,,,,,,,,,,,
1782223200,4,False,,,,,,,,,,,,
1782223200,5,False,,,,,,,,,,,,
1782223200,6,False,,,,,,,,,,,,
1782223200,7,False,,,,,,,,,,,,
1782223200,8,False,,,,,,,,,,,,
1782223200,9,False,,,,,,,,,,,,
1782223200,10,False,,,,,,,,,,,,
1782226800,1,False,,,,,,,,,,,,
1782226800,2,False,,,,,,,,,,,,
1782226800,3,False,,,,,,,,,,,,
1782226800,4,False,,,,,,,,,,,,
1782226800,5,False,,,,,,,,,,,,
1782226800,6,True,down,0.98,0.8830000013113022,19.600000381469727,0.08976822875900982,book_moved_no_edge,0.9470000006258488,0.0,0.0,0.0,True,0.0
1782226800,7,True,down,0.98,0.8700000047683716,34.29999923706055,0.10208299547863005,filled,0.9079999998211861,19.600000381469727,17.79680034286976,0.11461139443084337,True,1.6885886441691247
1782226800,8,True,down,0.98,0.8599999994039536,34.29999923706055,0.11157200056600569,filled,0.8769999966025352,28.50627149013575,25.0,0.21525000594556332,True,3.2910214841901855
1782226800,9,True,down,0.98,0.8830000013113022,19.600000381469727,0.08976822875900982,filled,0.8560000061988831,19.600000381469727,16.777600448036196,0.16911820523603804,True,2.6532817281974923
1782226800,10,True,down,0.9791823265299588,0.8769999966025352,34.29999923706055,0.09463135974810541,filled,0.880000002682209,28.409090822501,25.0,0.20999999530613425,True,3.1990908271948655
1782230400,1,False,,,,,,,,,,,,
1782230400,2,False,,,,,,,,,,,,
1782230400,3,False,,,,,,,,,,,,
1782230400,4,False,,,,,,,,,,,,
1782230400,5,False,,,,,,,,,,,,
1782230400,6,False,,,,,,,,,,,,
1782230400,7,False,,,,,,,,,,,,
1782230400,8,False,,,,,,,,,,,,
1782230400,9,False,,,,,,,,,,,,
1782230400,10,False,,,,,,,,,,,,
1782234000,1,False,,,,,,,,,,,,
1782234000,2,False,,,,,,,,,,,,
1782234000,3,False,,,,,,,,,,,,
1782234000,4,False,,,,,,,,,,,,
1782234000,5,False,,,,,,,,,,,,
1782234000,6,False,,,,,,,,,,,,
1782234000,7,False,,,,,,,,,,,,
1782234000,8,False,,,,,,,,,,,,
1782234000,9,False,,,,,,,,,,,,
1782234000,10,False,,,,,,,,,,,,
1782237600,1,False,,,,,,,,,,,,
1782237600,2,False,,,,,,,,,,,,
1782237600,3,False,,,,,,,,,,,,
1782237600,4,False,,,,,,,,,,,,
1782237600,5,False,,,,,,,,,,,,
1782237600,6,False,,,,,,,,,,,,
1782237600,7,False,,,,,,,,,,,,
1782237600,8,False,,,,,,,,,,,,
1782237600,9,False,,,,,,,,,,,,
1782237600,10,False,,,,,,,,,,,,
1782241200,1,False,,,,,,,,,,,,
1782241200,2,False,,,,,,,,,,,,
1782241200,3,False,,,,,,,,,,,,
1782241200,4,False,,,,,,,,,,,,
1782241200,5,False,,,,,,,,,,,,
1782241200,6,False,,,,,,,,,,,,
1782241200,7,False,,,,,,,,,,,,
1782241200,8,False,,,,,,,,,,,,
1782241200,9,False,,,,,,,,,,,,
1782241200,10,False,,,,,,,,,,,,
1782244800,1,False,,,,,,,,,,,,
1782244800,2,False,,,,,,,,,,,,
1782244800,3,False,,,,,,,,,,,,
1782244800,4,False,,,,,,,,,,,,
1782244800,5,False,,,,,,,,,,,,
1782244800,6,False,,,,,,,,,,,,
1782244800,7,False,,,,,,,,,,,,
1782244800,8,False,,,,,,,,,,,,
1782244800,9,False,,,,,,,,,,,,
1782244800,10,False,,,,,,,,,,,,
1782248400,1,False,,,,,,,,,,,,
1782248400,2,False,,,,,,,,,,,,
1782248400,3,False,,,,,,,,,,,,
1782248400,4,False,,,,,,,,,,,,
1782248400,5,False,,,,,,,,,,,,
1782248400,6,False,,,,,,,,,,,,
1782248400,7,False,,,,,,,,,,,,
1782248400,8,False,,,,,,,,,,,,
1782248400,9,False,,,,,,,,,,,,
1782248400,10,False,,,,,,,,,,,,
1782252000,1,True,down,0.98,0.9200000017881393,150.97999572753906,0.05484799831700323,empty_book,,0.0,0.0,0.0,True,0.0
1782252000,2,True,down,0.98,0.9200000017881393,204.3699951171875,0.05484799831700323,book_moved_no_edge,0.9900000002235174,0.0,0.0,0.0,True,0.0
1782252000,3,True,down,0.98,0.9200000017881393,214.5399932861328,0.05484799831700323,filled,0.9200000017881393,27.173912990662235,25.0,0.13999999687075615,True,2.0339129937914784
1782252000,4,True,down,0.98,0.9200000017881393,214.5399932861328,0.05484799831700323,filled,0.9200000017881393,27.173912990662235,25.0,0.13999999687075615,True,2.0339129937914784
1782252000,5,True,down,0.98,0.9200000017881393,219.5399932861328,0.05484799831700323,filled,0.9200000017881393,27.173912990662235,25.0,0.13999999687075615,True,2.0339129937914784
1782252000,6,True,down,0.9726215975805644,0.9099999964237213,5.0,0.05688860095156473,book_moved_no_edge,0.9200000017881393,0.0,0.0,0.0,True,0.0
1782252000,7,True,down,0.9623233753870922,0.8900000005960464,5.0,0.06547037482358992,book_moved_no_edge,0.9200000017881393,0.0,0.0,0.0,True,0.0
1782252000,8,True,down,0.9520608069414747,0.880000002682209,23.799999237060547,0.06466880440195916,book_moved_no_edge,0.9099999964237213,0.0,0.0,0.0,True,0.0
1782252000,9,True,down,0.9415976300978774,0.8700000047683716,5.0,0.06368062557650751,book_moved_no_edge,0.8900000005960464,0.0,0.0,0.0,True,0.0
1782252000,10,True,down,0.9316042482487426,0.8499999940395355,5.0,0.07267925391714428,filled,0.8700000047683716,5.0,4.350000023841858,0.039584998764991754,True,0.6104149773931503
1782255600,1,False,,,,,,,,,,,,
1782255600,2,False,,,,,,,,,,,,
1782255600,3,False,,,,,,,,,,,,
1782255600,4,False,,,,,,,,,,,,
1782255600,5,False,,,,,,,,,,,,
1782255600,6,False,,,,,,,,,,,,
1782255600,7,False,,,,,,,,,,,,
1782255600,8,False,,,,,,,,,,,,
1782255600,9,False,,,,,,,,,,,,
1782255600,10,False,,,,,,,,,,,,
1782259200,1,False,,,,,,,,,,,,
1782259200,2,False,,,,,,,,,,,,
1782259200,3,False,,,,,,,,,,,,
1782259200,4,False,,,,,,,,,,,,
1782259200,5,False,,,,,,,,,,,,
1782259200,6,False,,,,,,,,,,,,
1782259200,7,False,,,,,,,,,,,,
1782259200,8,False,,,,,,,,,,,,
1782259200,9,False,,,,,,,,,,,,
1782259200,10,False,,,,,,,,,,,,
1782262800,1,False,,,,,,,,,,,,
1782262800,2,False,,,,,,,,,,,,
1782262800,3,False,,,,,,,,,,,,
1782262800,4,False,,,,,,,,,,,,
1782262800,5,False,,,,,,,,,,,,
1782262800,6,False,,,,,,,,,,,,
1782262800,7,False,,,,,,,,,,,,
1782262800,8,False,,,,,,,,,,,,
1782262800,9,False,,,,,,,,,,,,
1782262800,10,False,,,,,,,,,,,,
1782266400,1,False,,,,,,,,,,,,
1782266400,2,False,,,,,,,,,,,,
1782266400,3,False,,,,,,,,,,,,
1782266400,4,False,,,,,,,,,,,,
1782266400,5,False,,,,,,,,,,,,
1782266400,6,False,,,,,,,,,,,,
1782266400,7,False,,,,,,,,,,,,
1782266400,8,False,,,,,,,,,,,,
1782266400,9,False,,,,,,,,,,,,
1782266400,10,False,,,,,,,,,,,,
1782270000,1,False,,,,,,,,,,,,
1782270000,2,False,,,,,,,,,,,,
1782270000,3,False,,,,,,,,,,,,
1782270000,4,False,,,,,,,,,,,,
1782270000,5,False,,,,,,,,,,,,
1782270000,6,False,,,,,,,,,,,,
1782270000,7,False,,,,,,,,,,,,
1782270000,8,False,,,,,,,,,,,,
1782270000,9,False,,,,,,,,,,,,
1782270000,10,False,,,,,,,,,,,,
1782273600,1,False,,,,,,,,,,,,
1782273600,2,False,,,,,,,,,,,,
1782273600,3,False,,,,,,,,,,,,
1782273600,4,False,,,,,,,,,,,,
1782273600,5,False,,,,,,,,,,,,
1782273600,6,False,,,,,,,,,,,,
1782273600,7,False,,,,,,,,,,,,
1782273600,8,False,,,,,,,,,,,,
1782273600,9,False,,,,,,,,,,,,
1782273600,10,False,,,,,,,,,,,,
1782277200,1,False,,,,,,,,,,,,
1782277200,2,False,,,,,,,,,,,,
1782277200,3,False,,,,,,,,,,,,
1782277200,4,False,,,,,,,,,,,,
1782277200,5,False,,,,,,,,,,,,
1782277200,6,False,,,,,,,,,,,,
1782277200,7,False,,,,,,,,,,,,
1782277200,8,False,,,,,,,,,,,,
1782277200,9,False,,,,,,,,,,,,
1782277200,10,False,,,,,,,,,,,,
1782280800,1,False,,,,,,,,,,,,
1782280800,2,False,,,,,,,,,,,,
1782280800,3,False,,,,,,,,,,,,
1782280800,4,False,,,,,,,,,,,,
1782280800,5,False,,,,,,,,,,,,
1782280800,6,False,,,,,,,,,,,,
1782280800,7,False,,,,,,,,,,,,
1782280800,8,False,,,,,,,,,,,,
1782280800,9,False,,,,,,,,,,,,
1782280800,10,False,,,,,,,,,,,,
1782284400,1,False,,,,,,,,,,,,
1782284400,2,False,,,,,,,,,,,,
1782284400,3,False,,,,,,,,,,,,
1782284400,4,False,,,,,,,,,,,,
1782284400,5,False,,,,,,,,,,,,
1782284400,6,False,,,,,,,,,,,,
1782284400,7,False,,,,,,,,,,,,
1782284400,8,False,,,,,,,,,,,,
1782284400,9,False,,,,,,,,,,,,
1782284400,10,False,,,,,,,,,,,,
1782288000,1,False,,,,,,,,,,,,
1782288000,2,False,,,,,,,,,,,,
1782288000,3,False,,,,,,,,,,,,
1782288000,4,False,,,,,,,,,,,,
1782288000,5,False,,,,,,,,,,,,
1782288000,6,False,,,,,,,,,,,,
1782288000,7,False,,,,,,,,,,,,
1782288000,8,False,,,,,,,,,,,,
1782288000,9,False,,,,,,,,,,,,
1782288000,10,False,,,,,,,,,,,,
1782291600,1,False,,,,,,,,,,,,
1782291600,2,False,,,,,,,,,,,,
1782291600,3,False,,,,,,,,,,,,
1782291600,4,False,,,,,,,,,,,,
1782291600,5,False,,,,,,,,,,,,
1782291600,6,False,,,,,,,,,,,,
1782291600,7,False,,,,,,,,,,,,
1782291600,8,False,,,,,,,,,,,,
1782291600,9,False,,,,,,,,,,,,
1782291600,10,False,,,,,,,,,,,,
1782295200,1,False,,,,,,,,,,,,
1782295200,2,False,,,,,,,,,,,,
1782295200,3,False,,,,,,,,,,,,
1782295200,4,False,,,,,,,,,,,,
1782295200,5,False,,,,,,,,,,,,
1782295200,6,False,,,,,,,,,,,,
1782295200,7,False,,,,,,,,,,,,
1782295200,8,False,,,,,,,,,,,,
1782295200,9,False,,,,,,,,,,,,
1782295200,10,False,,,,,,,,,,,,
1782298800,1,False,,,,,,,,,,,,
1782298800,2,False,,,,,,,,,,,,
1782298800,3,False,,,,,,,,,,,,
1782298800,4,False,,,,,,,,,,,,
1782298800,5,False,,,,,,,,,,,,
1782298800,6,False,,,,,,,,,,,,
1782298800,7,False,,,,,,,,,,,,
1782298800,8,False,,,,,,,,,,,,
1782298800,9,False,,,,,,,,,,,,
1782298800,10,False,,,,,,,,,,,,
1782302400,1,False,,,,,,,,,,,,
1782302400,2,False,,,,,,,,,,,,
1782302400,3,False,,,,,,,,,,,,
1782302400,4,False,,,,,,,,,,,,
1782302400,5,False,,,,,,,,,,,,
1782302400,6,False,,,,,,,,,,,,
1782302400,7,False,,,,,,,,,,,,
1782302400,8,False,,,,,,,,,,,,
1782302400,9,False,,,,,,,,,,,,
1782302400,10,False,,,,,,,,,,,,
1782306000,1,False,,,,,,,,,,,,
1782306000,2,False,,,,,,,,,,,,
1782306000,3,False,,,,,,,,,,,,
1782306000,4,False,,,,,,,,,,,,
1782306000,5,False,,,,,,,,,,,,
1782306000,6,False,,,,,,,,,,,,
1782306000,7,False,,,,,,,,,,,,
1782306000,8,False,,,,,,,,,,,,
1782306000,9,False,,,,,,,,,,,,
1782306000,10,False,,,,,,,,,,,,
1782309600,1,False,,,,,,,,,,,,
1782309600,2,False,,,,,,,,,,,,
1782309600,3,False,,,,,,,,,,,,
1782309600,4,False,,,,,,,,,,,,
1782309600,5,False,,,,,,,,,,,,
1782309600,6,False,,,,,,,,,,,,
1782309600,7,False,,,,,,,,,,,,
1782309600,8,False,,,,,,,,,,,,
1782309600,9,False,,,,,,,,,,,,
1782309600,10,False,,,,,,,,,,,,
1782313200,1,False,,,,,,,,,,,,
1782313200,2,False,,,,,,,,,,,,
1782313200,3,False,,,,,,,,,,,,
1782313200,4,False,,,,,,,,,,,,
1782313200,5,False,,,,,,,,,,,,
1782313200,6,False,,,,,,,,,,,,
1782313200,7,False,,,,,,,,,,,,
1782313200,8,False,,,,,,,,,,,,
1782313200,9,False,,,,,,,,,,,,
1782313200,10,False,,,,,,,,,,,,
1782316800,1,False,,,,,,,,,,,,
1782316800,2,False,,,,,,,,,,,,
1782316800,3,False,,,,,,,,,,,,
1782316800,4,False,,,,,,,,,,,,
1782316800,5,False,,,,,,,,,,,,
1782316800,6,False,,,,,,,,,,,,
1782316800,7,False,,,,,,,,,,,,
1782316800,8,False,,,,,,,,,,,,
1782316800,9,False,,,,,,,,,,,,
1782316800,10,False,,,,,,,,,,,,
1782320400,1,False,,,,,,,,,,,,
1782320400,2,False,,,,,,,,,,,,
1782320400,3,False,,,,,,,,,,,,
1782320400,4,False,,,,,,,,,,,,
1782320400,5,False,,,,,,,,,,,,
1782320400,6,False,,,,,,,,,,,,
1782320400,7,False,,,,,,,,,,,,
1782320400,8,False,,,,,,,,,,,,
1782320400,9,False,,,,,,,,,,,,
1782320400,10,False,,,,,,,,,,,,
1782324000,1,False,,,,,,,,,,,,
1782324000,2,False,,,,,,,,,,,,
1782324000,3,False,,,,,,,,,,,,
1782324000,4,False,,,,,,,,,,,,
1782324000,5,False,,,,,,,,,,,,
1782324000,6,False,,,,,,,,,,,,
1782324000,7,False,,,,,,,,,,,,
1782324000,8,False,,,,,,,,,,,,
1782324000,9,False,,,,,,,,,,,,
1782324000,10,False,,,,,,,,,,,,
1782327600,1,False,,,,,,,,,,,,
1782327600,2,False,,,,,,,,,,,,
1782327600,3,False,,,,,,,,,,,,
1782327600,4,False,,,,,,,,,,,,
1782327600,5,False,,,,,,,,,,,,
1782327600,6,False,,,,,,,,,,,,
1782327600,7,False,,,,,,,,,,,,
1782327600,8,False,,,,,,,,,,,,
1782327600,9,False,,,,,,,,,,,,
1782327600,10,False,,,,,,,,,,,,
1782331200,1,False,,,,,,,,,,,,
1782331200,2,False,,,,,,,,,,,,
1782331200,3,False,,,,,,,,,,,,
1782331200,4,False,,,,,,,,,,,,
1782331200,5,False,,,,,,,,,,,,
1782331200,6,False,,,,,,,,,,,,
1782331200,7,False,,,,,,,,,,,,
1782331200,8,False,,,,,,,,,,,,
1782331200,9,False,,,,,,,,,,,,
1782331200,10,False,,,,,,,,,,,,
1782334800,1,False,,,,,,,,,,,,
1782334800,2,False,,,,,,,,,,,,
1782334800,3,False,,,,,,,,,,,,
1782334800,4,False,,,,,,,,,,,,
1782334800,5,False,,,,,,,,,,,,
1782334800,6,False,,,,,,,,,,,,
1782334800,7,False,,,,,,,,,,,,
1782334800,8,False,,,,,,,,,,,,
1782334800,9,False,,,,,,,,,,,,
1782334800,10,False,,,,,,,,,,,,
1782338400,1,False,,,,,,,,,,,,
1782338400,2,False,,,,,,,,,,,,
1782338400,3,False,,,,,,,,,,,,
1782338400,4,False,,,,,,,,,,,,
1782338400,5,False,,,,,,,,,,,,
1782338400,6,False,,,,,,,,,,,,
1782338400,7,False,,,,,,,,,,,,
1782338400,8,False,,,,,,,,,,,,
1782338400,9,False,,,,,,,,,,,,
1782338400,10,False,,,,,,,,,,,,
1782342000,1,False,,,,,,,,,,,,
1782342000,2,False,,,,,,,,,,,,
1782342000,3,False,,,,,,,,,,,,
1782342000,4,False,,,,,,,,,,,,
1782342000,5,False,,,,,,,,,,,,
1782342000,6,False,,,,,,,,,,,,
1782342000,7,False,,,,,,,,,,,,
1782342000,8,False,,,,,,,,,,,,
1782342000,9,False,,,,,,,,,,,,
1782342000,10,False,,,,,,,,,,,,
1782345600,1,False,,,,,,,,,,,,
1782345600,2,False,,,,,,,,,,,,
1782345600,3,False,,,,,,,,,,,,
1782345600,4,False,,,,,,,,,,,,
1782345600,5,False,,,,,,,,,,,,
1782345600,6,False,,,,,,,,,,,,
1782345600,7,False,,,,,,,,,,,,
1782345600,8,False,,,,,,,,,,,,
1782345600,9,False,,,,,,,,,,,,
1782345600,10,False,,,,,,,,,,,,
1782349200,1,False,,,,,,,,,,,,
1782349200,2,False,,,,,,,,,,,,
1782349200,3,False,,,,,,,,,,,,
1782349200,4,False,,,,,,,,,,,,
1782349200,5,False,,,,,,,,,,,,
1782349200,6,False,,,,,,,,,,,,
1782349200,7,False,,,,,,,,,,,,
1782349200,8,False,,,,,,,,,,,,
1782349200,9,False,,,,,,,,,,,,
1782349200,10,False,,,,,,,,,,,,
1782352800,1,False,,,,,,,,,,,,
1782352800,2,False,,,,,,,,,,,,
1782352800,3,False,,,,,,,,,,,,
1782352800,4,False,,,,,,,,,,,,
1782352800,5,False,,,,,,,,,,,,
1782352800,6,False,,,,,,,,,,,,
1782352800,7,False,,,,,,,,,,,,
1782352800,8,False,,,,,,,,,,,,
1782352800,9,False,,,,,,,,,,,,
1782352800,10,False,,,,,,,,,,,,
1782356400,1,False,,,,,,,,,,,,
1782356400,2,False,,,,,,,,,,,,
1782356400,3,False,,,,,,,,,,,,
1782356400,4,False,,,,,,,,,,,,
1782356400,5,False,,,,,,,,,,,,
1782356400,6,False,,,,,,,,,,,,
1782356400,7,False,,,,,,,,,,,,
1782356400,8,False,,,,,,,,,,,,
1782356400,9,False,,,,,,,,,,,,
1782356400,10,False,,,,,,,,,,,,
1782360000,1,False,,,,,,,,,,,,
1782360000,2,False,,,,,,,,,,,,
1782360000,3,False,,,,,,,,,,,,
1782360000,4,False,,,,,,,,,,,,
1782360000,5,False,,,,,,,,,,,,
1782360000,6,False,,,,,,,,,,,,
1782360000,7,False,,,,,,,,,,,,
1782360000,8,False,,,,,,,,,,,,
1782360000,9,False,,,,,,,,,,,,
1782360000,10,False,,,,,,,,,,,,
1782363600,1,False,,,,,,,,,,,,
1782363600,2,False,,,,,,,,,,,,
1782363600,3,False,,,,,,,,,,,,
1782363600,4,False,,,,,,,,,,,,
1782363600,5,False,,,,,,,,,,,,
1782363600,6,False,,,,,,,,,,,,
1782363600,7,False,,,,,,,,,,,,
1782363600,8,False,,,,,,,,,,,,
1782363600,9,False,,,,,,,,,,,,
1782363600,10,False,,,,,,,,,,,,
1782367200,1,False,,,,,,,,,,,,
1782367200,2,False,,,,,,,,,,,,
1782367200,3,False,,,,,,,,,,,,
1782367200,4,False,,,,,,,,,,,,
1782367200,5,False,,,,,,,,,,,,
1782367200,6,False,,,,,,,,,,,,
1782367200,7,False,,,,,,,,,,,,
1782367200,8,False,,,,,,,,,,,,
1782367200,9,False,,,,,,,,,,,,
1782367200,10,False,,,,,,,,,,,,
1782370800,1,False,,,,,,,,,,,,
1782370800,2,False,,,,,,,,,,,,
1782370800,3,False,,,,,,,,,,,,
1782370800,4,False,,,,,,,,,,,,
1782370800,5,False,,,,,,,,,,,,
1782370800,6,False,,,,,,,,,,,,
1782370800,7,False,,,,,,,,,,,,
1782370800,8,False,,,,,,,,,,,,
1782370800,9,False,,,,,,,,,,,,
1782370800,10,False,,,,,,,,,,,,
1782374400,1,False,,,,,,,,,,,,
1782374400,2,False,,,,,,,,,,,,
1782374400,3,False,,,,,,,,,,,,
1782374400,4,False,,,,,,,,,,,,
1782374400,5,False,,,,,,,,,,,,
1782374400,6,False,,,,,,,,,,,,
1782374400,7,False,,,,,,,,,,,,
1782374400,8,False,,,,,,,,,,,,
1782374400,9,False,,,,,,,,,,,,
1782374400,10,False,,,,,,,,,,,,
1782378000,1,False,,,,,,,,,,,,
1782378000,2,False,,,,,,,,,,,,
1782378000,3,False,,,,,,,,,,,,
1782378000,4,False,,,,,,,,,,,,
1782378000,5,False,,,,,,,,,,,,
1782378000,6,False,,,,,,,,,,,,
1782378000,7,False,,,,,,,,,,,,
1782378000,8,False,,,,,,,,,,,,
1782378000,9,False,,,,,,,,,,,,
1782378000,10,False,,,,,,,,,,,,
1782381600,1,False,,,,,,,,,,,,
1782381600,2,False,,,,,,,,,,,,
1782381600,3,False,,,,,,,,,,,,
1782381600,4,False,,,,,,,,,,,,
1782381600,5,False,,,,,,,,,,,,
1782381600,6,False,,,,,,,,,,,,
1782381600,7,False,,,,,,,,,,,,
1782381600,8,False,,,,,,,,,,,,
1782381600,9,False,,,,,,,,,,,,
1782381600,10,False,,,,,,,,,,,,
1782385200,1,False,,,,,,,,,,,,
1782385200,2,False,,,,,,,,,,,,
1782385200,3,False,,,,,,,,,,,,
1782385200,4,False,,,,,,,,,,,,
1782385200,5,False,,,,,,,,,,,,
1782385200,6,False,,,,,,,,,,,,
1782385200,7,True,up,0.98,0.9200000166893005,44.099998474121094,0.05484798429203033,book_moved_no_edge,0.9700000286102295,0.0,0.0,0.0,True,0.0
1782385200,8,True,up,0.98,0.9100000262260437,44.099998474121094,0.06426697527933124,book_moved_no_edge,0.9300000071525574,0.0,0.0,0.0,True,0.0
1782385200,9,True,up,0.98,0.8899999856948853,5.0,0.08314701352405547,filled,0.9200000166893005,27.1739125505287,25.0,0.13999997079372406,True,2.0339125797349773
1782385200,10,True,up,0.98,0.8700000047683716,195.74000549316406,0.10208299547863005,filled,0.9100000262260437,27.47252668077397,25.0,0.15749995410442355,True,2.3150267266695472
1782388800,1,False,,,,,,,,,,,,
1782388800,2,False,,,,,,,,,,,,
1782388800,3,False,,,,,,,,,,,,
1782388800,4,False,,,,,,,,,,,,
1782388800,5,False,,,,,,,,,,,,
1782388800,6,False,,,,,,,,,,,,
1782388800,7,False,,,,,,,,,,,,
1782388800,8,False,,,,,,,,,,,,
1782388800,9,False,,,,,,,,,,,,
1782388800,10,False,,,,,,,,,,,,
1782392400,1,False,,,,,,,,,,,,
1782392400,2,False,,,,,,,,,,,,
1782392400,3,False,,,,,,,,,,,,
1782392400,4,False,,,,,,,,,,,,
1782392400,5,False,,,,,,,,,,,,
1782392400,6,False,,,,,,,,,,,,
1782392400,7,False,,,,,,,,,,,,
1782392400,8,False,,,,,,,,,,,,
1782392400,9,False,,,,,,,,,,,,
1782392400,10,False,,,,,,,,,,,,
1782396000,1,False,,,,,,,,,,,,
1782396000,2,False,,,,,,,,,,,,
1782396000,3,False,,,,,,,,,,,,
1782396000,4,False,,,,,,,,,,,,
1782396000,5,False,,,,,,,,,,,,
1782396000,6,False,,,,,,,,,,,,
1782396000,7,False,,,,,,,,,,,,
1782396000,8,False,,,,,,,,,,,,
1782396000,9,False,,,,,,,,,,,,
1782396000,10,False,,,,,,,,,,,,
1782399600,1,False,,,,,,,,,,,,
1782399600,2,False,,,,,,,,,,,,
1782399600,3,False,,,,,,,,,,,,
1782399600,4,False,,,,,,,,,,,,
1782399600,5,False,,,,,,,,,,,,
1782399600,6,False,,,,,,,,,,,,
1782399600,7,False,,,,,,,,,,,,
1782399600,8,False,,,,,,,,,,,,
1782399600,9,False,,,,,,,,,,,,
1782399600,10,False,,,,,,,,,,,,
1782403200,1,False,,,,,,,,,,,,
1782403200,2,False,,,,,,,,,,,,
1782403200,3,False,,,,,,,,,,,,
1782403200,4,False,,,,,,,,,,,,
1782403200,5,False,,,,,,,,,,,,
1782403200,6,False,,,,,,,,,,,,
1782403200,7,False,,,,,,,,,,,,
1782403200,8,False,,,,,,,,,,,,
1782403200,9,False,,,,,,,,,,,,
1782403200,10,False,,,,,,,,,,,,
1782406800,1,False,,,,,,,,,,,,
1782406800,2,False,,,,,,,,,,,,
1782406800,3,False,,,,,,,,,,,,
1782406800,4,False,,,,,,,,,,,,
1782406800,5,False,,,,,,,,,,,,
1782406800,6,False,,,,,,,,,,,,
1782406800,7,False,,,,,,,,,,,,
1782406800,8,False,,,,,,,,,,,,
1782406800,9,False,,,,,,,,,,,,
1782406800,10,False,,,,,,,,,,,,
1782410400,1,False,,,,,,,,,,,,
1782410400,2,False,,,,,,,,,,,,
1782410400,3,False,,,,,,,,,,,,
1782410400,4,False,,,,,,,,,,,,
1782410400,5,False,,,,,,,,,,,,
1782410400,6,False,,,,,,,,,,,,
1782410400,7,False,,,,,,,,,,,,
1782410400,8,False,,,,,,,,,,,,
1782410400,9,False,,,,,,,,,,,,
1782410400,10,False,,,,,,,,,,,,
1782414000,1,False,,,,,,,,,,,,
1782414000,2,False,,,,,,,,,,,,
1782414000,3,False,,,,,,,,,,,,
1782414000,4,False,,,,,,,,,,,,
1782414000,5,False,,,,,,,,,,,,
1782414000,6,False,,,,,,,,,,,,
1782414000,7,False,,,,,,,,,,,,
1782414000,8,False,,,,,,,,,,,,
1782414000,9,False,,,,,,,,,,,,
1782414000,10,False,,,,,,,,,,,,
1782417600,1,False,,,,,,,,,,,,
1782417600,2,False,,,,,,,,,,,,
1782417600,3,False,,,,,,,,,,,,
1782417600,4,False,,,,,,,,,,,,
1782417600,5,False,,,,,,,,,,,,
1782417600,6,False,,,,,,,,,,,,
1782417600,7,False,,,,,,,,,,,,
1782417600,8,False,,,,,,,,,,,,
1782417600,9,False,,,,,,,,,,,,
1782417600,10,False,,,,,,,,,,,,
1782421200,1,False,,,,,,,,,,,,
1782421200,2,False,,,,,,,,,,,,
1782421200,3,False,,,,,,,,,,,,
1782421200,4,False,,,,,,,,,,,,
1782421200,5,False,,,,,,,,,,,,
1782421200,6,False,,,,,,,,,,,,
1782421200,7,False,,,,,,,,,,,,
1782421200,8,False,,,,,,,,,,,,
1782421200,9,False,,,,,,,,,,,,
1782421200,10,False,,,,,,,,,,,,
1782424800,1,False,,,,,,,,,,,,
1782424800,2,False,,,,,,,,,,,,
1782424800,3,False,,,,,,,,,,,,
1782424800,4,False,,,,,,,,,,,,
1782424800,5,False,,,,,,,,,,,,
1782424800,6,False,,,,,,,,,,,,
1782424800,7,False,,,,,,,,,,,,
1782424800,8,False,,,,,,,,,,,,
1782424800,9,False,,,,,,,,,,,,
1782424800,10,False,,,,,,,,,,,,
1782428400,1,False,,,,,,,,,,,,
1782428400,2,False,,,,,,,,,,,,
1782428400,3,False,,,,,,,,,,,,
1782428400,4,False,,,,,,,,,,,,
1782428400,5,False,,,,,,,,,,,,
1782428400,6,False,,,,,,,,,,,,
1782428400,7,False,,,,,,,,,,,,
1782428400,8,False,,,,,,,,,,,,
1782428400,9,False,,,,,,,,,,,,
1782428400,10,False,,,,,,,,,,,,
1782432000,1,False,,,,,,,,,,,,
1782432000,2,False,,,,,,,,,,,,
1782432000,3,False,,,,,,,,,,,,
1782432000,4,False,,,,,,,,,,,,
1782432000,5,False,,,,,,,,,,,,
1782432000,6,False,,,,,,,,,,,,
1782432000,7,False,,,,,,,,,,,,
1782432000,8,False,,,,,,,,,,,,
1782432000,9,False,,,,,,,,,,,,
1782432000,10,False,,,,,,,,,,,,
1782435600,1,False,,,,,,,,,,,,
1782435600,2,False,,,,,,,,,,,,
1782435600,3,False,,,,,,,,,,,,
1782435600,4,False,,,,,,,,,,,,
1782435600,5,False,,,,,,,,,,,,
1782435600,6,False,,,,,,,,,,,,
1782435600,7,False,,,,,,,,,,,,
1782435600,8,False,,,,,,,,,,,,
1782435600,9,False,,,,,,,,,,,,
1782435600,10,False,,,,,,,,,,,,
1782439200,1,False,,,,,,,,,,,,
1782439200,2,False,,,,,,,,,,,,
1782439200,3,False,,,,,,,,,,,,
1782439200,4,False,,,,,,,,,,,,
1782439200,5,False,,,,,,,,,,,,
1782439200,6,False,,,,,,,,,,,,
1782439200,7,False,,,,,,,,,,,,
1782439200,8,False,,,,,,,,,,,,
1782439200,9,False,,,,,,,,,,,,
1782439200,10,False,,,,,,,,,,,,
1782442800,1,False,,,,,,,,,,,,
1782442800,2,False,,,,,,,,,,,,
1782442800,3,False,,,,,,,,,,,,
1782442800,4,False,,,,,,,,,,,,
1782442800,5,False,,,,,,,,,,,,
1782442800,6,False,,,,,,,,,,,,
1782442800,7,False,,,,,,,,,,,,
1782442800,8,False,,,,,,,,,,,,
1782442800,9,False,,,,,,,,,,,,
1782442800,10,False,,,,,,,,,,,,
1782446400,1,False,,,,,,,,,,,,
1782446400,2,False,,,,,,,,,,,,
1782446400,3,False,,,,,,,,,,,,
1782446400,4,False,,,,,,,,,,,,
1782446400,5,False,,,,,,,,,,,,
1782446400,6,False,,,,,,,,,,,,
1782446400,7,False,,,,,,,,,,,,
1782446400,8,False,,,,,,,,,,,,
1782446400,9,False,,,,,,,,,,,,
1782446400,10,False,,,,,,,,,,,,
1782450000,1,False,,,,,,,,,,,,
1782450000,2,False,,,,,,,,,,,,
1782450000,3,False,,,,,,,,,,,,
1782450000,4,False,,,,,,,,,,,,
1782450000,5,False,,,,,,,,,,,,
1782450000,6,False,,,,,,,,,,,,
1782450000,7,False,,,,,,,,,,,,
1782450000,8,False,,,,,,,,,,,,
1782450000,9,False,,,,,,,,,,,,
1782450000,10,False,,,,,,,,,,,,
1782453600,1,False,,,,,,,,,,,,
1782453600,2,False,,,,,,,,,,,,
1782453600,3,False,,,,,,,,,,,,
1782453600,4,False,,,,,,,,,,,,
1782453600,5,False,,,,,,,,,,,,
1782453600,6,False,,,,,,,,,,,,
1782453600,7,False,,,,,,,,,,,,
1782453600,8,False,,,,,,,,,,,,
1782453600,9,False,,,,,,,,,,,,
1782453600,10,False,,,,,,,,,,,,
1782457200,1,False,,,,,,,,,,,,
1782457200,2,False,,,,,,,,,,,,
1782457200,3,False,,,,,,,,,,,,
1782457200,4,False,,,,,,,,,,,,
1782457200,5,False,,,,,,,,,,,,
1782457200,6,False,,,,,,,,,,,,
1782457200,7,False,,,,,,,,,,,,
1782457200,8,False,,,,,,,,,,,,
1782457200,9,False,,,,,,,,,,,,
1782457200,10,False,,,,,,,,,,,,
1782460800,1,False,,,,,,,,,,,,
1782460800,2,False,,,,,,,,,,,,
1782460800,3,False,,,,,,,,,,,,
1782460800,4,False,,,,,,,,,,,,
1782460800,5,False,,,,,,,,,,,,
1782460800,6,False,,,,,,,,,,,,
1782460800,7,False,,,,,,,,,,,,
1782460800,8,False,,,,,,,,,,,,
1782460800,9,False,,,,,,,,,,,,
1782460800,10,False,,,,,,,,,,,,
1782464400,1,False,,,,,,,,,,,,
1782464400,2,False,,,,,,,,,,,,
1782464400,3,False,,,,,,,,,,,,
1782464400,4,False,,,,,,,,,,,,
1782464400,5,False,,,,,,,,,,,,
1782464400,6,False,,,,,,,,,,,,
1782464400,7,False,,,,,,,,,,,,
1782464400,8,False,,,,,,,,,,,,
1782464400,9,False,,,,,,,,,,,,
1782464400,10,False,,,,,,,,,,,,
1782468000,1,False,,,,,,,,,,,,
1782468000,2,False,,,,,,,,,,,,
1782468000,3,False,,,,,,,,,,,,
1782468000,4,False,,,,,,,,,,,,
1782468000,5,False,,,,,,,,,,,,
1782468000,6,False,,,,,,,,,,,,
1782468000,7,False,,,,,,,,,,,,
1782468000,8,False,,,,,,,,,,,,
1782468000,9,False,,,,,,,,,,,,
1782468000,10,False,,,,,,,,,,,,
1782471600,1,False,,,,,,,,,,,,
1782471600,2,False,,,,,,,,,,,,
1782471600,3,False,,,,,,,,,,,,
1782471600,4,False,,,,,,,,,,,,
1782471600,5,False,,,,,,,,,,,,
1782471600,6,False,,,,,,,,,,,,
1782471600,7,False,,,,,,,,,,,,
1782471600,8,False,,,,,,,,,,,,
1782471600,9,False,,,,,,,,,,,,
1782471600,10,False,,,,,,,,,,,,
1782475200,1,False,,,,,,,,,,,,
1782475200,2,False,,,,,,,,,,,,
1782475200,3,False,,,,,,,,,,,,
1782475200,4,False,,,,,,,,,,,,
1782475200,5,False,,,,,,,,,,,,
1782475200,6,False,,,,,,,,,,,,
1782475200,7,False,,,,,,,,,,,,
1782475200,8,False,,,,,,,,,,,,
1782475200,9,False,,,,,,,,,,,,
1782475200,10,False,,,,,,,,,,,,
1782478800,1,False,,,,,,,,,,,,
1782478800,2,False,,,,,,,,,,,,
1782478800,3,False,,,,,,,,,,,,
1782478800,4,False,,,,,,,,,,,,
1782478800,5,False,,,,,,,,,,,,
1782478800,6,False,,,,,,,,,,,,
1782478800,7,False,,,,,,,,,,,,
1782478800,8,False,,,,,,,,,,,,
1782478800,9,False,,,,,,,,,,,,
1782478800,10,False,,,,,,,,,,,,
1782482400,1,False,,,,,,,,,,,,
1782482400,2,False,,,,,,,,,,,,
1782482400,3,False,,,,,,,,,,,,
1782482400,4,False,,,,,,,,,,,,
1782482400,5,False,,,,,,,,,,,,
1782482400,6,False,,,,,,,,,,,,
1782482400,7,False,,,,,,,,,,,,
1782482400,8,False,,,,,,,,,,,,
1782482400,9,False,,,,,,,,,,,,
1782482400,10,False,,,,,,,,,,,,
1782486000,1,False,,,,,,,,,,,,
1782486000,2,False,,,,,,,,,,,,
1782486000,3,False,,,,,,,,,,,,
1782486000,4,False,,,,,,,,,,,,
1782486000,5,False,,,,,,,,,,,,
1782486000,6,False,,,,,,,,,,,,
1782486000,7,False,,,,,,,,,,,,
1782486000,8,False,,,,,,,,,,,,
1782486000,9,False,,,,,,,,,,,,
1782486000,10,False,,,,,,,,,,,,
1782489600,1,False,,,,,,,,,,,,
1782489600,2,False,,,,,,,,,,,,
1782489600,3,False,,,,,,,,,,,,
1782489600,4,False,,,,,,,,,,,,
1782489600,5,False,,,,,,,,,,,,
1782489600,6,False,,,,,,,,,,,,
1782489600,7,False,,,,,,,,,,,,
1782489600,8,False,,,,,,,,,,,,
1782489600,9,False,,,,,,,,,,,,
1782489600,10,False,,,,,,,,,,,,
1782493200,1,False,,,,,,,,,,,,
1782493200,2,False,,,,,,,,,,,,
1782493200,3,False,,,,,,,,,,,,
1782493200,4,False,,,,,,,,,,,,
1782493200,5,False,,,,,,,,,,,,
1782493200,6,False,,,,,,,,,,,,
1782493200,7,False,,,,,,,,,,,,
1782493200,8,False,,,,,,,,,,,,
1782493200,9,False,,,,,,,,,,,,
1782493200,10,False,,,,,,,,,,,,
1782496800,1,False,,,,,,,,,,,,
1782496800,2,False,,,,,,,,,,,,
1782496800,3,False,,,,,,,,,,,,
1782496800,4,False,,,,,,,,,,,,
1782496800,5,False,,,,,,,,,,,,
1782496800,6,False,,,,,,,,,,,,
1782496800,7,False,,,,,,,,,,,,
1782496800,8,False,,,,,,,,,,,,
1782496800,9,False,,,,,,,,,,,,
1782496800,10,False,,,,,,,,,,,,
1782500400,1,False,,,,,,,,,,,,
1782500400,2,False,,,,,,,,,,,,
1782500400,3,False,,,,,,,,,,,,
1782500400,4,False,,,,,,,,,,,,
1782500400,5,False,,,,,,,,,,,,
1782500400,6,False,,,,,,,,,,,,
1782500400,7,False,,,,,,,,,,,,
1782500400,8,False,,,,,,,,,,,,
1782500400,9,False,,,,,,,,,,,,
1782500400,10,False,,,,,,,,,,,,
1782504000,1,False,,,,,,,,,,,,
1782504000,2,False,,,,,,,,,,,,
1782504000,3,False,,,,,,,,,,,,
1782504000,4,False,,,,,,,,,,,,
1782504000,5,False,,,,,,,,,,,,
1782504000,6,False,,,,,,,,,,,,
1782504000,7,False,,,,,,,,,,,,
1782504000,8,False,,,,,,,,,,,,
1782504000,9,False,,,,,,,,,,,,
1782504000,10,False,,,,,,,,,,,,
1782507600,1,False,,,,,,,,,,,,
1782507600,2,False,,,,,,,,,,,,
1782507600,3,False,,,,,,,,,,,,
1782507600,4,False,,,,,,,,,,,,
1782507600,5,False,,,,,,,,,,,,
1782507600,6,False,,,,,,,,,,,,
1782507600,7,False,,,,,,,,,,,,
1782507600,8,False,,,,,,,,,,,,
1782507600,9,False,,,,,,,,,,,,
1782507600,10,False,,,,,,,,,,,,
1782511200,1,False,,,,,,,,,,,,
1782511200,2,False,,,,,,,,,,,,
1782511200,3,False,,,,,,,,,,,,
1782511200,4,False,,,,,,,,,,,,
1782511200,5,False,,,,,,,,,,,,
1782511200,6,False,,,,,,,,,,,,
1782511200,7,False,,,,,,,,,,,,
1782511200,8,False,,,,,,,,,,,,
1782511200,9,False,,,,,,,,,,,,
1782511200,10,False,,,,,,,,,,,,
1782514800,1,False,,,,,,,,,,,,
1782514800,2,False,,,,,,,,,,,,
1782514800,3,False,,,,,,,,,,,,
1782514800,4,False,,,,,,,,,,,,
1782514800,5,False,,,,,,,,,,,,
1782514800,6,False,,,,,,,,,,,,
1782514800,7,False,,,,,,,,,,,,
1782514800,8,False,,,,,,,,,,,,
1782514800,9,False,,,,,,,,,,,,
1782514800,10,False,,,,,,,,,,,,
1782518400,1,False,,,,,,,,,,,,
1782518400,2,False,,,,,,,,,,,,
1782518400,3,False,,,,,,,,,,,,
1782518400,4,False,,,,,,,,,,,,
1782518400,5,False,,,,,,,,,,,,
1782518400,6,False,,,,,,,,,,,,
1782518400,7,False,,,,,,,,,,,,
1782518400,8,False,,,,,,,,,,,,
1782518400,9,False,,,,,,,,,,,,
1782518400,10,False,,,,,,,,,,,,
1782522000,1,False,,,,,,,,,,,,
1782522000,2,False,,,,,,,,,,,,
1782522000,3,False,,,,,,,,,,,,
1782522000,4,False,,,,,,,,,,,,
1782522000,5,False,,,,,,,,,,,,
1782522000,6,False,,,,,,,,,,,,
1782522000,7,False,,,,,,,,,,,,
1782522000,8,False,,,,,,,,,,,,
1782522000,9,False,,,,,,,,,,,,
1782522000,10,False,,,,,,,,,,,,
1782525600,1,False,,,,,,,,,,,,
1782525600,2,False,,,,,,,,,,,,
1782525600,3,False,,,,,,,,,,,,
1782525600,4,False,,,,,,,,,,,,
1782525600,5,False,,,,,,,,,,,,
1782525600,6,False,,,,,,,,,,,,
1782525600,7,False,,,,,,,,,,,,
1782525600,8,False,,,,,,,,,,,,
1782525600,9,False,,,,,,,,,,,,
1782525600,10,False,,,,,,,,,,,,
1782529200,1,False,,,,,,,,,,,,
1782529200,2,False,,,,,,,,,,,,
1782529200,3,False,,,,,,,,,,,,
1782529200,4,False,,,,,,,,,,,,
1782529200,5,False,,,,,,,,,,,,
1782529200,6,False,,,,,,,,,,,,
1782529200,7,False,,,,,,,,,,,,
1782529200,8,False,,,,,,,,,,,,
1782529200,9,False,,,,,,,,,,,,
1782529200,10,False,,,,,,,,,,,,
1782532800,1,False,,,,,,,,,,,,
1782532800,2,False,,,,,,,,,,,,
1782532800,3,False,,,,,,,,,,,,
1782532800,4,False,,,,,,,,,,,,
1782532800,5,False,,,,,,,,,,,,
1782532800,6,False,,,,,,,,,,,,
1782532800,7,False,,,,,,,,,,,,
1782532800,8,False,,,,,,,,,,,,
1782532800,9,False,,,,,,,,,,,,
1782532800,10,False,,,,,,,,,,,,
1782536400,1,False,,,,,,,,,,,,
1782536400,2,False,,,,,,,,,,,,
1782536400,3,False,,,,,,,,,,,,
1782536400,4,False,,,,,,,,,,,,
1782536400,5,False,,,,,,,,,,,,
1782536400,6,True,down,0.72485074702602,0.49000000953674316,5.0,0.21735773747592543,book_moved_no_edge,0.8999999985098839,0.0,0.0,0.0,True,0.0
1782536400,7,True,up,0.98,0.6100000143051147,5.0,0.35334698591518404,book_moved_no_edge,0.10999999940395355,0.0,0.0,0.0,False,0.0
1782536400,8,True,up,0.98,0.6100000143051147,5.0,0.35334698591518404,filled,0.6100000143051147,5.0,3.0500000715255737,0.0832649988985061,False,-3.1332650704240796
1782536400,9,True,up,0.98,0.6100000143051147,5.0,0.35334698591518404,filled,0.6100000143051147,5.0,3.0500000715255737,0.0832649988985061,False,-3.1332650704240796
1782536400,10,True,up,0.98,0.5899999737739563,1.600000023841858,0.3730670258955956,filled,0.6100000143051147,5.0,3.0500000715255737,0.0832649988985061,False,-3.1332650704240796
1782540000,1,False,,,,,,,,,,,,
1782540000,2,False,,,,,,,,,,,,
1782540000,3,False,,,,,,,,,,,,
1782540000,4,False,,,,,,,,,,,,
1782540000,5,False,,,,,,,,,,,,
1782540000,6,False,,,,,,,,,,,,
1782540000,7,False,,,,,,,,,,,,
1782540000,8,False,,,,,,,,,,,,
1782540000,9,False,,,,,,,,,,,,
1782540000,10,False,,,,,,,,,,,,
1782543600,1,False,,,,,,,,,,,,
1782543600,2,False,,,,,,,,,,,,
1782543600,3,False,,,,,,,,,,,,
1782543600,4,False,,,,,,,,,,,,
1782543600,5,False,,,,,,,,,,,,
1782543600,6,False,,,,,,,,,,,,
1782543600,7,False,,,,,,,,,,,,
1782543600,8,False,,,,,,,,,,,,
1782543600,9,False,,,,,,,,,,,,
1782543600,10,False,,,,,,,,,,,,
1782547200,1,False,,,,,,,,,,,,
1782547200,2,False,,,,,,,,,,,,
1782547200,3,False,,,,,,,,,,,,
1782547200,4,False,,,,,,,,,,,,
1782547200,5,False,,,,,,,,,,,,
1782547200,6,False,,,,,,,,,,,,
1782547200,7,False,,,,,,,,,,,,
1782547200,8,False,,,,,,,,,,,,
1782547200,9,False,,,,,,,,,,,,
1782547200,10,False,,,,,,,,,,,,
1782550800,1,False,,,,,,,,,,,,
1782550800,2,False,,,,,,,,,,,,
1782550800,3,False,,,,,,,,,,,,
1782550800,4,False,,,,,,,,,,,,
1782550800,5,False,,,,,,,,,,,,
1782550800,6,False,,,,,,,,,,,,
1782550800,7,False,,,,,,,,,,,,
1782550800,8,False,,,,,,,,,,,,
1782550800,9,False,,,,,,,,,,,,
1782550800,10,False,,,,,,,,,,,,
1782554400,1,False,,,,,,,,,,,,
1782554400,2,True,up,0.98,0.3499999940395355,5.0,0.6140750060856343,empty_book,,0.0,0.0,0.0,True,0.0
1782554400,3,False,,,,,,,,,,,,
1782554400,4,False,,,,,,,,,,,,
1782554400,5,True,up,0.98,0.8299999833106995,58.79999923706055,0.14012301591825485,empty_book,,0.0,0.0,0.0,True,0.0
1782554400,6,True,up,0.98,0.800000011920929,44.099998474121094,0.16879998857975004,empty_book,,0.0,0.0,0.0,True,0.0
1782554400,7,False,,,,,,,,,,,,
1782554400,8,False,,,,,,,,,,,,
1782554400,9,False,,,,,,,,,,,,
1782554400,10,False,,,,,,,,,,,,
1782558000,1,False,,,,,,,,,,,,
1782558000,2,False,,,,,,,,,,,,
1782558000,3,False,,,,,,,,,,,,
1782558000,4,False,,,,,,,,,,,,
1782558000,5,False,,,,,,,,,,,,
1782558000,6,False,,,,,,,,,,,,
1782558000,7,False,,,,,,,,,,,,
1782558000,8,False,,,,,,,,,,,,
1782558000,9,False,,,,,,,,,,,,
1782558000,10,False,,,,,,,,,,,,
1782561600,1,False,,,,,,,,,,,,
1782561600,2,False,,,,,,,,,,,,
1782561600,3,False,,,,,,,,,,,,
1782561600,4,False,,,,,,,,,,,,
1782561600,5,False,,,,,,,,,,,,
1782561600,6,False,,,,,,,,,,,,
1782561600,7,False,,,,,,,,,,,,
1782561600,8,False,,,,,,,,,,,,
1782561600,9,False,,,,,,,,,,,,
1782561600,10,False,,,,,,,,,,,,
1782565200,1,False,,,,,,,,,,,,
1782565200,2,False,,,,,,,,,,,,
1782565200,3,False,,,,,,,,,,,,
1782565200,4,False,,,,,,,,,,,,
1782565200,5,False,,,,,,,,,,,,
1782565200,6,False,,,,,,,,,,,,
1782565200,7,False,,,,,,,,,,,,
1782565200,8,False,,,,,,,,,,,,
1782565200,9,False,,,,,,,,,,,,
1782565200,10,False,,,,,,,,,,,,
1782568800,1,False,,,,,,,,,,,,
1782568800,2,False,,,,,,,,,,,,
1782568800,3,False,,,,,,,,,,,,
1782568800,4,False,,,,,,,,,,,,
1782568800,5,False,,,,,,,,,,,,
1782568800,6,False,,,,,,,,,,,,
1782568800,7,False,,,,,,,,,,,,
1782568800,8,False,,,,,,,,,,,,
1782568800,9,False,,,,,,,,,,,,
1782568800,10,False,,,,,,,,,,,,
1782572400,1,False,,,,,,,,,,,,
1782572400,2,False,,,,,,,,,,,,
1782572400,3,False,,,,,,,,,,,,
1782572400,4,False,,,,,,,,,,,,
1782572400,5,False,,,,,,,,,,,,
1782572400,6,False,,,,,,,,,,,,
1782572400,7,False,,,,,,,,,,,,
1782572400,8,False,,,,,,,,,,,,
1782572400,9,False,,,,,,,,,,,,
1782572400,10,False,,,,,,,,,,,,
1782576000,1,False,,,,,,,,,,,,
1782576000,2,False,,,,,,,,,,,,
1782576000,3,False,,,,,,,,,,,,
1782576000,4,False,,,,,,,,,,,,
1782576000,5,False,,,,,,,,,,,,
1782576000,6,False,,,,,,,,,,,,
1782576000,7,False,,,,,,,,,,,,
1782576000,8,False,,,,,,,,,,,,
1782576000,9,False,,,,,,,,,,,,
1782576000,10,False,,,,,,,,,,,,
1782579600,1,False,,,,,,,,,,,,
1782579600,2,False,,,,,,,,,,,,
1782579600,3,False,,,,,,,,,,,,
1782579600,4,False,,,,,,,,,,,,
1782579600,5,False,,,,,,,,,,,,
1782579600,6,False,,,,,,,,,,,,
1782579600,7,False,,,,,,,,,,,,
1782579600,8,False,,,,,,,,,,,,
1782579600,9,False,,,,,,,,,,,,
1782579600,10,False,,,,,,,,,,,,
1782583200,1,False,,,,,,,,,,,,
1782583200,2,False,,,,,,,,,,,,
1782583200,3,False,,,,,,,,,,,,
1782583200,4,False,,,,,,,,,,,,
1782583200,5,False,,,,,,,,,,,,
1782583200,6,False,,,,,,,,,,,,
1782583200,7,False,,,,,,,,,,,,
1782583200,8,False,,,,,,,,,,,,
1782583200,9,False,,,,,,,,,,,,
1782583200,10,False,,,,,,,,,,,,
1782586800,1,False,,,,,,,,,,,,
1782586800,2,False,,,,,,,,,,,,
1782586800,3,False,,,,,,,,,,,,
1782586800,4,False,,,,,,,,,,,,
1782586800,5,False,,,,,,,,,,,,
1782586800,6,False,,,,,,,,,,,,
1782586800,7,False,,,,,,,,,,,,
1782586800,8,False,,,,,,,,,,,,
1782586800,9,False,,,,,,,,,,,,
1782586800,10,False,,,,,,,,,,,,
1782590400,1,False,,,,,,,,,,,,
1782590400,2,False,,,,,,,,,,,,
1782590400,3,False,,,,,,,,,,,,
1782590400,4,False,,,,,,,,,,,,
1782590400,5,False,,,,,,,,,,,,
1782590400,6,False,,,,,,,,,,,,
1782590400,7,False,,,,,,,,,,,,
1782590400,8,False,,,,,,,,,,,,
1782590400,9,False,,,,,,,,,,,,
1782590400,10,False,,,,,,,,,,,,
1782594000,1,False,,,,,,,,,,,,
1782594000,2,False,,,,,,,,,,,,
1782594000,3,False,,,,,,,,,,,,
1782594000,4,False,,,,,,,,,,,,
1782594000,5,False,,,,,,,,,,,,
1782594000,6,False,,,,,,,,,,,,
1782594000,7,False,,,,,,,,,,,,
1782594000,8,False,,,,,,,,,,,,
1782594000,9,False,,,,,,,,,,,,
1782594000,10,False,,,,,,,,,,,,
1782597600,1,False,,,,,,,,,,,,
1782597600,2,False,,,,,,,,,,,,
1782597600,3,False,,,,,,,,,,,,
1782597600,4,False,,,,,,,,,,,,
1782597600,5,False,,,,,,,,,,,,
1782597600,6,False,,,,,,,,,,,,
1782597600,7,False,,,,,,,,,,,,
1782597600,8,False,,,,,,,,,,,,
1782597600,9,False,,,,,,,,,,,,
1782597600,10,False,,,,,,,,,,,,
1782601200,1,False,,,,,,,,,,,,
1782601200,2,False,,,,,,,,,,,,
1782601200,3,False,,,,,,,,,,,,
1782601200,4,False,,,,,,,,,,,,
1782601200,5,False,,,,,,,,,,,,
1782601200,6,False,,,,,,,,,,,,
1782601200,7,False,,,,,,,,,,,,
1782601200,8,False,,,,,,,,,,,,
1782601200,9,False,,,,,,,,,,,,
1782601200,10,False,,,,,,,,,,,,
1782604800,1,False,,,,,,,,,,,,
1782604800,2,False,,,,,,,,,,,,
1782604800,3,False,,,,,,,,,,,,
1782604800,4,False,,,,,,,,,,,,
1782604800,5,False,,,,,,,,,,,,
1782604800,6,False,,,,,,,,,,,,
1782604800,7,False,,,,,,,,,,,,
1782604800,8,False,,,,,,,,,,,,
1782604800,9,False,,,,,,,,,,,,
1782604800,10,False,,,,,,,,,,,,
1782608400,1,False,,,,,,,,,,,,
1782608400,2,False,,,,,,,,,,,,
1782608400,3,False,,,,,,,,,,,,
1782608400,4,False,,,,,,,,,,,,
1782608400,5,False,,,,,,,,,,,,
1782608400,6,False,,,,,,,,,,,,
1782608400,7,False,,,,,,,,,,,,
1782608400,8,False,,,,,,,,,,,,
1782608400,9,False,,,,,,,,,,,,
1782608400,10,False,,,,,,,,,,,,
1782612000,1,False,,,,,,,,,,,,
1782612000,2,False,,,,,,,,,,,,
1782612000,3,False,,,,,,,,,,,,
1782612000,4,False,,,,,,,,,,,,
1782612000,5,False,,,,,,,,,,,,
1782612000,6,False,,,,,,,,,,,,
1782612000,7,False,,,,,,,,,,,,
1782612000,8,False,,,,,,,,,,,,
1782612000,9,False,,,,,,,,,,,,
1782612000,10,False,,,,,,,,,,,,
1782615600,1,False,,,,,,,,,,,,
1782615600,2,False,,,,,,,,,,,,
1782615600,3,False,,,,,,,,,,,,
1782615600,4,False,,,,,,,,,,,,
1782615600,5,False,,,,,,,,,,,,
1782615600,6,False,,,,,,,,,,,,
1782615600,7,False,,,,,,,,,,,,
1782615600,8,False,,,,,,,,,,,,
1782615600,9,False,,,,,,,,,,,,
1782615600,10,False,,,,,,,,,,,,
1782619200,1,False,,,,,,,,,,,,
1782619200,2,False,,,,,,,,,,,,
1782619200,3,False,,,,,,,,,,,,
1782619200,4,False,,,,,,,,,,,,
1782619200,5,False,,,,,,,,,,,,
1782619200,6,False,,,,,,,,,,,,
1782619200,7,False,,,,,,,,,,,,
1782619200,8,False,,,,,,,,,,,,
1782619200,9,False,,,,,,,,,,,,
1782619200,10,False,,,,,,,,,,,,
1782622800,1,False,,,,,,,,,,,,
1782622800,2,False,,,,,,,,,,,,
1782622800,3,False,,,,,,,,,,,,
1782622800,4,False,,,,,,,,,,,,
1782622800,5,False,,,,,,,,,,,,
1782622800,6,False,,,,,,,,,,,,
1782622800,7,False,,,,,,,,,,,,
1782622800,8,False,,,,,,,,,,,,
1782622800,9,False,,,,,,,,,,,,
1782622800,10,False,,,,,,,,,,,,
1782626400,1,False,,,,,,,,,,,,
1782626400,2,False,,,,,,,,,,,,
1782626400,3,False,,,,,,,,,,,,
1782626400,4,False,,,,,,,,,,,,
1782626400,5,False,,,,,,,,,,,,
1782626400,6,False,,,,,,,,,,,,
1782626400,7,False,,,,,,,,,,,,
1782626400,8,False,,,,,,,,,,,,
1782626400,9,False,,,,,,,,,,,,
1782626400,10,False,,,,,,,,,,,,
1782630000,1,False,,,,,,,,,,,,
1782630000,2,False,,,,,,,,,,,,
1782630000,3,False,,,,,,,,,,,,
1782630000,4,False,,,,,,,,,,,,
1782630000,5,False,,,,,,,,,,,,
1782630000,6,False,,,,,,,,,,,,
1782630000,7,False,,,,,,,,,,,,
1782630000,8,False,,,,,,,,,,,,
1782630000,9,False,,,,,,,,,,,,
1782630000,10,False,,,,,,,,,,,,
1782633600,1,False,,,,,,,,,,,,
1782633600,2,False,,,,,,,,,,,,
1782633600,3,False,,,,,,,,,,,,
1782633600,4,False,,,,,,,,,,,,
1782633600,5,False,,,,,,,,,,,,
1782633600,6,False,,,,,,,,,,,,
1782633600,7,False,,,,,,,,,,,,
1782633600,8,False,,,,,,,,,,,,
1782633600,9,False,,,,,,,,,,,,
1782633600,10,False,,,,,,,,,,,,
1782637200,1,False,,,,,,,,,,,,
1782637200,2,False,,,,,,,,,,,,
1782637200,3,False,,,,,,,,,,,,
1782637200,4,False,,,,,,,,,,,,
1782637200,5,False,,,,,,,,,,,,
1782637200,6,False,,,,,,,,,,,,
1782637200,7,False,,,,,,,,,,,,
1782637200,8,False,,,,,,,,,,,,
1782637200,9,False,,,,,,,,,,,,
1782637200,10,False,,,,,,,,,,,,
1782640800,1,False,,,,,,,,,,,,
1782640800,2,False,,,,,,,,,,,,
1782640800,3,False,,,,,,,,,,,,
1782640800,4,False,,,,,,,,,,,,
1782640800,5,False,,,,,,,,,,,,
1782640800,6,False,,,,,,,,,,,,
1782640800,7,False,,,,,,,,,,,,
1782640800,8,False,,,,,,,,,,,,
1782640800,9,False,,,,,,,,,,,,
1782640800,10,False,,,,,,,,,,,,
1782644400,1,False,,,,,,,,,,,,
1782644400,2,False,,,,,,,,,,,,
1782644400,3,False,,,,,,,,,,,,
1782644400,4,False,,,,,,,,,,,,
1782644400,5,False,,,,,,,,,,,,
1782644400,6,False,,,,,,,,,,,,
1782644400,7,False,,,,,,,,,,,,
1782644400,8,False,,,,,,,,,,,,
1782644400,9,False,,,,,,,,,,,,
1782644400,10,False,,,,,,,,,,,,
1782648000,1,False,,,,,,,,,,,,
1782648000,2,False,,,,,,,,,,,,
1782648000,3,False,,,,,,,,,,,,
1782648000,4,False,,,,,,,,,,,,
1782648000,5,False,,,,,,,,,,,,
1782648000,6,False,,,,,,,,,,,,
1782648000,7,False,,,,,,,,,,,,
1782648000,8,False,,,,,,,,,,,,
1782648000,9,False,,,,,,,,,,,,
1782648000,10,False,,,,,,,,,,,,
1782651600,1,False,,,,,,,,,,,,
1782651600,2,False,,,,,,,,,,,,
1782651600,3,False,,,,,,,,,,,,
1782651600,4,False,,,,,,,,,,,,
1782651600,5,False,,,,,,,,,,,,
1782651600,6,False,,,,,,,,,,,,
1782651600,7,False,,,,,,,,,,,,
1782651600,8,False,,,,,,,,,,,,
1782651600,9,False,,,,,,,,,,,,
1782651600,10,False,,,,,,,,,,,,
1782655200,1,False,,,,,,,,,,,,
1782655200,2,False,,,,,,,,,,,,
1782655200,3,False,,,,,,,,,,,,
1782655200,4,False,,,,,,,,,,,,
1782655200,5,False,,,,,,,,,,,,
1782655200,6,False,,,,,,,,,,,,
1782655200,7,False,,,,,,,,,,,,
1782655200,8,False,,,,,,,,,,,,
1782655200,9,False,,,,,,,,,,,,
1782655200,10,False,,,,,,,,,,,,
1782658800,1,False,,,,,,,,,,,,
1782658800,2,False,,,,,,,,,,,,
1782658800,3,False,,,,,,,,,,,,
1782658800,4,False,,,,,,,,,,,,
1782658800,5,False,,,,,,,,,,,,
1782658800,6,False,,,,,,,,,,,,
1782658800,7,False,,,,,,,,,,,,
1782658800,8,False,,,,,,,,,,,,
1782658800,9,False,,,,,,,,,,,,
1782658800,10,False,,,,,,,,,,,,
1782662400,1,False,,,,,,,,,,,,
1782662400,2,False,,,,,,,,,,,,
1782662400,3,False,,,,,,,,,,,,
1782662400,4,False,,,,,,,,,,,,
1782662400,5,False,,,,,,,,,,,,
1782662400,6,False,,,,,,,,,,,,
1782662400,7,False,,,,,,,,,,,,
1782662400,8,False,,,,,,,,,,,,
1782662400,9,False,,,,,,,,,,,,
1782662400,10,False,,,,,,,,,,,,
1782666000,1,False,,,,,,,,,,,,
1782666000,2,False,,,,,,,,,,,,
1782666000,3,False,,,,,,,,,,,,
1782666000,4,False,,,,,,,,,,,,
1782666000,5,False,,,,,,,,,,,,
1782666000,6,False,,,,,,,,,,,,
1782666000,7,False,,,,,,,,,,,,
1782666000,8,False,,,,,,,,,,,,
1782666000,9,False,,,,,,,,,,,,
1782666000,10,False,,,,,,,,,,,,
1782669600,1,False,,,,,,,,,,,,
1782669600,2,False,,,,,,,,,,,,
1782669600,3,False,,,,,,,,,,,,
1782669600,4,False,,,,,,,,,,,,
1782669600,5,False,,,,,,,,,,,,
1782669600,6,False,,,,,,,,,,,,
1782669600,7,False,,,,,,,,,,,,
1782669600,8,False,,,,,,,,,,,,
1782669600,9,False,,,,,,,,,,,,
1782669600,10,False,,,,,,,,,,,,
1782673200,1,False,,,,,,,,,,,,
1782673200,2,False,,,,,,,,,,,,
1782673200,3,False,,,,,,,,,,,,
1782673200,4,False,,,,,,,,,,,,
1782673200,5,False,,,,,,,,,,,,
1782673200,6,False,,,,,,,,,,,,
1782673200,7,False,,,,,,,,,,,,
1782673200,8,False,,,,,,,,,,,,
1782673200,9,False,,,,,,,,,,,,
1782673200,10,False,,,,,,,,,,,,
1782676800,1,False,,,,,,,,,,,,
1782676800,2,False,,,,,,,,,,,,
1782676800,3,False,,,,,,,,,,,,
1782676800,4,False,,,,,,,,,,,,
1782676800,5,False,,,,,,,,,,,,
1782676800,6,False,,,,,,,,,,,,
1782676800,7,False,,,,,,,,,,,,
1782676800,8,False,,,,,,,,,,,,
1782676800,9,False,,,,,,,,,,,,
1782676800,10,False,,,,,,,,,,,,
1782680400,1,False,,,,,,,,,,,,
1782680400,2,False,,,,,,,,,,,,
1782680400,3,False,,,,,,,,,,,,
1782680400,4,False,,,,,,,,,,,,
1782680400,5,False,,,,,,,,,,,,
1782680400,6,False,,,,,,,,,,,,
1782680400,7,False,,,,,,,,,,,,
1782680400,8,False,,,,,,,,,,,,
1782680400,9,False,,,,,,,,,,,,
1782680400,10,False,,,,,,,,,,,,
1782684000,1,False,,,,,,,,,,,,
1782684000,2,False,,,,,,,,,,,,
1782684000,3,False,,,,,,,,,,,,
1782684000,4,False,,,,,,,,,,,,
1782684000,5,False,,,,,,,,,,,,
1782684000,6,False,,,,,,,,,,,,
1782684000,7,False,,,,,,,,,,,,
1782684000,8,False,,,,,,,,,,,,
1782684000,9,False,,,,,,,,,,,,
1782684000,10,False,,,,,,,,,,,,
1782687600,1,False,,,,,,,,,,,,
1782687600,2,False,,,,,,,,,,,,
1782687600,3,False,,,,,,,,,,,,
1782687600,4,False,,,,,,,,,,,,
1782687600,5,False,,,,,,,,,,,,
1782687600,6,False,,,,,,,,,,,,
1782687600,7,False,,,,,,,,,,,,
1782687600,8,False,,,,,,,,,,,,
1782687600,9,False,,,,,,,,,,,,
1782687600,10,False,,,,,,,,,,,,
1782691200,1,False,,,,,,,,,,,,
1782691200,2,False,,,,,,,,,,,,
1782691200,3,False,,,,,,,,,,,,
1782691200,4,False,,,,,,,,,,,,
1782691200,5,False,,,,,,,,,,,,
1782691200,6,False,,,,,,,,,,,,
1782691200,7,False,,,,,,,,,,,,
1782691200,8,False,,,,,,,,,,,,
1782691200,9,False,,,,,,,,,,,,
1782691200,10,False,,,,,,,,,,,,
1782694800,1,False,,,,,,,,,,,,
1782694800,2,False,,,,,,,,,,,,
1782694800,3,False,,,,,,,,,,,,
1782694800,4,False,,,,,,,,,,,,
1782694800,5,False,,,,,,,,,,,,
1782694800,6,False,,,,,,,,,,,,
1782694800,7,False,,,,,,,,,,,,
1782694800,8,False,,,,,,,,,,,,
1782694800,9,False,,,,,,,,,,,,
1782694800,10,False,,,,,,,,,,,,
1782698400,1,False,,,,,,,,,,,,
1782698400,2,False,,,,,,,,,,,,
1782698400,3,False,,,,,,,,,,,,
1782698400,4,False,,,,,,,,,,,,
1782698400,5,False,,,,,,,,,,,,
1782698400,6,False,,,,,,,,,,,,
1782698400,7,False,,,,,,,,,,,,
1782698400,8,False,,,,,,,,,,,,
1782698400,9,False,,,,,,,,,,,,
1782698400,10,False,,,,,,,,,,,,
1782702000,1,False,,,,,,,,,,,,
1782702000,2,False,,,,,,,,,,,,
1782702000,3,False,,,,,,,,,,,,
1782702000,4,False,,,,,,,,,,,,
1782702000,5,False,,,,,,,,,,,,
1782702000,6,False,,,,,,,,,,,,
1782702000,7,False,,,,,,,,,,,,
1782702000,8,False,,,,,,,,,,,,
1782702000,9,False,,,,,,,,,,,,
1782702000,10,False,,,,,,,,,,,,
1782705600,1,False,,,,,,,,,,,,
1782705600,2,False,,,,,,,,,,,,
1782705600,3,False,,,,,,,,,,,,
1782705600,4,False,,,,,,,,,,,,
1782705600,5,False,,,,,,,,,,,,
1782705600,6,False,,,,,,,,,,,,
1782705600,7,False,,,,,,,,,,,,
1782705600,8,False,,,,,,,,,,,,
1782705600,9,False,,,,,,,,,,,,
1782705600,10,False,,,,,,,,,,,,
1782709200,1,False,,,,,,,,,,,,
1782709200,2,False,,,,,,,,,,,,
1782709200,3,False,,,,,,,,,,,,
1782709200,4,False,,,,,,,,,,,,
1782709200,5,False,,,,,,,,,,,,
1782709200,6,False,,,,,,,,,,,,
1782709200,7,False,,,,,,,,,,,,
1782709200,8,False,,,,,,,,,,,,
1782709200,9,False,,,,,,,,,,,,
1782709200,10,False,,,,,,,,,,,,
1782712800,1,False,,,,,,,,,,,,
1782712800,2,False,,,,,,,,,,,,
1782712800,3,False,,,,,,,,,,,,
1782712800,4,False,,,,,,,,,,,,
1782712800,5,False,,,,,,,,,,,,
1782712800,6,False,,,,,,,,,,,,
1782712800,7,False,,,,,,,,,,,,
1782712800,8,False,,,,,,,,,,,,
1782712800,9,False,,,,,,,,,,,,
1782712800,10,False,,,,,,,,,,,,
1782716400,1,False,,,,,,,,,,,,
1782716400,2,False,,,,,,,,,,,,
1782716400,3,False,,,,,,,,,,,,
1782716400,4,False,,,,,,,,,,,,
1782716400,5,False,,,,,,,,,,,,
1782716400,6,False,,,,,,,,,,,,
1782716400,7,False,,,,,,,,,,,,
1782716400,8,False,,,,,,,,,,,,
1782716400,9,False,,,,,,,,,,,,
1782716400,10,False,,,,,,,,,,,,
1782720000,1,False,,,,,,,,,,,,
1782720000,2,False,,,,,,,,,,,,
1782720000,3,False,,,,,,,,,,,,
1782720000,4,False,,,,,,,,,,,,
1782720000,5,False,,,,,,,,,,,,
1782720000,6,False,,,,,,,,,,,,
1782720000,7,False,,,,,,,,,,,,
1782720000,8,False,,,,,,,,,,,,
1782720000,9,False,,,,,,,,,,,,
1782720000,10,False,,,,,,,,,,,,
1782723600,1,False,,,,,,,,,,,,
1782723600,2,False,,,,,,,,,,,,
1782723600,3,False,,,,,,,,,,,,
1782723600,4,False,,,,,,,,,,,,
1782723600,5,False,,,,,,,,,,,,
1782723600,6,False,,,,,,,,,,,,
1782723600,7,False,,,,,,,,,,,,
1782723600,8,False,,,,,,,,,,,,
1782723600,9,False,,,,,,,,,,,,
1782723600,10,False,,,,,,,,,,,,
1782727200,1,False,,,,,,,,,,,,
1782727200,2,False,,,,,,,,,,,,
1782727200,3,False,,,,,,,,,,,,
1782727200,4,False,,,,,,,,,,,,
1782727200,5,False,,,,,,,,,,,,
1782727200,6,False,,,,,,,,,,,,
1782727200,7,False,,,,,,,,,,,,
1782727200,8,False,,,,,,,,,,,,
1782727200,9,False,,,,,,,,,,,,
1782727200,10,False,,,,,,,,,,,,
1782730800,1,False,,,,,,,,,,,,
1782730800,2,False,,,,,,,,,,,,
1782730800,3,False,,,,,,,,,,,,
1782730800,4,False,,,,,,,,,,,,
1782730800,5,False,,,,,,,,,,,,
1782730800,6,False,,,,,,,,,,,,
1782730800,7,False,,,,,,,,,,,,
1782730800,8,False,,,,,,,,,,,,
1782730800,9,False,,,,,,,,,,,,
1782730800,10,False,,,,,,,,,,,,
1782734400,1,True,down,0.98,0.8700000047683716,41.2400016784668,0.10208299547863005,empty_book,,0.0,0.0,0.0,True,0.0
1782734400,2,True,down,0.98,0.8700000047683716,60.86000061035156,0.10208299547863005,book_moved_no_edge,0.9800000004470348,0.0,0.0,0.0,True,0.0
1782734400,3,True,down,0.98,0.8700000047683716,60.86000061035156,0.10208299547863005,filled,0.8700000047683716,28.7356320264113,25.0,0.22749999165534973,True,3.508132034755949
1782734400,4,True,down,0.9708912891926285,0.8700000047683716,103.7300033569336,0.09297428467125853,filled,0.8700000047683716,28.7356320264113,25.0,0.22749999165534973,True,3.508132034755949
1782734400,5,True,down,0.98,0.8700000047683716,112.0199966430664,0.10208299547863005,filled,0.8700000047683716,28.7356320264113,25.0,0.22749999165534973,True,3.508132034755949
1782734400,6,True,down,0.98,0.8700000047683716,112.0199966430664,0.10208299547863005,filled,0.8700000047683716,28.7356320264113,25.0,0.22749999165534973,True,3.508132034755949
1782734400,7,True,down,0.97812294294311,0.8299999982118607,5.0,0.1382459446486373,filled,0.8700000047683716,28.7356320264113,25.0,0.22749999165534973,True,3.508132034755949
1782734400,8,True,down,0.970366383768481,0.8289999961853027,34.29999923706055,0.13144325740747326,filled,0.8700000047683716,28.7356320264113,25.0,0.22749999165534973,True,3.508132034755949
1782734400,9,True,down,0.98,0.8219999969005585,63.70000076293945,0.1477578829597187,filled,0.8289999961853027,29.399999618530273,24.3725995716095,0.291740023380352,True,4.735660023540423
1782734400,10,True,down,0.9749164541006272,0.8700000047683716,166.55999755859375,0.09699944957925728,filled,0.8199999928474426,30.48780514398265,25.0,0.3150000125169754,True,5.172805131465676
1782738000,1,False,,,,,,,,,,,,
1782738000,2,False,,,,,,,,,,,,
1782738000,3,False,,,,,,,,,,,,
1782738000,4,False,,,,,,,,,,,,
1782738000,5,False,,,,,,,,,,,,
1782738000,6,False,,,,,,,,,,,,
1782738000,7,False,,,,,,,,,,,,
1782738000,8,False,,,,,,,,,,,,
1782738000,9,False,,,,,,,,,,,,
1782738000,10,False,,,,,,,,,,,,
1782741600,1,False,,,,,,,,,,,,
1782741600,2,False,,,,,,,,,,,,
1782741600,3,False,,,,,,,,,,,,
1782741600,4,False,,,,,,,,,,,,
1782741600,5,False,,,,,,,,,,,,
1782741600,6,False,,,,,,,,,,,,
1782741600,7,False,,,,,,,,,,,,
1782741600,8,False,,,,,,,,,,,,
1782741600,9,False,,,,,,,,,,,,
1782741600,10,False,,,,,,,,,,,,
1782745200,1,False,,,,,,,,,,,,
1782745200,2,False,,,,,,,,,,,,
1782745200,3,False,,,,,,,,,,,,
1782745200,4,False,,,,,,,,,,,,
1782745200,5,False,,,,,,,,,,,,
1782745200,6,False,,,,,,,,,,,,
1782745200,7,False,,,,,,,,,,,,
1782745200,8,False,,,,,,,,,,,,
1782745200,9,False,,,,,,,,,,,,
1782745200,10,False,,,,,,,,,,,,
1782748800,1,False,,,,,,,,,,,,
1782748800,2,False,,,,,,,,,,,,
1782748800,3,False,,,,,,,,,,,,
1782748800,4,False,,,,,,,,,,,,
1782748800,5,False,,,,,,,,,,,,
1782748800,6,False,,,,,,,,,,,,
1782748800,7,False,,,,,,,,,,,,
1782748800,8,False,,,,,,,,,,,,
1782748800,9,False,,,,,,,,,,,,
1782748800,10,False,,,,,,,,,,,,
1782752400,1,False,,,,,,,,,,,,
1782752400,2,False,,,,,,,,,,,,
1782752400,3,False,,,,,,,,,,,,
1782752400,4,False,,,,,,,,,,,,
1782752400,5,False,,,,,,,,,,,,
1782752400,6,False,,,,,,,,,,,,
1782752400,7,False,,,,,,,,,,,,
1782752400,8,False,,,,,,,,,,,,
1782752400,9,False,,,,,,,,,,,,
1782752400,10,False,,,,,,,,,,,,
1782756000,1,False,,,,,,,,,,,,
1782756000,2,False,,,,,,,,,,,,
1782756000,3,False,,,,,,,,,,,,
1782756000,4,False,,,,,,,,,,,,
1782756000,5,False,,,,,,,,,,,,
1782756000,6,False,,,,,,,,,,,,
1782756000,7,False,,,,,,,,,,,,
1782756000,8,False,,,,,,,,,,,,
1782756000,9,False,,,,,,,,,,,,
1782756000,10,False,,,,,,,,,,,,
1782759600,1,False,,,,,,,,,,,,
1782759600,2,False,,,,,,,,,,,,
1782759600,3,False,,,,,,,,,,,,
1782759600,4,False,,,,,,,,,,,,
1782759600,5,False,,,,,,,,,,,,
1782759600,6,False,,,,,,,,,,,,
1782759600,7,False,,,,,,,,,,,,
1782759600,8,False,,,,,,,,,,,,
1782759600,9,False,,,,,,,,,,,,
1782759600,10,False,,,,,,,,,,,,
1782763200,1,False,,,,,,,,,,,,
1782763200,2,False,,,,,,,,,,,,
1782763200,3,False,,,,,,,,,,,,
1782763200,4,False,,,,,,,,,,,,
1782763200,5,False,,,,,,,,,,,,
1782763200,6,False,,,,,,,,,,,,
1782763200,7,False,,,,,,,,,,,,
1782763200,8,False,,,,,,,,,,,,
1782763200,9,False,,,,,,,,,,,,
1782763200,10,False,,,,,,,,,,,,
1782766800,1,False,,,,,,,,,,,,
1782766800,2,False,,,,,,,,,,,,
1782766800,3,False,,,,,,,,,,,,
1782766800,4,False,,,,,,,,,,,,
1782766800,5,False,,,,,,,,,,,,
1782766800,6,False,,,,,,,,,,,,
1782766800,7,False,,,,,,,,,,,,
1782766800,8,False,,,,,,,,,,,,
1782766800,9,False,,,,,,,,,,,,
1782766800,10,False,,,,,,,,,,,,
1782770400,1,False,,,,,,,,,,,,
1782770400,2,False,,,,,,,,,,,,
1782770400,3,False,,,,,,,,,,,,
1782770400,4,False,,,,,,,,,,,,
1782770400,5,False,,,,,,,,,,,,
1782770400,6,False,,,,,,,,,,,,
1782770400,7,False,,,,,,,,,,,,
1782770400,8,False,,,,,,,,,,,,
1782770400,9,False,,,,,,,,,,,,
1782770400,10,False,,,,,,,,,,,,
1782774000,1,False,,,,,,,,,,,,
1782774000,2,False,,,,,,,,,,,,
1782774000,3,False,,,,,,,,,,,,
1782774000,4,False,,,,,,,,,,,,
1782774000,5,False,,,,,,,,,,,,
1782774000,6,False,,,,,,,,,,,,
1782774000,7,False,,,,,,,,,,,,
1782774000,8,False,,,,,,,,,,,,
1782774000,9,False,,,,,,,,,,,,
1782774000,10,False,,,,,,,,,,,,
1782777600,1,False,,,,,,,,,,,,
1782777600,2,False,,,,,,,,,,,,
1782777600,3,False,,,,,,,,,,,,
1782777600,4,False,,,,,,,,,,,,
1782777600,5,False,,,,,,,,,,,,
1782777600,6,False,,,,,,,,,,,,
1782777600,7,False,,,,,,,,,,,,
1782777600,8,False,,,,,,,,,,,,
1782777600,9,False,,,,,,,,,,,,
1782777600,10,False,,,,,,,,,,,,
1782781200,1,False,,,,,,,,,,,,
1782781200,2,False,,,,,,,,,,,,
1782781200,3,False,,,,,,,,,,,,
1782781200,4,False,,,,,,,,,,,,
1782781200,5,False,,,,,,,,,,,,
1782781200,6,False,,,,,,,,,,,,
1782781200,7,False,,,,,,,,,,,,
1782781200,8,False,,,,,,,,,,,,
1782781200,9,False,,,,,,,,,,,,
1782781200,10,False,,,,,,,,,,,,
1782784800,1,True,up,0.98,0.8700000047683716,5.0,0.10208299547863005,empty_book,,0.0,0.0,0.0,True,0.0
1782784800,2,True,up,0.98,0.8700000047683716,5.0,0.10208299547863005,book_moved_no_edge,0.9950000047683716,0.0,0.0,0.0,True,0.0
1782784800,3,True,up,0.9753499530579268,0.8500000238418579,5.0,0.11642493038431999,filled,0.8700000047683716,5.0,4.350000023841858,0.039584998764991754,True,0.6104149773931503
1782784800,4,True,up,0.9558699971050104,0.8500000238418579,5.0,0.09694497443140358,filled,0.8700000047683716,5.0,4.350000023841858,0.039584998764991754,True,0.6104149773931503
1782784800,5,True,up,0.936331025610672,0.847000002861023,19.600000381469727,0.0802596528886376,filled,0.8500000238418579,5.0,4.2500001192092896,0.044624994158744616,True,0.7053748866319658
1782784800,6,False,,,,,,,,,,,,
1782784800,7,False,,,,,,,,,,,,
1782784800,8,False,,,,,,,,,,,,
1782784800,9,False,,,,,,,,,,,,
1782784800,10,False,,,,,,,,,,,,
1782788400,1,False,,,,,,,,,,,,
1782788400,2,False,,,,,,,,,,,,
1782788400,3,False,,,,,,,,,,,,
1782788400,4,False,,,,,,,,,,,,
1782788400,5,False,,,,,,,,,,,,
1782788400,6,False,,,,,,,,,,,,
1782788400,7,False,,,,,,,,,,,,
1782788400,8,False,,,,,,,,,,,,
1782788400,9,False,,,,,,,,,,,,
1782788400,10,False,,,,,,,,,,,,
1782792000,1,False,,,,,,,,,,,,
1782792000,2,False,,,,,,,,,,,,
1782792000,3,False,,,,,,,,,,,,
1782792000,4,False,,,,,,,,,,,,
1782792000,5,False,,,,,,,,,,,,
1782792000,6,False,,,,,,,,,,,,
1782792000,7,False,,,,,,,,,,,,
1782792000,8,False,,,,,,,,,,,,
1782792000,9,False,,,,,,,,,,,,
1782792000,10,False,,,,,,,,,,,,
1782795600,1,False,,,,,,,,,,,,
1782795600,2,False,,,,,,,,,,,,
1782795600,3,False,,,,,,,,,,,,
1782795600,4,False,,,,,,,,,,,,
1782795600,5,False,,,,,,,,,,,,
1782795600,6,False,,,,,,,,,,,,
1782795600,7,False,,,,,,,,,,,,
1782795600,8,False,,,,,,,,,,,,
1782795600,9,False,,,,,,,,,,,,
1782795600,10,False,,,,,,,,,,,,
1782799200,1,False,,,,,,,,,,,,
1782799200,2,False,,,,,,,,,,,,
1782799200,3,False,,,,,,,,,,,,
1782799200,4,False,,,,,,,,,,,,
1782799200,5,False,,,,,,,,,,,,
1782799200,6,False,,,,,,,,,,,,
1782799200,7,False,,,,,,,,,,,,
1782799200,8,False,,,,,,,,,,,,
1782799200,9,False,,,,,,,,,,,,
1782799200,10,False,,,,,,,,,,,,
1782802800,1,False,,,,,,,,,,,,
1782802800,2,False,,,,,,,,,,,,
1782802800,3,False,,,,,,,,,,,,
1782802800,4,False,,,,,,,,,,,,
1782802800,5,False,,,,,,,,,,,,
1782802800,6,False,,,,,,,,,,,,
1782802800,7,False,,,,,,,,,,,,
1782802800,8,False,,,,,,,,,,,,
1782802800,9,False,,,,,,,,,,,,
1782802800,10,False,,,,,,,,,,,,
1782806400,1,False,,,,,,,,,,,,
1782806400,2,False,,,,,,,,,,,,
1782806400,3,False,,,,,,,,,,,,
1782806400,4,False,,,,,,,,,,,,
1782806400,5,False,,,,,,,,,,,,
1782806400,6,False,,,,,,,,,,,,
1782806400,7,False,,,,,,,,,,,,
1782806400,8,False,,,,,,,,,,,,
1782806400,9,False,,,,,,,,,,,,
1782806400,10,False,,,,,,,,,,,,
1782810000,1,False,,,,,,,,,,,,
1782810000,2,False,,,,,,,,,,,,
1782810000,3,False,,,,,,,,,,,,
1782810000,4,False,,,,,,,,,,,,
1782810000,5,False,,,,,,,,,,,,
1782810000,6,False,,,,,,,,,,,,
1782810000,7,False,,,,,,,,,,,,
1782810000,8,False,,,,,,,,,,,,
1782810000,9,False,,,,,,,,,,,,
1782810000,10,False,,,,,,,,,,,,
1782813600,1,False,,,,,,,,,,,,
1782813600,2,False,,,,,,,,,,,,
1782813600,3,False,,,,,,,,,,,,
1782813600,4,False,,,,,,,,,,,,
1782813600,5,False,,,,,,,,,,,,
1782813600,6,False,,,,,,,,,,,,
1782813600,7,False,,,,,,,,,,,,
1782813600,8,False,,,,,,,,,,,,
1782813600,9,False,,,,,,,,,,,,
1782813600,10,False,,,,,,,,,,,,
1782817200,1,False,,,,,,,,,,,,
1782817200,2,False,,,,,,,,,,,,
1782817200,3,False,,,,,,,,,,,,
1782817200,4,False,,,,,,,,,,,,
1782817200,5,False,,,,,,,,,,,,
1782817200,6,False,,,,,,,,,,,,
1782817200,7,False,,,,,,,,,,,,
1782817200,8,False,,,,,,,,,,,,
1782817200,9,False,,,,,,,,,,,,
1782817200,10,False,,,,,,,,,,,,
1782820800,1,False,,,,,,,,,,,,
1782820800,2,False,,,,,,,,,,,,
1782820800,3,False,,,,,,,,,,,,
1782820800,4,False,,,,,,,,,,,,
1782820800,5,False,,,,,,,,,,,,
1782820800,6,False,,,,,,,,,,,,
1782820800,7,False,,,,,,,,,,,,
1782820800,8,False,,,,,,,,,,,,
1782820800,9,False,,,,,,,,,,,,
1782820800,10,False,,,,,,,,,,,,
1782824400,1,False,,,,,,,,,,,,
1782824400,2,False,,,,,,,,,,,,
1782824400,3,False,,,,,,,,,,,,
1782824400,4,False,,,,,,,,,,,,
1782824400,5,False,,,,,,,,,,,,
1782824400,6,False,,,,,,,,,,,,
1782824400,7,False,,,,,,,,,,,,
1782824400,8,False,,,,,,,,,,,,
1782824400,9,False,,,,,,,,,,,,
1782824400,10,False,,,,,,,,,,,,
1782828000,1,False,,,,,,,,,,,,
1782828000,2,False,,,,,,,,,,,,
1782828000,3,False,,,,,,,,,,,,
1782828000,4,False,,,,,,,,,,,,
1782828000,5,False,,,,,,,,,,,,
1782828000,6,False,,,,,,,,,,,,
1782828000,7,False,,,,,,,,,,,,
1782828000,8,False,,,,,,,,,,,,
1782828000,9,False,,,,,,,,,,,,
1782828000,10,False,,,,,,,,,,,,
1782831600,1,False,,,,,,,,,,,,
1782831600,2,False,,,,,,,,,,,,
1782831600,3,False,,,,,,,,,,,,
1782831600,4,False,,,,,,,,,,,,
1782831600,5,False,,,,,,,,,,,,
1782831600,6,False,,,,,,,,,,,,
1782831600,7,False,,,,,,,,,,,,
1782831600,8,False,,,,,,,,,,,,
1782831600,9,False,,,,,,,,,,,,
1782831600,10,False,,,,,,,,,,,,
1782835200,1,False,,,,,,,,,,,,
1782835200,2,False,,,,,,,,,,,,
1782835200,3,False,,,,,,,,,,,,
1782835200,4,False,,,,,,,,,,,,
1782835200,5,False,,,,,,,,,,,,
1782835200,6,False,,,,,,,,,,,,
1782835200,7,False,,,,,,,,,,,,
1782835200,8,False,,,,,,,,,,,,
1782835200,9,False,,,,,,,,,,,,
1782835200,10,False,,,,,,,,,,,,
1782838800,1,False,,,,,,,,,,,,
1782838800,2,False,,,,,,,,,,,,
1782838800,3,False,,,,,,,,,,,,
1782838800,4,False,,,,,,,,,,,,
1782838800,5,False,,,,,,,,,,,,
1782838800,6,False,,,,,,,,,,,,
1782838800,7,False,,,,,,,,,,,,
1782838800,8,False,,,,,,,,,,,,
1782838800,9,False,,,,,,,,,,,,
1782838800,10,False,,,,,,,,,,,,
1782842400,1,False,,,,,,,,,,,,
1782842400,2,False,,,,,,,,,,,,
1782842400,3,False,,,,,,,,,,,,
1782842400,4,False,,,,,,,,,,,,
1782842400,5,False,,,,,,,,,,,,
1782842400,6,False,,,,,,,,,,,,
1782842400,7,False,,,,,,,,,,,,
1782842400,8,False,,,,,,,,,,,,
1782842400,9,False,,,,,,,,,,,,
1782842400,10,False,,,,,,,,,,,,
1782846000,1,False,,,,,,,,,,,,
1782846000,2,False,,,,,,,,,,,,
1782846000,3,False,,,,,,,,,,,,
1782846000,4,False,,,,,,,,,,,,
1782846000,5,False,,,,,,,,,,,,
1782846000,6,False,,,,,,,,,,,,
1782846000,7,False,,,,,,,,,,,,
1782846000,8,False,,,,,,,,,,,,
1782846000,9,False,,,,,,,,,,,,
1782846000,10,False,,,,,,,,,,,,
1782849600,1,False,,,,,,,,,,,,
1782849600,2,False,,,,,,,,,,,,
1782849600,3,False,,,,,,,,,,,,
1782849600,4,False,,,,,,,,,,,,
1782849600,5,False,,,,,,,,,,,,
1782849600,6,False,,,,,,,,,,,,
1782849600,7,False,,,,,,,,,,,,
1782849600,8,False,,,,,,,,,,,,
1782849600,9,False,,,,,,,,,,,,
1782849600,10,False,,,,,,,,,,,,
1782853200,1,False,,,,,,,,,,,,
1782853200,2,False,,,,,,,,,,,,
1782853200,3,False,,,,,,,,,,,,
1782853200,4,False,,,,,,,,,,,,
1782853200,5,False,,,,,,,,,,,,
1782853200,6,False,,,,,,,,,,,,
1782853200,7,False,,,,,,,,,,,,
1782853200,8,False,,,,,,,,,,,,
1782853200,9,False,,,,,,,,,,,,
1782853200,10,False,,,,,,,,,,,,
1782856800,1,False,,,,,,,,,,,,
1782856800,2,False,,,,,,,,,,,,
1782856800,3,False,,,,,,,,,,,,
1782856800,4,False,,,,,,,,,,,,
1782856800,5,False,,,,,,,,,,,,
1782856800,6,False,,,,,,,,,,,,
1782856800,7,False,,,,,,,,,,,,
1782856800,8,False,,,,,,,,,,,,
1782856800,9,False,,,,,,,,,,,,
1782856800,10,False,,,,,,,,,,,,
1782860400,1,True,up,0.98,0.3499999940395355,15.399999618530273,0.6140750060856343,empty_book,,0.0,0.0,0.0,True,0.0
1782860400,2,True,up,0.98,0.5699999928474426,5.0,0.3928430070824623,filled,0.6800000071525574,35.08000183105469,23.854401496028913,0.5343385815676495,True,10.691261753458125
1782860400,3,True,up,0.9776538727265054,0.5600000023841858,19.90999984741211,0.40040587036234676,filled,0.5600000023841858,31.690000534057617,17.746400374627115,0.5465891285767651,True,13.397011030853738
1782860400,4,True,up,0.9588569560714199,0.5600000023841858,42.439998626708984,0.3816089537072612,filled,0.5600000023841858,9.180000305175781,5.140800192785264,0.15833664507982256,True,3.8808634673106948
1782860400,5,True,up,0.8527456223501446,0.5799999833106995,20.0,0.255693638852525,filled,0.5600000023841858,35.290000915527344,19.76240059683323,0.6086819350842572,True,14.918918383609855
1782860400,6,True,down,0.569807246287787,0.3100000023841858,14.579999923706055,0.24483424384018188,book_moved_no_edge,0.7100000083446503,0.0,0.0,0.0,False,0.0
1782860400,7,True,up,0.98,0.699999988079071,5551.60009765625,0.26530001158714295,filled,0.5699999928474426,18.469999313354492,10.52789947650433,0.31688977951387876,True,7.625210057336282
1782860400,8,True,up,0.98,0.6899999976158142,8.710000038146973,0.27502700232076643,filled,0.699999988079071,35.714286322496385,25.0,0.5250000208616257,True,10.189286301634759
1782860400,9,True,up,0.98,0.8399999737739563,24.700000762939453,0.13059202497768405,filled,0.699999988079071,35.714286322496385,25.0,0.5250000208616257,True,10.189286301634759
1782860400,10,True,up,0.98,0.8100000023841858,5.0,0.15922699771928786,filled,0.75,33.333333333333336,25.0,0.43750000000000006,True,7.895833333333336
1782864000,1,False,,,,,,,,,,,,
1782864000,2,False,,,,,,,,,,,,
1782864000,3,False,,,,,,,,,,,,
1782864000,4,False,,,,,,,,,,,,
1782864000,5,False,,,,,,,,,,,,
1782864000,6,False,,,,,,,,,,,,
1782864000,7,False,,,,,,,,,,,,
1782864000,8,False,,,,,,,,,,,,
1782864000,9,False,,,,,,,,,,,,
1782864000,10,False,,,,,,,,,,,,
1782867600,1,False,,,,,,,,,,,,
1782867600,2,False,,,,,,,,,,,,
1782867600,3,False,,,,,,,,,,,,
1782867600,4,False,,,,,,,,,,,,
1782867600,5,False,,,,,,,,,,,,
1782867600,6,False,,,,,,,,,,,,
1782867600,7,False,,,,,,,,,,,,
1782867600,8,False,,,,,,,,,,,,
1782867600,9,False,,,,,,,,,,,,
1782867600,10,False,,,,,,,,,,,,
1782871200,1,False,,,,,,,,,,,,
1782871200,2,False,,,,,,,,,,,,
1782871200,3,False,,,,,,,,,,,,
1782871200,4,False,,,,,,,,,,,,
1782871200,5,False,,,,,,,,,,,,
1782871200,6,False,,,,,,,,,,,,
1782871200,7,False,,,,,,,,,,,,
1782871200,8,False,,,,,,,,,,,,
1782871200,9,False,,,,,,,,,,,,
1782871200,10,False,,,,,,,,,,,,
1782874800,1,False,,,,,,,,,,,,
1782874800,2,False,,,,,,,,,,,,
1782874800,3,False,,,,,,,,,,,,
1782874800,4,False,,,,,,,,,,,,
1782874800,5,False,,,,,,,,,,,,
1782874800,6,False,,,,,,,,,,,,
1782874800,7,False,,,,,,,,,,,,
1782874800,8,False,,,,,,,,,,,,
1782874800,9,False,,,,,,,,,,,,
1782874800,10,False,,,,,,,,,,,,
1782878400,1,False,,,,,,,,,,,,
1782878400,2,False,,,,,,,,,,,,
1782878400,3,False,,,,,,,,,,,,
1782878400,4,False,,,,,,,,,,,,
1782878400,5,False,,,,,,,,,,,,
1782878400,6,False,,,,,,,,,,,,
1782878400,7,False,,,,,,,,,,,,
1782878400,8,False,,,,,,,,,,,,
1782878400,9,False,,,,,,,,,,,,
1782878400,10,False,,,,,,,,,,,,
1782882000,1,False,,,,,,,,,,,,
1782882000,2,False,,,,,,,,,,,,
1782882000,3,False,,,,,,,,,,,,
1782882000,4,False,,,,,,,,,,,,
1782882000,5,False,,,,,,,,,,,,
1782882000,6,False,,,,,,,,,,,,
1782882000,7,False,,,,,,,,,,,,
1782882000,8,False,,,,,,,,,,,,
1782882000,9,False,,,,,,,,,,,,
1782882000,10,False,,,,,,,,,,,,
1782885600,1,False,,,,,,,,,,,,
1782885600,2,False,,,,,,,,,,,,
1782885600,3,False,,,,,,,,,,,,
1782885600,4,False,,,,,,,,,,,,
1782885600,5,False,,,,,,,,,,,,
1782885600,6,False,,,,,,,,,,,,
1782885600,7,False,,,,,,,,,,,,
1782885600,8,False,,,,,,,,,,,,
1782885600,9,False,,,,,,,,,,,,
1782885600,10,False,,,,,,,,,,,,
1782889200,1,False,,,,,,,,,,,,
1782889200,2,False,,,,,,,,,,,,
1782889200,3,False,,,,,,,,,,,,
1782889200,4,False,,,,,,,,,,,,
1782889200,5,False,,,,,,,,,,,,
1782889200,6,False,,,,,,,,,,,,
1782889200,7,True,up,0.98,0.9200000166893005,13.75,0.05484798429203033,book_moved_no_edge,0.9800000190734863,0.0,0.0,0.0,True,0.0
1782889200,8,True,up,0.98,0.9200000166893005,101.94999694824219,0.05484798429203033,book_moved_no_edge,0.949999988079071,0.0,0.0,0.0,True,0.0
1782889200,9,True,up,0.98,0.9200000166893005,146.0500030517578,0.05484798429203033,filled,0.9200000166893005,27.1739125505287,25.0,0.13999997079372406,True,2.0339125797349773
1782889200,10,True,up,0.98,0.9200000166893005,195.14999389648438,0.05484798429203033,filled,0.9200000166893005,27.1739125505287,25.0,0.13999997079372406,True,2.0339125797349773
1782892800,1,False,,,,,,,,,,,,
1782892800,2,False,,,,,,,,,,,,
1782892800,3,False,,,,,,,,,,,,
1782892800,4,False,,,,,,,,,,,,
1782892800,5,False,,,,,,,,,,,,
1782892800,6,False,,,,,,,,,,,,
1782892800,7,False,,,,,,,,,,,,
1782892800,8,False,,,,,,,,,,,,
1782892800,9,False,,,,,,,,,,,,
1782892800,10,False,,,,,,,,,,,,
1782896400,1,False,,,,,,,,,,,,
1782896400,2,False,,,,,,,,,,,,
1782896400,3,False,,,,,,,,,,,,
1782896400,4,False,,,,,,,,,,,,
1782896400,5,False,,,,,,,,,,,,
1782896400,6,False,,,,,,,,,,,,
1782896400,7,False,,,,,,,,,,,,
1782896400,8,False,,,,,,,,,,,,
1782896400,9,False,,,,,,,,,,,,
1782896400,10,False,,,,,,,,,,,,
1782900000,1,False,,,,,,,,,,,,
1782900000,2,False,,,,,,,,,,,,
1782900000,3,False,,,,,,,,,,,,
1782900000,4,False,,,,,,,,,,,,
1782900000,5,False,,,,,,,,,,,,
1782900000,6,False,,,,,,,,,,,,
1782900000,7,False,,,,,,,,,,,,
1782900000,8,False,,,,,,,,,,,,
1782900000,9,False,,,,,,,,,,,,
1782900000,10,False,,,,,,,,,,,,
1782903600,1,False,,,,,,,,,,,,
1782903600,2,False,,,,,,,,,,,,
1782903600,3,False,,,,,,,,,,,,
1782903600,4,False,,,,,,,,,,,,
1782903600,5,False,,,,,,,,,,,,
1782903600,6,False,,,,,,,,,,,,
1782903600,7,False,,,,,,,,,,,,
1782903600,8,False,,,,,,,,,,,,
1782903600,9,False,,,,,,,,,,,,
1782903600,10,False,,,,,,,,,,,,
1782907200,1,False,,,,,,,,,,,,
1782907200,2,False,,,,,,,,,,,,
1782907200,3,False,,,,,,,,,,,,
1782907200,4,False,,,,,,,,,,,,
1782907200,5,False,,,,,,,,,,,,
1782907200,6,False,,,,,,,,,,,,
1782907200,7,False,,,,,,,,,,,,
1782907200,8,False,,,,,,,,,,,,
1782907200,9,False,,,,,,,,,,,,
1782907200,10,False,,,,,,,,,,,,
1782910800,1,False,,,,,,,,,,,,
1782910800,2,False,,,,,,,,,,,,
1782910800,3,False,,,,,,,,,,,,
1782910800,4,False,,,,,,,,,,,,
1782910800,5,False,,,,,,,,,,,,
1782910800,6,False,,,,,,,,,,,,
1782910800,7,False,,,,,,,,,,,,
1782910800,8,False,,,,,,,,,,,,
1782910800,9,False,,,,,,,,,,,,
1782910800,10,False,,,,,,,,,,,,
1782914400,1,False,,,,,,,,,,,,
1782914400,2,False,,,,,,,,,,,,
1782914400,3,False,,,,,,,,,,,,
1782914400,4,False,,,,,,,,,,,,
1782914400,5,False,,,,,,,,,,,,
1782914400,6,False,,,,,,,,,,,,
1782914400,7,False,,,,,,,,,,,,
1782914400,8,False,,,,,,,,,,,,
1782914400,9,False,,,,,,,,,,,,
1782914400,10,False,,,,,,,,,,,,
1782918000,1,False,,,,,,,,,,,,
1782918000,2,False,,,,,,,,,,,,
1782918000,3,False,,,,,,,,,,,,
1782918000,4,False,,,,,,,,,,,,
1782918000,5,False,,,,,,,,,,,,
1782918000,6,False,,,,,,,,,,,,
1782918000,7,False,,,,,,,,,,,,
1782918000,8,False,,,,,,,,,,,,
1782918000,9,False,,,,,,,,,,,,
1782918000,10,False,,,,,,,,,,,,
1782921600,1,False,,,,,,,,,,,,
1782921600,2,False,,,,,,,,,,,,
1782921600,3,False,,,,,,,,,,,,
1782921600,4,False,,,,,,,,,,,,
1782921600,5,False,,,,,,,,,,,,
1782921600,6,False,,,,,,,,,,,,
1782921600,7,False,,,,,,,,,,,,
1782921600,8,False,,,,,,,,,,,,
1782921600,9,False,,,,,,,,,,,,
1782921600,10,False,,,,,,,,,,,,
1782925200,1,False,,,,,,,,,,,,
1782925200,2,False,,,,,,,,,,,,
1782925200,3,False,,,,,,,,,,,,
1782925200,4,False,,,,,,,,,,,,
1782925200,5,False,,,,,,,,,,,,
1782925200,6,False,,,,,,,,,,,,
1782925200,7,False,,,,,,,,,,,,
1782925200,8,False,,,,,,,,,,,,
1782925200,9,False,,,,,,,,,,,,
1782925200,10,False,,,,,,,,,,,,
1782928800,1,False,,,,,,,,,,,,
1782928800,2,False,,,,,,,,,,,,
1782928800,3,False,,,,,,,,,,,,
1782928800,4,False,,,,,,,,,,,,
1782928800,5,False,,,,,,,,,,,,
1782928800,6,False,,,,,,,,,,,,
1782928800,7,False,,,,,,,,,,,,
1782928800,8,False,,,,,,,,,,,,
1782928800,9,False,,,,,,,,,,,,
1782928800,10,False,,,,,,,,,,,,
1782932400,1,False,,,,,,,,,,,,
1782932400,2,False,,,,,,,,,,,,
1782932400,3,False,,,,,,,,,,,,
1782932400,4,False,,,,,,,,,,,,
1782932400,5,False,,,,,,,,,,,,
1782932400,6,False,,,,,,,,,,,,
1782932400,7,False,,,,,,,,,,,,
1782932400,8,False,,,,,,,,,,,,
1782932400,9,False,,,,,,,,,,,,
1782932400,10,False,,,,,,,,,,,,
1782936000,1,False,,,,,,,,,,,,
1782936000,2,False,,,,,,,,,,,,
1782936000,3,False,,,,,,,,,,,,
1782936000,4,False,,,,,,,,,,,,
1782936000,5,False,,,,,,,,,,,,
1782936000,6,False,,,,,,,,,,,,
1782936000,7,False,,,,,,,,,,,,
1782936000,8,False,,,,,,,,,,,,
1782936000,9,False,,,,,,,,,,,,
1782936000,10,False,,,,,,,,,,,,
1782939600,1,False,,,,,,,,,,,,
1782939600,2,False,,,,,,,,,,,,
1782939600,3,False,,,,,,,,,,,,
1782939600,4,False,,,,,,,,,,,,
1782939600,5,False,,,,,,,,,,,,
1782939600,6,False,,,,,,,,,,,,
1782939600,7,False,,,,,,,,,,,,
1782939600,8,False,,,,,,,,,,,,
1782939600,9,False,,,,,,,,,,,,
1782939600,10,False,,,,,,,,,,,,
1782943200,1,False,,,,,,,,,,,,
1782943200,2,False,,,,,,,,,,,,
1782943200,3,False,,,,,,,,,,,,
1782943200,4,False,,,,,,,,,,,,
1782943200,5,False,,,,,,,,,,,,
1782943200,6,False,,,,,,,,,,,,
1782943200,7,False,,,,,,,,,,,,
1782943200,8,False,,,,,,,,,,,,
1782943200,9,False,,,,,,,,,,,,
1782943200,10,False,,,,,,,,,,,,
1782946800,1,False,,,,,,,,,,,,
1782946800,2,False,,,,,,,,,,,,
1782946800,3,False,,,,,,,,,,,,
1782946800,4,False,,,,,,,,,,,,
1782946800,5,False,,,,,,,,,,,,
1782946800,6,False,,,,,,,,,,,,
1782946800,7,False,,,,,,,,,,,,
1782946800,8,False,,,,,,,,,,,,
1782946800,9,False,,,,,,,,,,,,
1782946800,10,False,,,,,,,,,,,,
1782950400,1,False,,,,,,,,,,,,
1782950400,2,False,,,,,,,,,,,,
1782950400,3,False,,,,,,,,,,,,
1782950400,4,False,,,,,,,,,,,,
1782950400,5,False,,,,,,,,,,,,
1782950400,6,False,,,,,,,,,,,,
1782950400,7,False,,,,,,,,,,,,
1782950400,8,False,,,,,,,,,,,,
1782950400,9,False,,,,,,,,,,,,
1782950400,10,False,,,,,,,,,,,,
1782954000,1,False,,,,,,,,,,,,
1782954000,2,False,,,,,,,,,,,,
1782954000,3,False,,,,,,,,,,,,
1782954000,4,False,,,,,,,,,,,,
1782954000,5,False,,,,,,,,,,,,
1782954000,6,False,,,,,,,,,,,,
1782954000,7,False,,,,,,,,,,,,
1782954000,8,False,,,,,,,,,,,,
1782954000,9,False,,,,,,,,,,,,
1782954000,10,False,,,,,,,,,,,,
1782957600,1,False,,,,,,,,,,,,
1782957600,2,False,,,,,,,,,,,,
1782957600,3,False,,,,,,,,,,,,
1782957600,4,False,,,,,,,,,,,,
1782957600,5,False,,,,,,,,,,,,
1782957600,6,False,,,,,,,,,,,,
1782957600,7,False,,,,,,,,,,,,
1782957600,8,False,,,,,,,,,,,,
1782957600,9,False,,,,,,,,,,,,
1782957600,10,False,,,,,,,,,,,,
1782961200,1,False,,,,,,,,,,,,
1782961200,2,False,,,,,,,,,,,,
1782961200,3,False,,,,,,,,,,,,
1782961200,4,False,,,,,,,,,,,,
1782961200,5,False,,,,,,,,,,,,
1782961200,6,False,,,,,,,,,,,,
1782961200,7,False,,,,,,,,,,,,
1782961200,8,False,,,,,,,,,,,,
1782961200,9,False,,,,,,,,,,,,
1782961200,10,False,,,,,,,,,,,,
1782964800,1,False,,,,,,,,,,,,
1782964800,2,False,,,,,,,,,,,,
1782964800,3,False,,,,,,,,,,,,
1782964800,4,False,,,,,,,,,,,,
1782964800,5,False,,,,,,,,,,,,
1782964800,6,False,,,,,,,,,,,,
1782964800,7,False,,,,,,,,,,,,
1782964800,8,False,,,,,,,,,,,,
1782964800,9,False,,,,,,,,,,,,
1782964800,10,False,,,,,,,,,,,,
1782968400,1,False,,,,,,,,,,,,
1782968400,2,False,,,,,,,,,,,,
1782968400,3,False,,,,,,,,,,,,
1782968400,4,False,,,,,,,,,,,,
1782968400,5,False,,,,,,,,,,,,
1782968400,6,False,,,,,,,,,,,,
1782968400,7,False,,,,,,,,,,,,
1782968400,8,False,,,,,,,,,,,,
1782968400,9,False,,,,,,,,,,,,
1782968400,10,False,,,,,,,,,,,,
1782972000,1,False,,,,,,,,,,,,
1782972000,2,False,,,,,,,,,,,,
1782972000,3,False,,,,,,,,,,,,
1782972000,4,False,,,,,,,,,,,,
1782972000,5,False,,,,,,,,,,,,
1782972000,6,False,,,,,,,,,,,,
1782972000,7,False,,,,,,,,,,,,
1782972000,8,False,,,,,,,,,,,,
1782972000,9,False,,,,,,,,,,,,
1782972000,10,False,,,,,,,,,,,,
1782975600,1,False,,,,,,,,,,,,
1782975600,2,False,,,,,,,,,,,,
1782975600,3,False,,,,,,,,,,,,
1782975600,4,False,,,,,,,,,,,,
1782975600,5,False,,,,,,,,,,,,
1782975600,6,False,,,,,,,,,,,,
1782975600,7,False,,,,,,,,,,,,
1782975600,8,False,,,,,,,,,,,,
1782975600,9,False,,,,,,,,,,,,
1782975600,10,False,,,,,,,,,,,,
1782979200,1,False,,,,,,,,,,,,
1782979200,2,False,,,,,,,,,,,,
1782979200,3,False,,,,,,,,,,,,
1782979200,4,False,,,,,,,,,,,,
1782979200,5,False,,,,,,,,,,,,
1782979200,6,False,,,,,,,,,,,,
1782979200,7,False,,,,,,,,,,,,
1782979200,8,False,,,,,,,,,,,,
1782979200,9,False,,,,,,,,,,,,
1782979200,10,False,,,,,,,,,,,,
1782982800,1,False,,,,,,,,,,,,
1782982800,2,False,,,,,,,,,,,,
1782982800,3,False,,,,,,,,,,,,
1782982800,4,False,,,,,,,,,,,,
1782982800,5,False,,,,,,,,,,,,
1782982800,6,False,,,,,,,,,,,,
1782982800,7,False,,,,,,,,,,,,
1782982800,8,False,,,,,,,,,,,,
1782982800,9,False,,,,,,,,,,,,
1782982800,10,False,,,,,,,,,,,,
1782986400,1,False,,,,,,,,,,,,
1782986400,2,False,,,,,,,,,,,,
1782986400,3,False,,,,,,,,,,,,
1782986400,4,False,,,,,,,,,,,,
1782986400,5,False,,,,,,,,,,,,
1782986400,6,False,,,,,,,,,,,,
1782986400,7,False,,,,,,,,,,,,
1782986400,8,False,,,,,,,,,,,,
1782986400,9,False,,,,,,,,,,,,
1782986400,10,False,,,,,,,,,,,,
1782990000,1,False,,,,,,,,,,,,
1782990000,2,False,,,,,,,,,,,,
1782990000,3,False,,,,,,,,,,,,
1782990000,4,False,,,,,,,,,,,,
1782990000,5,False,,,,,,,,,,,,
1782990000,6,False,,,,,,,,,,,,
1782990000,7,False,,,,,,,,,,,,
1782990000,8,False,,,,,,,,,,,,
1782990000,9,False,,,,,,,,,,,,
1782990000,10,False,,,,,,,,,,,,
1782993600,1,False,,,,,,,,,,,,
1782993600,2,False,,,,,,,,,,,,
1782993600,3,False,,,,,,,,,,,,
1782993600,4,False,,,,,,,,,,,,
1782993600,5,False,,,,,,,,,,,,
1782993600,6,False,,,,,,,,,,,,
1782993600,7,False,,,,,,,,,,,,
1782993600,8,False,,,,,,,,,,,,
1782993600,9,False,,,,,,,,,,,,
1782993600,10,False,,,,,,,,,,,,
1782997200,1,False,,,,,,,,,,,,
1782997200,2,False,,,,,,,,,,,,
1782997200,3,False,,,,,,,,,,,,
1782997200,4,False,,,,,,,,,,,,
1782997200,5,False,,,,,,,,,,,,
1782997200,6,False,,,,,,,,,,,,
1782997200,7,False,,,,,,,,,,,,
1782997200,8,False,,,,,,,,,,,,
1782997200,9,False,,,,,,,,,,,,
1782997200,10,False,,,,,,,,,,,,
1783000800,1,False,,,,,,,,,,,,
1783000800,2,False,,,,,,,,,,,,
1783000800,3,False,,,,,,,,,,,,
1783000800,4,False,,,,,,,,,,,,
1783000800,5,False,,,,,,,,,,,,
1783000800,6,False,,,,,,,,,,,,
1783000800,7,False,,,,,,,,,,,,
1783000800,8,False,,,,,,,,,,,,
1783000800,9,False,,,,,,,,,,,,
1783000800,10,False,,,,,,,,,,,,
1783004400,1,False,,,,,,,,,,,,
1783004400,2,False,,,,,,,,,,,,
1783004400,3,False,,,,,,,,,,,,
1783004400,4,False,,,,,,,,,,,,
1783004400,5,False,,,,,,,,,,,,
1783004400,6,False,,,,,,,,,,,,
1783004400,7,False,,,,,,,,,,,,
1783004400,8,False,,,,,,,,,,,,
1783004400,9,False,,,,,,,,,,,,
1783004400,10,False,,,,,,,,,,,,
1783008000,1,False,,,,,,,,,,,,
1783008000,2,False,,,,,,,,,,,,
1783008000,3,False,,,,,,,,,,,,
1783008000,4,False,,,,,,,,,,,,
1783008000,5,False,,,,,,,,,,,,
1783008000,6,False,,,,,,,,,,,,
1783008000,7,False,,,,,,,,,,,,
1783008000,8,False,,,,,,,,,,,,
1783008000,9,False,,,,,,,,,,,,
1783008000,10,False,,,,,,,,,,,,
1783011600,1,False,,,,,,,,,,,,
1783011600,2,False,,,,,,,,,,,,
1783011600,3,False,,,,,,,,,,,,
1783011600,4,False,,,,,,,,,,,,
1783011600,5,False,,,,,,,,,,,,
1783011600,6,False,,,,,,,,,,,,
1783011600,7,False,,,,,,,,,,,,
1783011600,8,False,,,,,,,,,,,,
1783011600,9,False,,,,,,,,,,,,
1783011600,10,False,,,,,,,,,,,,
1783015200,1,False,,,,,,,,,,,,
1783015200,2,False,,,,,,,,,,,,
1783015200,3,False,,,,,,,,,,,,
1783015200,4,False,,,,,,,,,,,,
1783015200,5,False,,,,,,,,,,,,
1783015200,6,False,,,,,,,,,,,,
1783015200,7,False,,,,,,,,,,,,
1783015200,8,False,,,,,,,,,,,,
1783015200,9,False,,,,,,,,,,,,
1783015200,10,False,,,,,,,,,,,,
1783018800,1,False,,,,,,,,,,,,
1783018800,2,False,,,,,,,,,,,,
1783018800,3,False,,,,,,,,,,,,
1783018800,4,False,,,,,,,,,,,,
1783018800,5,False,,,,,,,,,,,,
1783018800,6,False,,,,,,,,,,,,
1783018800,7,False,,,,,,,,,,,,
1783018800,8,False,,,,,,,,,,,,
1783018800,9,False,,,,,,,,,,,,
1783018800,10,False,,,,,,,,,,,,
1783022400,1,False,,,,,,,,,,,,
1783022400,2,False,,,,,,,,,,,,
1783022400,3,False,,,,,,,,,,,,
1783022400,4,False,,,,,,,,,,,,
1783022400,5,False,,,,,,,,,,,,
1783022400,6,False,,,,,,,,,,,,
1783022400,7,False,,,,,,,,,,,,
1783022400,8,False,,,,,,,,,,,,
1783022400,9,False,,,,,,,,,,,,
1783022400,10,False,,,,,,,,,,,,
1783026000,1,False,,,,,,,,,,,,
1783026000,2,False,,,,,,,,,,,,
1783026000,3,False,,,,,,,,,,,,
1783026000,4,False,,,,,,,,,,,,
1783026000,5,False,,,,,,,,,,,,
1783026000,6,False,,,,,,,,,,,,
1783026000,7,True,up,0.9459717616857113,0.8799999952316284,20.0,0.0585797662004055,book_moved_no_edge,0.9100000262260437,0.0,0.0,0.0,True,0.0
1783026000,8,False,,,,,,,,,,,,
1783026000,9,True,up,0.9215159922204773,0.8500000238418579,17.43000030517578,0.06259096954687048,book_moved_no_edge,0.8799999952316284,0.0,0.0,0.0,True,0.0
1783026000,10,True,up,0.9103173864748648,0.8500000238418579,46.83000183105469,0.05139236380125799,book_moved_no_edge,0.8799999952316284,0.0,0.0,0.0,True,0.0
1783029600,1,False,,,,,,,,,,,,
1783029600,2,False,,,,,,,,,,,,
1783029600,3,False,,,,,,,,,,,,
1783029600,4,False,,,,,,,,,,,,
1783029600,5,False,,,,,,,,,,,,
1783029600,6,False,,,,,,,,,,,,
1783029600,7,False,,,,,,,,,,,,
1783029600,8,False,,,,,,,,,,,,
1783029600,9,False,,,,,,,,,,,,
1783029600,10,False,,,,,,,,,,,,
1783033200,1,False,,,,,,,,,,,,
1783033200,2,False,,,,,,,,,,,,
1783033200,3,False,,,,,,,,,,,,
1783033200,4,False,,,,,,,,,,,,
1783033200,5,False,,,,,,,,,,,,
1783033200,6,False,,,,,,,,,,,,
1783033200,7,False,,,,,,,,,,,,
1783033200,8,False,,,,,,,,,,,,
1783033200,9,False,,,,,,,,,,,,
1783033200,10,False,,,,,,,,,,,,
1783036800,1,False,,,,,,,,,,,,
1783036800,2,False,,,,,,,,,,,,
1783036800,3,False,,,,,,,,,,,,
1783036800,4,False,,,,,,,,,,,,
1783036800,5,False,,,,,,,,,,,,
1783036800,6,False,,,,,,,,,,,,
1783036800,7,False,,,,,,,,,,,,
1783036800,8,False,,,,,,,,,,,,
1783036800,9,False,,,,,,,,,,,,
1783036800,10,False,,,,,,,,,,,,
1783040400,1,False,,,,,,,,,,,,
1783040400,2,False,,,,,,,,,,,,
1783040400,3,False,,,,,,,,,,,,
1783040400,4,False,,,,,,,,,,,,
1783040400,5,False,,,,,,,,,,,,
1783040400,6,False,,,,,,,,,,,,
1783040400,7,False,,,,,,,,,,,,
1783040400,8,False,,,,,,,,,,,,
1783040400,9,False,,,,,,,,,,,,
1783040400,10,False,,,,,,,,,,,,
1783044000,1,False,,,,,,,,,,,,
1783044000,2,False,,,,,,,,,,,,
1783044000,3,False,,,,,,,,,,,,
1783044000,4,False,,,,,,,,,,,,
1783044000,5,False,,,,,,,,,,,,
1783044000,6,False,,,,,,,,,,,,
1783044000,7,False,,,,,,,,,,,,
1783044000,8,False,,,,,,,,,,,,
1783044000,9,False,,,,,,,,,,,,
1783044000,10,False,,,,,,,,,,,,
1783047600,1,False,,,,,,,,,,,,
1783047600,2,False,,,,,,,,,,,,
1783047600,3,False,,,,,,,,,,,,
1783047600,4,False,,,,,,,,,,,,
1783047600,5,False,,,,,,,,,,,,
1783047600,6,False,,,,,,,,,,,,
1783047600,7,False,,,,,,,,,,,,
1783047600,8,False,,,,,,,,,,,,
1783047600,9,False,,,,,,,,,,,,
1783047600,10,False,,,,,,,,,,,,
1783051200,1,False,,,,,,,,,,,,
1783051200,2,False,,,,,,,,,,,,
1783051200,3,False,,,,,,,,,,,,
1783051200,4,False,,,,,,,,,,,,
1783051200,5,False,,,,,,,,,,,,
1783051200,6,False,,,,,,,,,,,,
1783051200,7,False,,,,,,,,,,,,
1783051200,8,False,,,,,,,,,,,,
1783051200,9,False,,,,,,,,,,,,
1783051200,10,False,,,,,,,,,,,,
1783054800,1,False,,,,,,,,,,,,
1783054800,2,False,,,,,,,,,,,,
1783054800,3,False,,,,,,,,,,,,
1783054800,4,False,,,,,,,,,,,,
1783054800,5,False,,,,,,,,,,,,
1783054800,6,False,,,,,,,,,,,,
1783054800,7,False,,,,,,,,,,,,
1783054800,8,False,,,,,,,,,,,,
1783054800,9,False,,,,,,,,,,,,
1783054800,10,False,,,,,,,,,,,,
1783058400,1,False,,,,,,,,,,,,
1783058400,2,False,,,,,,,,,,,,
1783058400,3,False,,,,,,,,,,,,
1783058400,4,False,,,,,,,,,,,,
1783058400,5,True,up,0.98,0.9200000166893005,20.0,0.05484798429203033,empty_book,,0.0,0.0,0.0,True,0.0
1783058400,6,True,up,0.98,0.9100000262260437,19.600000381469727,0.06426697527933124,empty_book,,0.0,0.0,0.0,True,0.0
1783058400,7,True,up,0.9700858104820994,0.8999999761581421,83.30000305175781,0.06378583298881331,book_moved_no_edge,0.9200000166893005,0.0,0.0,0.0,True,0.0
1783058400,8,True,up,0.9608394155592551,0.8899999856948853,19.600000381469727,0.0639864290833106,filled,0.8999999761581421,19.600000381469727,17.63999987602233,0.12348002857208225,True,1.8365204768753145
1783058400,9,True,up,0.9515252575605048,0.8899999856948853,53.900001525878906,0.05467227108456026,filled,0.8899999856948853,19.600000381469727,17.444000059127802,0.13431881792297368,True,2.0216815044189507
1783058400,10,False,,,,,,,,,,,,
1783062000,1,False,,,,,,,,,,,,
1783062000,2,False,,,,,,,,,,,,
1783062000,3,False,,,,,,,,,,,,
1783062000,4,False,,,,,,,,,,,,
1783062000,5,False,,,,,,,,,,,,
1783062000,6,False,,,,,,,,,,,,
1783062000,7,False,,,,,,,,,,,,
1783062000,8,False,,,,,,,,,,,,
1783062000,9,False,,,,,,,,,,,,
1783062000,10,False,,,,,,,,,,,,
1783065600,1,False,,,,,,,,,,,,
1783065600,2,False,,,,,,,,,,,,
1783065600,3,False,,,,,,,,,,,,
1783065600,4,False,,,,,,,,,,,,
1783065600,5,False,,,,,,,,,,,,
1783065600,6,False,,,,,,,,,,,,
1783065600,7,False,,,,,,,,,,,,
1783065600,8,False,,,,,,,,,,,,
1783065600,9,False,,,,,,,,,,,,
1783065600,10,False,,,,,,,,,,,,
1783069200,1,False,,,,,,,,,,,,
1783069200,2,False,,,,,,,,,,,,
1783069200,3,False,,,,,,,,,,,,
1783069200,4,False,,,,,,,,,,,,
1783069200,5,False,,,,,,,,,,,,
1783069200,6,False,,,,,,,,,,,,
1783069200,7,False,,,,,,,,,,,,
1783069200,8,False,,,,,,,,,,,,
1783069200,9,False,,,,,,,,,,,,
1783069200,10,False,,,,,,,,,,,,
1783072800,1,False,,,,,,,,,,,,
1783072800,2,False,,,,,,,,,,,,
1783072800,3,False,,,,,,,,,,,,
1783072800,4,False,,,,,,,,,,,,
1783072800,5,False,,,,,,,,,,,,
1783072800,6,False,,,,,,,,,,,,
1783072800,7,False,,,,,,,,,,,,
1783072800,8,False,,,,,,,,,,,,
1783072800,9,False,,,,,,,,,,,,
1783072800,10,False,,,,,,,,,,,,
1783076400,1,False,,,,,,,,,,,,
1783076400,2,False,,,,,,,,,,,,
1783076400,3,False,,,,,,,,,,,,
1783076400,4,False,,,,,,,,,,,,
1783076400,5,False,,,,,,,,,,,,
1783076400,6,False,,,,,,,,,,,,
1783076400,7,False,,,,,,,,,,,,
1783076400,8,False,,,,,,,,,,,,
1783076400,9,False,,,,,,,,,,,,
1783076400,10,False,,,,,,,,,,,,
1783080000,1,False,,,,,,,,,,,,
1783080000,2,False,,,,,,,,,,,,
1783080000,3,False,,,,,,,,,,,,
1783080000,4,False,,,,,,,,,,,,
1783080000,5,False,,,,,,,,,,,,
1783080000,6,False,,,,,,,,,,,,
1783080000,7,False,,,,,,,,,,,,
1783080000,8,False,,,,,,,,,,,,
1783080000,9,False,,,,,,,,,,,,
1783080000,10,False,,,,,,,,,,,,
1783083600,1,False,,,,,,,,,,,,
1783083600,2,False,,,,,,,,,,,,
1783083600,3,False,,,,,,,,,,,,
1783083600,4,False,,,,,,,,,,,,
1783083600,5,False,,,,,,,,,,,,
1783083600,6,False,,,,,,,,,,,,
1783083600,7,False,,,,,,,,,,,,
1783083600,8,False,,,,,,,,,,,,
1783083600,9,False,,,,,,,,,,,,
1783083600,10,False,,,,,,,,,,,,
1783087200,1,False,,,,,,,,,,,,
1783087200,2,False,,,,,,,,,,,,
1783087200,3,False,,,,,,,,,,,,
1783087200,4,False,,,,,,,,,,,,
1783087200,5,False,,,,,,,,,,,,
1783087200,6,False,,,,,,,,,,,,
1783087200,7,False,,,,,,,,,,,,
1783087200,8,False,,,,,,,,,,,,
1783087200,9,False,,,,,,,,,,,,
1783087200,10,False,,,,,,,,,,,,
1783090800,1,False,,,,,,,,,,,,
1783090800,2,False,,,,,,,,,,,,
1783090800,3,False,,,,,,,,,,,,
1783090800,4,False,,,,,,,,,,,,
1783090800,5,False,,,,,,,,,,,,
1783090800,6,False,,,,,,,,,,,,
1783090800,7,False,,,,,,,,,,,,
1783090800,8,False,,,,,,,,,,,,
1783090800,9,False,,,,,,,,,,,,
1783090800,10,False,,,,,,,,,,,,
1783094400,1,False,,,,,,,,,,,,
1783094400,2,False,,,,,,,,,,,,
1783094400,3,False,,,,,,,,,,,,
1783094400,4,False,,,,,,,,,,,,
1783094400,5,False,,,,,,,,,,,,
1783094400,6,False,,,,,,,,,,,,
1783094400,7,False,,,,,,,,,,,,
1783094400,8,False,,,,,,,,,,,,
1783094400,9,False,,,,,,,,,,,,
1783094400,10,False,,,,,,,,,,,,
1783098000,1,False,,,,,,,,,,,,
1783098000,2,False,,,,,,,,,,,,
1783098000,3,False,,,,,,,,,,,,
1783098000,4,False,,,,,,,,,,,,
1783098000,5,False,,,,,,,,,,,,
1783098000,6,False,,,,,,,,,,,,
1783098000,7,False,,,,,,,,,,,,
1783098000,8,False,,,,,,,,,,,,
1783098000,9,False,,,,,,,,,,,,
1783098000,10,False,,,,,,,,,,,,
1783101600,1,False,,,,,,,,,,,,
1783101600,2,False,,,,,,,,,,,,
1783101600,3,False,,,,,,,,,,,,
1783101600,4,False,,,,,,,,,,,,
1783101600,5,False,,,,,,,,,,,,
1783101600,6,False,,,,,,,,,,,,
1783101600,7,False,,,,,,,,,,,,
1783101600,8,False,,,,,,,,,,,,
1783101600,9,False,,,,,,,,,,,,
1783101600,10,False,,,,,,,,,,,,
1783105200,1,False,,,,,,,,,,,,
1783105200,2,False,,,,,,,,,,,,
1783105200,3,False,,,,,,,,,,,,
1783105200,4,True,up,0.9348500868013834,0.800000011920929,22.209999084472656,0.12365007538113344,empty_book,,0.0,0.0,0.0,True,0.0
1783105200,5,True,up,0.9123632916617656,0.8299999833106995,5.0,0.07248630758002042,empty_book,,0.0,0.0,0.0,True,0.0
1783105200,6,False,,,,,,,,,,,,
1783105200,7,False,,,,,,,,,,,,
1783105200,8,False,,,,,,,,,,,,
1783105200,9,False,,,,,,,,,,,,
1783105200,10,False,,,,,,,,,,,,
1783108800,1,False,,,,,,,,,,,,
1783108800,2,False,,,,,,,,,,,,
1783108800,3,False,,,,,,,,,,,,
1783108800,4,False,,,,,,,,,,,,
1783108800,5,False,,,,,,,,,,,,
1783108800,6,False,,,,,,,,,,,,
1783108800,7,False,,,,,,,,,,,,
1783108800,8,False,,,,,,,,,,,,
1783108800,9,False,,,,,,,,,,,,
1783108800,10,False,,,,,,,,,,,,
1783112400,1,False,,,,,,,,,,,,
1783112400,2,False,,,,,,,,,,,,
1783112400,3,False,,,,,,,,,,,,
1783112400,4,False,,,,,,,,,,,,
1783112400,5,False,,,,,,,,,,,,
1783112400,6,False,,,,,,,,,,,,
1783112400,7,False,,,,,,,,,,,,
1783112400,8,False,,,,,,,,,,,,
1783112400,9,False,,,,,,,,,,,,
1783112400,10,False,,,,,,,,,,,,
1783116000,1,False,,,,,,,,,,,,
1783116000,2,False,,,,,,,,,,,,
1783116000,3,False,,,,,,,,,,,,
1783116000,4,False,,,,,,,,,,,,
1783116000,5,False,,,,,,,,,,,,
1783116000,6,False,,,,,,,,,,,,
1783116000,7,False,,,,,,,,,,,,
1783116000,8,False,,,,,,,,,,,,
1783116000,9,False,,,,,,,,,,,,
1783116000,10,False,,,,,,,,,,,,
1783119600,1,False,,,,,,,,,,,,
1783119600,2,True,up,0.8888069578864262,0.75,1.0,0.12568195788642617,book_moved_no_edge,0.949999988079071,0.0,0.0,0.0,True,0.0
1783119600,3,True,up,0.98,0.6899999976158142,5.0,0.27502700232076643,book_moved_no_edge,0.9300000071525574,0.0,0.0,0.0,True,0.0
1783119600,4,True,up,0.98,0.6100000143051147,5.0,0.35334698591518404,filled,0.75,5.0,3.75,0.065625,True,1.184375
1783119600,5,True,up,0.98,0.8500000238418579,5.0,0.12107497732639315,filled,0.7699999809265137,5.0,3.8499999046325684,0.06198500360488879,True,1.0880150917625429
1783119600,6,True,up,0.98,0.8799999952316284,140.6699981689453,0.0926080045146942,filled,0.8700000047683716,14.65999984741211,12.754199937152862,0.11606321517091753,True,1.78973669508833
1783119600,7,False,,,,,,,,,,,,
1783119600,8,True,up,0.98,0.8100000023841858,11.789999961853027,0.15922699771928786,book_moved_no_edge,0.949999988079071,0.0,0.0,0.0,True,0.0
1783119600,9,True,up,0.98,0.699999988079071,26.56999969482422,0.26530001158714295,filled,0.7900000214576721,1.25,0.9875000268220901,0.014516248911023101,True,0.24798372426688675
1783119600,10,True,up,0.98,0.7699999809265137,5.0,0.19760301835250854,filled,0.7300000190734863,5.0,3.6500000953674316,0.06898499692916858,True,1.2810149077033999
1783123200,1,False,,,,,,,,,,,,
1783123200,2,False,,,,,,,,,,,,
1783123200,3,False,,,,,,,,,,,,
1783123200,4,False,,,,,,,,,,,,
1783123200,5,False,,,,,,,,,,,,
1783123200,6,False,,,,,,,,,,,,
1783123200,7,False,,,,,,,,,,,,
1783123200,8,False,,,,,,,,,,,,
1783123200,9,False,,,,,,,,,,,,
1783123200,10,False,,,,,,,,,,,,
1783126800,1,False,,,,,,,,,,,,
1783126800,2,False,,,,,,,,,,,,
1783126800,3,False,,,,,,,,,,,,
1783126800,4,False,,,,,,,,,,,,
1783126800,5,False,,,,,,,,,,,,
1783126800,6,False,,,,,,,,,,,,
1783126800,7,False,,,,,,,,,,,,
1783126800,8,False,,,,,,,,,,,,
1783126800,9,False,,,,,,,,,,,,
1783126800,10,False,,,,,,,,,,,,
1783130400,1,False,,,,,,,,,,,,
1783130400,2,False,,,,,,,,,,,,
1783130400,3,False,,,,,,,,,,,,
1783130400,4,False,,,,,,,,,,,,
1783130400,5,False,,,,,,,,,,,,
1783130400,6,False,,,,,,,,,,,,
1783130400,7,False,,,,,,,,,,,,
1783130400,8,False,,,,,,,,,,,,
1783130400,9,False,,,,,,,,,,,,
1783130400,10,False,,,,,,,,,,,,
1783134000,1,False,,,,,,,,,,,,
1783134000,2,False,,,,,,,,,,,,
1783134000,3,False,,,,,,,,,,,,
1783134000,4,False,,,,,,,,,,,,
1783134000,5,False,,,,,,,,,,,,
1783134000,6,False,,,,,,,,,,,,
1783134000,7,False,,,,,,,,,,,,
1783134000,8,False,,,,,,,,,,,,
1783134000,9,False,,,,,,,,,,,,
1783134000,10,False,,,,,,,,,,,,
1783137600,1,False,,,,,,,,,,,,
1783137600,2,False,,,,,,,,,,,,
1783137600,3,False,,,,,,,,,,,,
1783137600,4,False,,,,,,,,,,,,
1783137600,5,False,,,,,,,,,,,,
1783137600,6,False,,,,,,,,,,,,
1783137600,7,False,,,,,,,,,,,,
1783137600,8,False,,,,,,,,,,,,
1783137600,9,False,,,,,,,,,,,,
1783137600,10,False,,,,,,,,,,,,
1783141200,1,False,,,,,,,,,,,,
1783141200,2,False,,,,,,,,,,,,
1783141200,3,False,,,,,,,,,,,,
1783141200,4,False,,,,,,,,,,,,
1783141200,5,False,,,,,,,,,,,,
1783141200,6,False,,,,,,,,,,,,
1783141200,7,False,,,,,,,,,,,,
1783141200,8,False,,,,,,,,,,,,
1783141200,9,False,,,,,,,,,,,,
1783141200,10,False,,,,,,,,,,,,
1783144800,1,False,,,,,,,,,,,,
1783144800,2,False,,,,,,,,,,,,
1783144800,3,False,,,,,,,,,,,,
1783144800,4,False,,,,,,,,,,,,
1783144800,5,False,,,,,,,,,,,,
1783144800,6,False,,,,,,,,,,,,
1783144800,7,False,,,,,,,,,,,,
1783144800,8,False,,,,,,,,,,,,
1783144800,9,False,,,,,,,,,,,,
1783144800,10,False,,,,,,,,,,,,
1783148400,1,False,,,,,,,,,,,,
1783148400,2,False,,,,,,,,,,,,
1783148400,3,False,,,,,,,,,,,,
1783148400,4,False,,,,,,,,,,,,
1783148400,5,False,,,,,,,,,,,,
1783148400,6,False,,,,,,,,,,,,
1783148400,7,False,,,,,,,,,,,,
1783148400,8,False,,,,,,,,,,,,
1783148400,9,False,,,,,,,,,,,,
1783148400,10,False,,,,,,,,,,,,
1783152000,1,False,,,,,,,,,,,,
1783152000,2,False,,,,,,,,,,,,
1783152000,3,False,,,,,,,,,,,,
1783152000,4,False,,,,,,,,,,,,
1783152000,5,False,,,,,,,,,,,,
1783152000,6,False,,,,,,,,,,,,
1783152000,7,False,,,,,,,,,,,,
1783152000,8,False,,,,,,,,,,,,
1783152000,9,False,,,,,,,,,,,,
1783152000,10,False,,,,,,,,,,,,
1783155600,1,False,,,,,,,,,,,,
1783155600,2,False,,,,,,,,,,,,
1783155600,3,False,,,,,,,,,,,,
1783155600,4,False,,,,,,,,,,,,
1783155600,5,False,,,,,,,,,,,,
1783155600,6,False,,,,,,,,,,,,
1783155600,7,False,,,,,,,,,,,,
1783155600,8,False,,,,,,,,,,,,
1783155600,9,False,,,,,,,,,,,,
1783155600,10,False,,,,,,,,,,,,
1783159200,1,False,,,,,,,,,,,,
1783159200,2,False,,,,,,,,,,,,
1783159200,3,False,,,,,,,,,,,,
1783159200,4,False,,,,,,,,,,,,
1783159200,5,False,,,,,,,,,,,,
1783159200,6,False,,,,,,,,,,,,
1783159200,7,False,,,,,,,,,,,,
1783159200,8,False,,,,,,,,,,,,
1783159200,9,False,,,,,,,,,,,,
1783159200,10,False,,,,,,,,,,,,
1783162800,1,False,,,,,,,,,,,,
1783162800,2,False,,,,,,,,,,,,
1783162800,3,False,,,,,,,,,,,,
1783162800,4,False,,,,,,,,,,,,
1783162800,5,False,,,,,,,,,,,,
1783162800,6,False,,,,,,,,,,,,
1783162800,7,False,,,,,,,,,,,,
1783162800,8,False,,,,,,,,,,,,
1783162800,9,False,,,,,,,,,,,,
1783162800,10,False,,,,,,,,,,,,
1783166400,1,False,,,,,,,,,,,,
1783166400,2,False,,,,,,,,,,,,
1783166400,3,False,,,,,,,,,,,,
1783166400,4,False,,,,,,,,,,,,
1783166400,5,False,,,,,,,,,,,,
1783166400,6,False,,,,,,,,,,,,
1783166400,7,False,,,,,,,,,,,,
1783166400,8,False,,,,,,,,,,,,
1783166400,9,False,,,,,,,,,,,,
1783166400,10,False,,,,,,,,,,,,
1783170000,1,False,,,,,,,,,,,,
1783170000,2,False,,,,,,,,,,,,
1783170000,3,False,,,,,,,,,,,,
1783170000,4,False,,,,,,,,,,,,
1783170000,5,False,,,,,,,,,,,,
1783170000,6,False,,,,,,,,,,,,
1783170000,7,False,,,,,,,,,,,,
1783170000,8,False,,,,,,,,,,,,
1783170000,9,False,,,,,,,,,,,,
1783170000,10,False,,,,,,,,,,,,
1783173600,1,False,,,,,,,,,,,,
1783173600,2,False,,,,,,,,,,,,
1783173600,3,False,,,,,,,,,,,,
1783173600,4,False,,,,,,,,,,,,
1783173600,5,False,,,,,,,,,,,,
1783173600,6,False,,,,,,,,,,,,
1783173600,7,False,,,,,,,,,,,,
1783173600,8,False,,,,,,,,,,,,
1783173600,9,False,,,,,,,,,,,,
1783173600,10,False,,,,,,,,,,,,
1783177200,1,False,,,,,,,,,,,,
1783177200,2,False,,,,,,,,,,,,
1783177200,3,False,,,,,,,,,,,,
1783177200,4,False,,,,,,,,,,,,
1783177200,5,False,,,,,,,,,,,,
1783177200,6,False,,,,,,,,,,,,
1783177200,7,False,,,,,,,,,,,,
1783177200,8,False,,,,,,,,,,,,
1783177200,9,False,,,,,,,,,,,,
1783177200,10,False,,,,,,,,,,,,
1783180800,1,False,,,,,,,,,,,,
1783180800,2,False,,,,,,,,,,,,
1783180800,3,False,,,,,,,,,,,,
1783180800,4,False,,,,,,,,,,,,
1783180800,5,False,,,,,,,,,,,,
1783180800,6,False,,,,,,,,,,,,
1783180800,7,False,,,,,,,,,,,,
1783180800,8,False,,,,,,,,,,,,
1783180800,9,False,,,,,,,,,,,,
1783180800,10,False,,,,,,,,,,,,
1783184400,1,False,,,,,,,,,,,,
1783184400,2,False,,,,,,,,,,,,
1783184400,3,False,,,,,,,,,,,,
1783184400,4,False,,,,,,,,,,,,
1783184400,5,False,,,,,,,,,,,,
1783184400,6,False,,,,,,,,,,,,
1783184400,7,False,,,,,,,,,,,,
1783184400,8,False,,,,,,,,,,,,
1783184400,9,False,,,,,,,,,,,,
1783184400,10,False,,,,,,,,,,,,
1783188000,1,False,,,,,,,,,,,,
1783188000,2,False,,,,,,,,,,,,
1783188000,3,False,,,,,,,,,,,,
1783188000,4,False,,,,,,,,,,,,
1783188000,5,False,,,,,,,,,,,,
1783188000,6,False,,,,,,,,,,,,
1783188000,7,False,,,,,,,,,,,,
1783188000,8,False,,,,,,,,,,,,
1783188000,9,False,,,,,,,,,,,,
1783188000,10,False,,,,,,,,,,,,
1783191600,1,False,,,,,,,,,,,,
1783191600,2,False,,,,,,,,,,,,
1783191600,3,False,,,,,,,,,,,,
1783191600,4,False,,,,,,,,,,,,
1783191600,5,False,,,,,,,,,,,,
1783191600,6,False,,,,,,,,,,,,
1783191600,7,False,,,,,,,,,,,,
1783191600,8,False,,,,,,,,,,,,
1783191600,9,False,,,,,,,,,,,,
1783191600,10,False,,,,,,,,,,,,
1783195200,1,False,,,,,,,,,,,,
1783195200,2,False,,,,,,,,,,,,
1783195200,3,False,,,,,,,,,,,,
1783195200,4,False,,,,,,,,,,,,
1783195200,5,False,,,,,,,,,,,,
1783195200,6,False,,,,,,,,,,,,
1783195200,7,False,,,,,,,,,,,,
1783195200,8,False,,,,,,,,,,,,
1783195200,9,False,,,,,,,,,,,,
1783195200,10,False,,,,,,,,,,,,
1783198800,1,False,,,,,,,,,,,,
1783198800,2,False,,,,,,,,,,,,
1783198800,3,False,,,,,,,,,,,,
1783198800,4,False,,,,,,,,,,,,
1783198800,5,False,,,,,,,,,,,,
1783198800,6,False,,,,,,,,,,,,
1783198800,7,False,,,,,,,,,,,,
1783198800,8,False,,,,,,,,,,,,
1783198800,9,False,,,,,,,,,,,,
1783198800,10,False,,,,,,,,,,,,
1783202400,1,False,,,,,,,,,,,,
1783202400,2,False,,,,,,,,,,,,
1783202400,3,False,,,,,,,,,,,,
1783202400,4,False,,,,,,,,,,,,
1783202400,5,False,,,,,,,,,,,,
1783202400,6,False,,,,,,,,,,,,
1783202400,7,False,,,,,,,,,,,,
1783202400,8,False,,,,,,,,,,,,
1783202400,9,False,,,,,,,,,,,,
1783202400,10,False,,,,,,,,,,,,
1783206000,1,False,,,,,,,,,,,,
1783206000,2,False,,,,,,,,,,,,
1783206000,3,False,,,,,,,,,,,,
1783206000,4,False,,,,,,,,,,,,
1783206000,5,False,,,,,,,,,,,,
1783206000,6,False,,,,,,,,,,,,
1783206000,7,False,,,,,,,,,,,,
1783206000,8,False,,,,,,,,,,,,
1783206000,9,False,,,,,,,,,,,,
1783206000,10,False,,,,,,,,,,,,
1783209600,1,False,,,,,,,,,,,,
1783209600,2,False,,,,,,,,,,,,
1783209600,3,False,,,,,,,,,,,,
1783209600,4,False,,,,,,,,,,,,
1783209600,5,False,,,,,,,,,,,,
1783209600,6,False,,,,,,,,,,,,
1783209600,7,False,,,,,,,,,,,,
1783209600,8,False,,,,,,,,,,,,
1783209600,9,False,,,,,,,,,,,,
1783209600,10,False,,,,,,,,,,,,
1783213200,1,False,,,,,,,,,,,,
1783213200,2,False,,,,,,,,,,,,
1783213200,3,False,,,,,,,,,,,,
1783213200,4,False,,,,,,,,,,,,
1783213200,5,False,,,,,,,,,,,,
1783213200,6,False,,,,,,,,,,,,
1783213200,7,False,,,,,,,,,,,,
1783213200,8,False,,,,,,,,,,,,
1783213200,9,False,,,,,,,,,,,,
1783213200,10,False,,,,,,,,,,,,
1783216800,1,False,,,,,,,,,,,,
1783216800,2,False,,,,,,,,,,,,
1783216800,3,False,,,,,,,,,,,,
1783216800,4,False,,,,,,,,,,,,
1783216800,5,False,,,,,,,,,,,,
1783216800,6,False,,,,,,,,,,,,
1783216800,7,False,,,,,,,,,,,,
1783216800,8,False,,,,,,,,,,,,
1783216800,9,False,,,,,,,,,,,,
1783216800,10,False,,,,,,,,,,,,
1783220400,1,False,,,,,,,,,,,,
1783220400,2,False,,,,,,,,,,,,
1783220400,3,False,,,,,,,,,,,,
1783220400,4,False,,,,,,,,,,,,
1783220400,5,False,,,,,,,,,,,,
1783220400,6,False,,,,,,,,,,,,
1783220400,7,False,,,,,,,,,,,,
1783220400,8,False,,,,,,,,,,,,
1783220400,9,False,,,,,,,,,,,,
1783220400,10,False,,,,,,,,,,,,
1783224000,1,False,,,,,,,,,,,,
1783224000,2,False,,,,,,,,,,,,
1783224000,3,False,,,,,,,,,,,,
1783224000,4,False,,,,,,,,,,,,
1783224000,5,False,,,,,,,,,,,,
1783224000,6,False,,,,,,,,,,,,
1783224000,7,False,,,,,,,,,,,,
1783224000,8,False,,,,,,,,,,,,
1783224000,9,False,,,,,,,,,,,,
1783224000,10,False,,,,,,,,,,,,
1783227600,1,False,,,,,,,,,,,,
1783227600,2,False,,,,,,,,,,,,
1783227600,3,False,,,,,,,,,,,,
1783227600,4,False,,,,,,,,,,,,
1783227600,5,False,,,,,,,,,,,,
1783227600,6,False,,,,,,,,,,,,
1783227600,7,False,,,,,,,,,,,,
1783227600,8,False,,,,,,,,,,,,
1783227600,9,False,,,,,,,,,,,,
1783227600,10,False,,,,,,,,,,,,
1783231200,1,False,,,,,,,,,,,,
1783231200,2,False,,,,,,,,,,,,
1783231200,3,False,,,,,,,,,,,,
1783231200,4,False,,,,,,,,,,,,
1783231200,5,False,,,,,,,,,,,,
1783231200,6,False,,,,,,,,,,,,
1783231200,7,False,,,,,,,,,,,,
1783231200,8,False,,,,,,,,,,,,
1783231200,9,False,,,,,,,,,,,,
1783231200,10,False,,,,,,,,,,,,
1783234800,1,False,,,,,,,,,,,,
1783234800,2,False,,,,,,,,,,,,
1783234800,3,False,,,,,,,,,,,,
1783234800,4,False,,,,,,,,,,,,
1783234800,5,False,,,,,,,,,,,,
1783234800,6,False,,,,,,,,,,,,
1783234800,7,False,,,,,,,,,,,,
1783234800,8,False,,,,,,,,,,,,
1783234800,9,False,,,,,,,,,,,,
1783234800,10,False,,,,,,,,,,,,
1783238400,1,False,,,,,,,,,,,,
1783238400,2,False,,,,,,,,,,,,
1783238400,3,False,,,,,,,,,,,,
1783238400,4,False,,,,,,,,,,,,
1783238400,5,False,,,,,,,,,,,,
1783238400,6,False,,,,,,,,,,,,
1783238400,7,False,,,,,,,,,,,,
1783238400,8,False,,,,,,,,,,,,
1783238400,9,False,,,,,,,,,,,,
1783238400,10,False,,,,,,,,,,,,
1783242000,1,False,,,,,,,,,,,,
1783242000,2,False,,,,,,,,,,,,
1783242000,3,False,,,,,,,,,,,,
1783242000,4,False,,,,,,,,,,,,
1783242000,5,False,,,,,,,,,,,,
1783242000,6,False,,,,,,,,,,,,
1783242000,7,False,,,,,,,,,,,,
1783242000,8,False,,,,,,,,,,,,
1783242000,9,False,,,,,,,,,,,,
1783242000,10,False,,,,,,,,,,,,
1783245600,1,False,,,,,,,,,,,,
1783245600,2,False,,,,,,,,,,,,
1783245600,3,False,,,,,,,,,,,,
1783245600,4,False,,,,,,,,,,,,
1783245600,5,False,,,,,,,,,,,,
1783245600,6,False,,,,,,,,,,,,
1783245600,7,False,,,,,,,,,,,,
1783245600,8,False,,,,,,,,,,,,
1783245600,9,False,,,,,,,,,,,,
1783245600,10,False,,,,,,,,,,,,
1783249200,1,False,,,,,,,,,,,,
1783249200,2,False,,,,,,,,,,,,
1783249200,3,False,,,,,,,,,,,,
1783249200,4,False,,,,,,,,,,,,
1783249200,5,False,,,,,,,,,,,,
1783249200,6,False,,,,,,,,,,,,
1783249200,7,False,,,,,,,,,,,,
1783249200,8,False,,,,,,,,,,,,
1783249200,9,False,,,,,,,,,,,,
1783249200,10,False,,,,,,,,,,,,
1783252800,1,False,,,,,,,,,,,,
1783252800,2,False,,,,,,,,,,,,
1783252800,3,False,,,,,,,,,,,,
1783252800,4,False,,,,,,,,,,,,
1783252800,5,False,,,,,,,,,,,,
1783252800,6,False,,,,,,,,,,,,
1783252800,7,False,,,,,,,,,,,,
1783252800,8,False,,,,,,,,,,,,
1783252800,9,False,,,,,,,,,,,,
1783252800,10,False,,,,,,,,,,,,
1783256400,1,False,,,,,,,,,,,,
1783256400,2,False,,,,,,,,,,,,
1783256400,3,False,,,,,,,,,,,,
1783256400,4,False,,,,,,,,,,,,
1783256400,5,False,,,,,,,,,,,,
1783256400,6,False,,,,,,,,,,,,
1783256400,7,False,,,,,,,,,,,,
1783256400,8,False,,,,,,,,,,,,
1783256400,9,False,,,,,,,,,,,,
1783256400,10,False,,,,,,,,,,,,
1783260000,1,False,,,,,,,,,,,,
1783260000,2,False,,,,,,,,,,,,
1783260000,3,False,,,,,,,,,,,,
1783260000,4,False,,,,,,,,,,,,
1783260000,5,False,,,,,,,,,,,,
1783260000,6,False,,,,,,,,,,,,
1783260000,7,False,,,,,,,,,,,,
1783260000,8,False,,,,,,,,,,,,
1783260000,9,False,,,,,,,,,,,,
1783260000,10,False,,,,,,,,,,,,
1783263600,1,False,,,,,,,,,,,,
1783263600,2,False,,,,,,,,,,,,
1783263600,3,False,,,,,,,,,,,,
1783263600,4,False,,,,,,,,,,,,
1783263600,5,False,,,,,,,,,,,,
1783263600,6,False,,,,,,,,,,,,
1783263600,7,False,,,,,,,,,,,,
1783263600,8,False,,,,,,,,,,,,
1783263600,9,False,,,,,,,,,,,,
1783263600,10,False,,,,,,,,,,,,
1783267200,1,False,,,,,,,,,,,,
1783267200,2,False,,,,,,,,,,,,
1783267200,3,False,,,,,,,,,,,,
1783267200,4,False,,,,,,,,,,,,
1783267200,5,False,,,,,,,,,,,,
1783267200,6,False,,,,,,,,,,,,
1783267200,7,False,,,,,,,,,,,,
1783267200,8,False,,,,,,,,,,,,
1783267200,9,False,,,,,,,,,,,,
1783267200,10,False,,,,,,,,,,,,
1783270800,1,False,,,,,,,,,,,,
1783270800,2,False,,,,,,,,,,,,
1783270800,3,False,,,,,,,,,,,,
1783270800,4,False,,,,,,,,,,,,
1783270800,5,False,,,,,,,,,,,,
1783270800,6,False,,,,,,,,,,,,
1783270800,7,False,,,,,,,,,,,,
1783270800,8,False,,,,,,,,,,,,
1783270800,9,False,,,,,,,,,,,,
1783270800,10,False,,,,,,,,,,,,
1783274400,1,False,,,,,,,,,,,,
1783274400,2,False,,,,,,,,,,,,
1783274400,3,False,,,,,,,,,,,,
1783274400,4,False,,,,,,,,,,,,
1783274400,5,False,,,,,,,,,,,,
1783274400,6,False,,,,,,,,,,,,
1783274400,7,False,,,,,,,,,,,,
1783274400,8,False,,,,,,,,,,,,
1783274400,9,False,,,,,,,,,,,,
1783274400,10,False,,,,,,,,,,,,
1783278000,1,False,,,,,,,,,,,,
1783278000,2,False,,,,,,,,,,,,
1783278000,3,False,,,,,,,,,,,,
1783278000,4,False,,,,,,,,,,,,
1783278000,5,False,,,,,,,,,,,,
1783278000,6,False,,,,,,,,,,,,
1783278000,7,False,,,,,,,,,,,,
1783278000,8,False,,,,,,,,,,,,
1783278000,9,False,,,,,,,,,,,,
1783278000,10,False,,,,,,,,,,,,
1783281600,1,False,,,,,,,,,,,,
1783281600,2,False,,,,,,,,,,,,
1783281600,3,False,,,,,,,,,,,,
1783281600,4,False,,,,,,,,,,,,
1783281600,5,False,,,,,,,,,,,,
1783281600,6,False,,,,,,,,,,,,
1783281600,7,False,,,,,,,,,,,,
1783281600,8,False,,,,,,,,,,,,
1783281600,9,False,,,,,,,,,,,,
1783281600,10,False,,,,,,,,,,,,
1783285200,1,False,,,,,,,,,,,,
1783285200,2,False,,,,,,,,,,,,
1783285200,3,False,,,,,,,,,,,,
1783285200,4,False,,,,,,,,,,,,
1783285200,5,False,,,,,,,,,,,,
1783285200,6,False,,,,,,,,,,,,
1783285200,7,False,,,,,,,,,,,,
1783285200,8,False,,,,,,,,,,,,
1783285200,9,False,,,,,,,,,,,,
1783285200,10,False,,,,,,,,,,,,
1783288800,1,False,,,,,,,,,,,,
1783288800,2,False,,,,,,,,,,,,
1783288800,3,False,,,,,,,,,,,,
1783288800,4,False,,,,,,,,,,,,
1783288800,5,False,,,,,,,,,,,,
1783288800,6,False,,,,,,,,,,,,
1783288800,7,False,,,,,,,,,,,,
1783288800,8,False,,,,,,,,,,,,
1783288800,9,False,,,,,,,,,,,,
1783288800,10,False,,,,,,,,,,,,
1783292400,1,False,,,,,,,,,,,,
1783292400,2,False,,,,,,,,,,,,
1783292400,3,False,,,,,,,,,,,,
1783292400,4,False,,,,,,,,,,,,
1783292400,5,False,,,,,,,,,,,,
1783292400,6,False,,,,,,,,,,,,
1783292400,7,False,,,,,,,,,,,,
1783292400,8,False,,,,,,,,,,,,
1783292400,9,False,,,,,,,,,,,,
1783292400,10,False,,,,,,,,,,,,
1783296000,1,False,,,,,,,,,,,,
1783296000,2,False,,,,,,,,,,,,
1783296000,3,False,,,,,,,,,,,,
1783296000,4,False,,,,,,,,,,,,
1783296000,5,False,,,,,,,,,,,,
1783296000,6,False,,,,,,,,,,,,
1783296000,7,False,,,,,,,,,,,,
1783296000,8,False,,,,,,,,,,,,
1783296000,9,False,,,,,,,,,,,,
1783296000,10,False,,,,,,,,,,,,
1783299600,1,False,,,,,,,,,,,,
1783299600,2,False,,,,,,,,,,,,
1783299600,3,False,,,,,,,,,,,,
1783299600,4,False,,,,,,,,,,,,
1783299600,5,False,,,,,,,,,,,,
1783299600,6,False,,,,,,,,,,,,
1783299600,7,False,,,,,,,,,,,,
1783299600,8,False,,,,,,,,,,,,
1783299600,9,False,,,,,,,,,,,,
1783299600,10,False,,,,,,,,,,,,
1783303200,1,False,,,,,,,,,,,,
1783303200,2,False,,,,,,,,,,,,
1783303200,3,False,,,,,,,,,,,,
1783303200,4,False,,,,,,,,,,,,
1783303200,5,False,,,,,,,,,,,,
1783303200,6,False,,,,,,,,,,,,
1783303200,7,False,,,,,,,,,,,,
1783303200,8,False,,,,,,,,,,,,
1783303200,9,False,,,,,,,,,,,,
1783303200,10,False,,,,,,,,,,,,
1783306800,1,False,,,,,,,,,,,,
1783306800,2,False,,,,,,,,,,,,
1783306800,3,False,,,,,,,,,,,,
1783306800,4,False,,,,,,,,,,,,
1783306800,5,False,,,,,,,,,,,,
1783306800,6,False,,,,,,,,,,,,
1783306800,7,False,,,,,,,,,,,,
1783306800,8,False,,,,,,,,,,,,
1783306800,9,False,,,,,,,,,,,,
1783306800,10,False,,,,,,,,,,,,
1783310400,1,False,,,,,,,,,,,,
1783310400,2,False,,,,,,,,,,,,
1783310400,3,False,,,,,,,,,,,,
1783310400,4,False,,,,,,,,,,,,
1783310400,5,False,,,,,,,,,,,,
1783310400,6,False,,,,,,,,,,,,
1783310400,7,False,,,,,,,,,,,,
1783310400,8,False,,,,,,,,,,,,
1783310400,9,False,,,,,,,,,,,,
1783310400,10,False,,,,,,,,,,,,
1783314000,1,False,,,,,,,,,,,,
1783314000,2,False,,,,,,,,,,,,
1783314000,3,False,,,,,,,,,,,,
1783314000,4,False,,,,,,,,,,,,
1783314000,5,False,,,,,,,,,,,,
1783314000,6,False,,,,,,,,,,,,
1783314000,7,False,,,,,,,,,,,,
1783314000,8,False,,,,,,,,,,,,
1783314000,9,False,,,,,,,,,,,,
1783314000,10,False,,,,,,,,,,,,
1783317600,1,False,,,,,,,,,,,,
1783317600,2,False,,,,,,,,,,,,
1783317600,3,False,,,,,,,,,,,,
1783317600,4,False,,,,,,,,,,,,
1783317600,5,False,,,,,,,,,,,,
1783317600,6,False,,,,,,,,,,,,
1783317600,7,False,,,,,,,,,,,,
1783317600,8,False,,,,,,,,,,,,
1783317600,9,False,,,,,,,,,,,,
1783317600,10,False,,,,,,,,,,,,
1783321200,1,False,,,,,,,,,,,,
1783321200,2,False,,,,,,,,,,,,
1783321200,3,False,,,,,,,,,,,,
1783321200,4,False,,,,,,,,,,,,
1783321200,5,False,,,,,,,,,,,,
1783321200,6,False,,,,,,,,,,,,
1783321200,7,False,,,,,,,,,,,,
1783321200,8,False,,,,,,,,,,,,
1783321200,9,False,,,,,,,,,,,,
1783321200,10,False,,,,,,,,,,,,
1783324800,1,False,,,,,,,,,,,,
1783324800,2,False,,,,,,,,,,,,
1783324800,3,False,,,,,,,,,,,,
1783324800,4,False,,,,,,,,,,,,
1783324800,5,False,,,,,,,,,,,,
1783324800,6,False,,,,,,,,,,,,
1783324800,7,False,,,,,,,,,,,,
1783324800,8,False,,,,,,,,,,,,
1783324800,9,False,,,,,,,,,,,,
1783324800,10,False,,,,,,,,,,,,
1783328400,1,False,,,,,,,,,,,,
1783328400,2,False,,,,,,,,,,,,
1783328400,3,False,,,,,,,,,,,,
1783328400,4,False,,,,,,,,,,,,
1783328400,5,False,,,,,,,,,,,,
1783328400,6,False,,,,,,,,,,,,
1783328400,7,False,,,,,,,,,,,,
1783328400,8,False,,,,,,,,,,,,
1783328400,9,False,,,,,,,,,,,,
1783328400,10,False,,,,,,,,,,,,
1783332000,1,False,,,,,,,,,,,,
1783332000,2,False,,,,,,,,,,,,
1783332000,3,False,,,,,,,,,,,,
1783332000,4,False,,,,,,,,,,,,
1783332000,5,False,,,,,,,,,,,,
1783332000,6,False,,,,,,,,,,,,
1783332000,7,False,,,,,,,,,,,,
1783332000,8,False,,,,,,,,,,,,
1783332000,9,False,,,,,,,,,,,,
1783332000,10,False,,,,,,,,,,,,
1783335600,1,False,,,,,,,,,,,,
1783335600,2,False,,,,,,,,,,,,
1783335600,3,False,,,,,,,,,,,,
1783335600,4,False,,,,,,,,,,,,
1783335600,5,False,,,,,,,,,,,,
1783335600,6,False,,,,,,,,,,,,
1783335600,7,False,,,,,,,,,,,,
1783335600,8,False,,,,,,,,,,,,
1783335600,9,False,,,,,,,,,,,,
1783335600,10,False,,,,,,,,,,,,
1783339200,1,False,,,,,,,,,,,,
1783339200,2,False,,,,,,,,,,,,
1783339200,3,False,,,,,,,,,,,,
1783339200,4,False,,,,,,,,,,,,
1783339200,5,False,,,,,,,,,,,,
1783339200,6,False,,,,,,,,,,,,
1783339200,7,False,,,,,,,,,,,,
1783339200,8,False,,,,,,,,,,,,
1783339200,9,False,,,,,,,,,,,,
1783339200,10,False,,,,,,,,,,,,
1783342800,1,False,,,,,,,,,,,,
1783342800,2,False,,,,,,,,,,,,
1783342800,3,False,,,,,,,,,,,,
1783342800,4,True,up,0.9668539548983857,0.9100000262260437,17.700000762939453,0.05112093017771691,book_moved_no_edge,0.949999988079071,0.0,0.0,0.0,True,0.0
1783342800,5,True,up,0.9495139393605858,0.8700000047683716,90.68000030517578,0.07159693483921588,book_moved_no_edge,0.949999988079071,0.0,0.0,0.0,True,0.0
1783342800,6,True,up,0.9328363359870275,0.8600000143051147,58.470001220703125,0.06440832240289059,book_moved_no_edge,0.9100000262260437,0.0,0.0,0.0,True,0.0
1783342800,7,False,,,,,,,,,,,,
1783342800,8,False,,,,,,,,,,,,
1783342800,9,True,up,0.8892397871524214,0.800000011920929,5.340000152587891,0.07803977573217143,book_moved_no_edge,0.8700000047683716,0.0,0.0,0.0,True,0.0
1783342800,10,False,,,,,,,,,,,,
1783346400,1,False,,,,,,,,,,,,
1783346400,2,False,,,,,,,,,,,,
1783346400,3,False,,,,,,,,,,,,
1783346400,4,False,,,,,,,,,,,,
1783346400,5,False,,,,,,,,,,,,
1783346400,6,False,,,,,,,,,,,,
1783346400,7,False,,,,,,,,,,,,
1783346400,8,False,,,,,,,,,,,,
1783346400,9,False,,,,,,,,,,,,
1783346400,10,False,,,,,,,,,,,,
1783350000,1,False,,,,,,,,,,,,
1783350000,2,False,,,,,,,,,,,,
1783350000,3,False,,,,,,,,,,,,
1783350000,4,False,,,,,,,,,,,,
1783350000,5,False,,,,,,,,,,,,
1783350000,6,False,,,,,,,,,,,,
1783350000,7,False,,,,,,,,,,,,
1783350000,8,False,,,,,,,,,,,,
1783350000,9,False,,,,,,,,,,,,
1783350000,10,False,,,,,,,,,,,,
1783353600,1,False,,,,,,,,,,,,
1783353600,2,False,,,,,,,,,,,,
1783353600,3,False,,,,,,,,,,,,
1783353600,4,False,,,,,,,,,,,,
1783353600,5,False,,,,,,,,,,,,
1783353600,6,False,,,,,,,,,,,,
1783353600,7,False,,,,,,,,,,,,
1783353600,8,False,,,,,,,,,,,,
1783353600,9,False,,,,,,,,,,,,
1783353600,10,False,,,,,,,,,,,,
1783357200,1,False,,,,,,,,,,,,
1783357200,2,False,,,,,,,,,,,,
1783357200,3,False,,,,,,,,,,,,
1783357200,4,False,,,,,,,,,,,,
1783357200,5,False,,,,,,,,,,,,
1783357200,6,False,,,,,,,,,,,,
1783357200,7,False,,,,,,,,,,,,
1783357200,8,False,,,,,,,,,,,,
1783357200,9,False,,,,,,,,,,,,
1783357200,10,False,,,,,,,,,,,,
1783360800,1,False,,,,,,,,,,,,
1783360800,2,False,,,,,,,,,,,,
1783360800,3,False,,,,,,,,,,,,
1783360800,4,False,,,,,,,,,,,,
1783360800,5,False,,,,,,,,,,,,
1783360800,6,False,,,,,,,,,,,,
1783360800,7,False,,,,,,,,,,,,
1783360800,8,False,,,,,,,,,,,,
1783360800,9,False,,,,,,,,,,,,
1783360800,10,False,,,,,,,,,,,,
1783364400,1,False,,,,,,,,,,,,
1783364400,2,False,,,,,,,,,,,,
1783364400,3,False,,,,,,,,,,,,
1783364400,4,False,,,,,,,,,,,,
1783364400,5,False,,,,,,,,,,,,
1783364400,6,False,,,,,,,,,,,,
1783364400,7,False,,,,,,,,,,,,
1783364400,8,False,,,,,,,,,,,,
1783364400,9,False,,,,,,,,,,,,
1783364400,10,False,,,,,,,,,,,,
1783368000,1,False,,,,,,,,,,,,
1783368000,2,False,,,,,,,,,,,,
1783368000,3,False,,,,,,,,,,,,
1783368000,4,False,,,,,,,,,,,,
1783368000,5,False,,,,,,,,,,,,
1783368000,6,False,,,,,,,,,,,,
1783368000,7,False,,,,,,,,,,,,
1783368000,8,False,,,,,,,,,,,,
1783368000,9,False,,,,,,,,,,,,
1783368000,10,False,,,,,,,,,,,,
1783371600,1,False,,,,,,,,,,,,
1783371600,2,False,,,,,,,,,,,,
1783371600,3,False,,,,,,,,,,,,
1783371600,4,False,,,,,,,,,,,,
1783371600,5,False,,,,,,,,,,,,
1783371600,6,False,,,,,,,,,,,,
1783371600,7,False,,,,,,,,,,,,
1783371600,8,False,,,,,,,,,,,,
1783371600,9,False,,,,,,,,,,,,
1783371600,10,False,,,,,,,,,,,,
1783375200,1,False,,,,,,,,,,,,
1783375200,2,False,,,,,,,,,,,,
1783375200,3,False,,,,,,,,,,,,
1783375200,4,False,,,,,,,,,,,,
1783375200,5,False,,,,,,,,,,,,
1783375200,6,False,,,,,,,,,,,,
1783375200,7,False,,,,,,,,,,,,
1783375200,8,False,,,,,,,,,,,,
1783375200,9,False,,,,,,,,,,,,
1783375200,10,False,,,,,,,,,,,,
1783378800,1,False,,,,,,,,,,,,
1783378800,2,False,,,,,,,,,,,,
1783378800,3,False,,,,,,,,,,,,
1783378800,4,False,,,,,,,,,,,,
1783378800,5,False,,,,,,,,,,,,
1783378800,6,False,,,,,,,,,,,,
1783378800,7,False,,,,,,,,,,,,
1783378800,8,False,,,,,,,,,,,,
1783378800,9,False,,,,,,,,,,,,
1783378800,10,False,,,,,,,,,,,,
1783382400,1,False,,,,,,,,,,,,
1783382400,2,False,,,,,,,,,,,,
1783382400,3,False,,,,,,,,,,,,
1783382400,4,False,,,,,,,,,,,,
1783382400,5,False,,,,,,,,,,,,
1783382400,6,False,,,,,,,,,,,,
1783382400,7,False,,,,,,,,,,,,
1783382400,8,False,,,,,,,,,,,,
1783382400,9,False,,,,,,,,,,,,
1783382400,10,False,,,,,,,,,,,,
1783386000,1,False,,,,,,,,,,,,
1783386000,2,False,,,,,,,,,,,,
1783386000,3,False,,,,,,,,,,,,
1783386000,4,False,,,,,,,,,,,,
1783386000,5,False,,,,,,,,,,,,
1783386000,6,False,,,,,,,,,,,,
1783386000,7,False,,,,,,,,,,,,
1783386000,8,False,,,,,,,,,,,,
1783386000,9,False,,,,,,,,,,,,
1783386000,10,False,,,,,,,,,,,,
1783389600,1,False,,,,,,,,,,,,
1783389600,2,False,,,,,,,,,,,,
1783389600,3,False,,,,,,,,,,,,
1783389600,4,False,,,,,,,,,,,,
1783389600,5,False,,,,,,,,,,,,
1783389600,6,False,,,,,,,,,,,,
1783389600,7,False,,,,,,,,,,,,
1783389600,8,False,,,,,,,,,,,,
1783389600,9,False,,,,,,,,,,,,
1783389600,10,False,,,,,,,,,,,,
1783393200,1,False,,,,,,,,,,,,
1783393200,2,False,,,,,,,,,,,,
1783393200,3,False,,,,,,,,,,,,
1783393200,4,False,,,,,,,,,,,,
1783393200,5,False,,,,,,,,,,,,
1783393200,6,False,,,,,,,,,,,,
1783393200,7,False,,,,,,,,,,,,
1783393200,8,False,,,,,,,,,,,,
1783393200,9,False,,,,,,,,,,,,
1783393200,10,False,,,,,,,,,,,,
1783396800,1,False,,,,,,,,,,,,
1783396800,2,False,,,,,,,,,,,,
1783396800,3,False,,,,,,,,,,,,
1783396800,4,False,,,,,,,,,,,,
1783396800,5,False,,,,,,,,,,,,
1783396800,6,False,,,,,,,,,,,,
1783396800,7,False,,,,,,,,,,,,
1783396800,8,False,,,,,,,,,,,,
1783396800,9,False,,,,,,,,,,,,
1783396800,10,False,,,,,,,,,,,,
1783400400,1,False,,,,,,,,,,,,
1783400400,2,False,,,,,,,,,,,,
1783400400,3,False,,,,,,,,,,,,
1783400400,4,False,,,,,,,,,,,,
1783400400,5,False,,,,,,,,,,,,
1783400400,6,False,,,,,,,,,,,,
1783400400,7,False,,,,,,,,,,,,
1783400400,8,False,,,,,,,,,,,,
1783400400,9,False,,,,,,,,,,,,
1783400400,10,False,,,,,,,,,,,,
1783404000,1,False,,,,,,,,,,,,
1783404000,2,False,,,,,,,,,,,,
1783404000,3,False,,,,,,,,,,,,
1783404000,4,False,,,,,,,,,,,,
1783404000,5,False,,,,,,,,,,,,
1783404000,6,False,,,,,,,,,,,,
1783404000,7,False,,,,,,,,,,,,
1783404000,8,False,,,,,,,,,,,,
1783404000,9,False,,,,,,,,,,,,
1783404000,10,False,,,,,,,,,,,,
1783407600,1,False,,,,,,,,,,,,
1783407600,2,False,,,,,,,,,,,,
1783407600,3,False,,,,,,,,,,,,
1783407600,4,False,,,,,,,,,,,,
1783407600,5,False,,,,,,,,,,,,
1783407600,6,False,,,,,,,,,,,,
1783407600,7,False,,,,,,,,,,,,
1783407600,8,False,,,,,,,,,,,,
1783407600,9,False,,,,,,,,,,,,
1783407600,10,False,,,,,,,,,,,,
1783411200,1,False,,,,,,,,,,,,
1783411200,2,False,,,,,,,,,,,,
1783411200,3,False,,,,,,,,,,,,
1783411200,4,False,,,,,,,,,,,,
1783411200,5,False,,,,,,,,,,,,
1783411200,6,False,,,,,,,,,,,,
1783411200,7,False,,,,,,,,,,,,
1783411200,8,False,,,,,,,,,,,,
1783411200,9,False,,,,,,,,,,,,
1783411200,10,False,,,,,,,,,,,,
1783414800,1,False,,,,,,,,,,,,
1783414800,2,False,,,,,,,,,,,,
1783414800,3,False,,,,,,,,,,,,
1783414800,4,False,,,,,,,,,,,,
1783414800,5,False,,,,,,,,,,,,
1783414800,6,False,,,,,,,,,,,,
1783414800,7,False,,,,,,,,,,,,
1783414800,8,False,,,,,,,,,,,,
1783414800,9,False,,,,,,,,,,,,
1783414800,10,False,,,,,,,,,,,,
1783418400,1,False,,,,,,,,,,,,
1783418400,2,False,,,,,,,,,,,,
1783418400,3,False,,,,,,,,,,,,
1783418400,4,False,,,,,,,,,,,,
1783418400,5,False,,,,,,,,,,,,
1783418400,6,False,,,,,,,,,,,,
1783418400,7,False,,,,,,,,,,,,
1783418400,8,False,,,,,,,,,,,,
1783418400,9,False,,,,,,,,,,,,
1783418400,10,False,,,,,,,,,,,,
1783422000,1,False,,,,,,,,,,,,
1783422000,2,False,,,,,,,,,,,,
1783422000,3,False,,,,,,,,,,,,
1783422000,4,False,,,,,,,,,,,,
1783422000,5,False,,,,,,,,,,,,
1783422000,6,False,,,,,,,,,,,,
1783422000,7,False,,,,,,,,,,,,
1783422000,8,False,,,,,,,,,,,,
1783422000,9,False,,,,,,,,,,,,
1783422000,10,False,,,,,,,,,,,,
1783425600,1,False,,,,,,,,,,,,
1783425600,2,False,,,,,,,,,,,,
1783425600,3,False,,,,,,,,,,,,
1783425600,4,False,,,,,,,,,,,,
1783425600,5,False,,,,,,,,,,,,
1783425600,6,False,,,,,,,,,,,,
1783425600,7,False,,,,,,,,,,,,
1783425600,8,False,,,,,,,,,,,,
1783425600,9,False,,,,,,,,,,,,
1783425600,10,False,,,,,,,,,,,,
1783429200,1,False,,,,,,,,,,,,
1783429200,2,False,,,,,,,,,,,,
1783429200,3,False,,,,,,,,,,,,
1783429200,4,False,,,,,,,,,,,,
1783429200,5,False,,,,,,,,,,,,
1783429200,6,False,,,,,,,,,,,,
1783429200,7,False,,,,,,,,,,,,
1783429200,8,False,,,,,,,,,,,,
1783429200,9,False,,,,,,,,,,,,
1783429200,10,False,,,,,,,,,,,,
1783432800,1,False,,,,,,,,,,,,
1783432800,2,False,,,,,,,,,,,,
1783432800,3,False,,,,,,,,,,,,
1783432800,4,False,,,,,,,,,,,,
1783432800,5,False,,,,,,,,,,,,
1783432800,6,False,,,,,,,,,,,,
1783432800,7,False,,,,,,,,,,,,
1783432800,8,False,,,,,,,,,,,,
1783432800,9,False,,,,,,,,,,,,
1783432800,10,False,,,,,,,,,,,,
1783436400,1,False,,,,,,,,,,,,
1783436400,2,False,,,,,,,,,,,,
1783436400,3,False,,,,,,,,,,,,
1783436400,4,False,,,,,,,,,,,,
1783436400,5,False,,,,,,,,,,,,
1783436400,6,False,,,,,,,,,,,,
1783436400,7,False,,,,,,,,,,,,
1783436400,8,False,,,,,,,,,,,,
1783436400,9,False,,,,,,,,,,,,
1783436400,10,False,,,,,,,,,,,,
1783440000,1,False,,,,,,,,,,,,
1783440000,2,False,,,,,,,,,,,,
1783440000,3,False,,,,,,,,,,,,
1783440000,4,False,,,,,,,,,,,,
1783440000,5,False,,,,,,,,,,,,
1783440000,6,False,,,,,,,,,,,,
1783440000,7,False,,,,,,,,,,,,
1783440000,8,False,,,,,,,,,,,,
1783440000,9,False,,,,,,,,,,,,
1783440000,10,False,,,,,,,,,,,,
1783443600,1,False,,,,,,,,,,,,
1783443600,2,False,,,,,,,,,,,,
1783443600,3,False,,,,,,,,,,,,
1783443600,4,False,,,,,,,,,,,,
1783443600,5,False,,,,,,,,,,,,
1783443600,6,False,,,,,,,,,,,,
1783443600,7,False,,,,,,,,,,,,
1783443600,8,False,,,,,,,,,,,,
1783443600,9,False,,,,,,,,,,,,
1783443600,10,False,,,,,,,,,,,,
1783447200,1,False,,,,,,,,,,,,
1783447200,2,False,,,,,,,,,,,,
1783447200,3,False,,,,,,,,,,,,
1783447200,4,False,,,,,,,,,,,,
1783447200,5,False,,,,,,,,,,,,
1783447200,6,False,,,,,,,,,,,,
1783447200,7,False,,,,,,,,,,,,
1783447200,8,False,,,,,,,,,,,,
1783447200,9,False,,,,,,,,,,,,
1783447200,10,False,,,,,,,,,,,,
1783450800,1,False,,,,,,,,,,,,
1783450800,2,False,,,,,,,,,,,,
1783450800,3,False,,,,,,,,,,,,
1783450800,4,False,,,,,,,,,,,,
1783450800,5,False,,,,,,,,,,,,
1783450800,6,False,,,,,,,,,,,,
1783450800,7,False,,,,,,,,,,,,
1783450800,8,False,,,,,,,,,,,,
1783450800,9,False,,,,,,,,,,,,
1783450800,10,False,,,,,,,,,,,,
1783454400,1,False,,,,,,,,,,,,
1783454400,2,False,,,,,,,,,,,,
1783454400,3,False,,,,,,,,,,,,
1783454400,4,False,,,,,,,,,,,,
1783454400,5,False,,,,,,,,,,,,
1783454400,6,False,,,,,,,,,,,,
1783454400,7,False,,,,,,,,,,,,
1783454400,8,False,,,,,,,,,,,,
1783454400,9,False,,,,,,,,,,,,
1783454400,10,False,,,,,,,,,,,,
1783458000,1,False,,,,,,,,,,,,
1783458000,2,False,,,,,,,,,,,,
1783458000,3,False,,,,,,,,,,,,
1783458000,4,False,,,,,,,,,,,,
1783458000,5,False,,,,,,,,,,,,
1783458000,6,False,,,,,,,,,,,,
1783458000,7,False,,,,,,,,,,,,
1783458000,8,False,,,,,,,,,,,,
1783458000,9,False,,,,,,,,,,,,
1783458000,10,False,,,,,,,,,,,,
1783461600,1,False,,,,,,,,,,,,
1783461600,2,False,,,,,,,,,,,,
1783461600,3,False,,,,,,,,,,,,
1783461600,4,False,,,,,,,,,,,,
1783461600,5,False,,,,,,,,,,,,
1783461600,6,False,,,,,,,,,,,,
1783461600,7,False,,,,,,,,,,,,
1783461600,8,False,,,,,,,,,,,,
1783461600,9,False,,,,,,,,,,,,
1783461600,10,False,,,,,,,,,,,,
1783465200,1,False,,,,,,,,,,,,
1783465200,2,False,,,,,,,,,,,,
1783465200,3,False,,,,,,,,,,,,
1783465200,4,False,,,,,,,,,,,,
1783465200,5,False,,,,,,,,,,,,
1783465200,6,False,,,,,,,,,,,,
1783465200,7,False,,,,,,,,,,,,
1783465200,8,False,,,,,,,,,,,,
1783465200,9,False,,,,,,,,,,,,
1783465200,10,False,,,,,,,,,,,,
1783468800,1,False,,,,,,,,,,,,
1783468800,2,False,,,,,,,,,,,,
1783468800,3,False,,,,,,,,,,,,
1783468800,4,False,,,,,,,,,,,,
1783468800,5,False,,,,,,,,,,,,
1783468800,6,False,,,,,,,,,,,,
1783468800,7,False,,,,,,,,,,,,
1783468800,8,False,,,,,,,,,,,,
1783468800,9,False,,,,,,,,,,,,
1783468800,10,False,,,,,,,,,,,,
1783472400,1,False,,,,,,,,,,,,
1783472400,2,False,,,,,,,,,,,,
1783472400,3,False,,,,,,,,,,,,
1783472400,4,False,,,,,,,,,,,,
1783472400,5,False,,,,,,,,,,,,
1783472400,6,False,,,,,,,,,,,,
1783472400,7,False,,,,,,,,,,,,
1783472400,8,False,,,,,,,,,,,,
1783472400,9,False,,,,,,,,,,,,
1783472400,10,False,,,,,,,,,,,,
1783476000,1,False,,,,,,,,,,,,
1783476000,2,False,,,,,,,,,,,,
1783476000,3,False,,,,,,,,,,,,
1783476000,4,False,,,,,,,,,,,,
1783476000,5,False,,,,,,,,,,,,
1783476000,6,False,,,,,,,,,,,,
1783476000,7,False,,,,,,,,,,,,
1783476000,8,False,,,,,,,,,,,,
1783476000,9,False,,,,,,,,,,,,
1783476000,10,False,,,,,,,,,,,,
1783479600,1,False,,,,,,,,,,,,
1783479600,2,False,,,,,,,,,,,,
1783479600,3,False,,,,,,,,,,,,
1783479600,4,False,,,,,,,,,,,,
1783479600,5,False,,,,,,,,,,,,
1783479600,6,False,,,,,,,,,,,,
1783479600,7,False,,,,,,,,,,,,
1783479600,8,False,,,,,,,,,,,,
1783479600,9,False,,,,,,,,,,,,
1783479600,10,False,,,,,,,,,,,,
1783483200,1,False,,,,,,,,,,,,
1783483200,2,False,,,,,,,,,,,,
1783483200,3,False,,,,,,,,,,,,
1783483200,4,False,,,,,,,,,,,,
1783483200,5,False,,,,,,,,,,,,
1783483200,6,False,,,,,,,,,,,,
1783483200,7,False,,,,,,,,,,,,
1783483200,8,False,,,,,,,,,,,,
1783483200,9,False,,,,,,,,,,,,
1783483200,10,False,,,,,,,,,,,,
1783486800,1,False,,,,,,,,,,,,
1783486800,2,False,,,,,,,,,,,,
1783486800,3,False,,,,,,,,,,,,
1783486800,4,False,,,,,,,,,,,,
1783486800,5,False,,,,,,,,,,,,
1783486800,6,False,,,,,,,,,,,,
1783486800,7,False,,,,,,,,,,,,
1783486800,8,False,,,,,,,,,,,,
1783486800,9,False,,,,,,,,,,,,
1783486800,10,False,,,,,,,,,,,,
1783490400,1,False,,,,,,,,,,,,
1783490400,2,False,,,,,,,,,,,,
1783490400,3,False,,,,,,,,,,,,
1783490400,4,False,,,,,,,,,,,,
1783490400,5,False,,,,,,,,,,,,
1783490400,6,True,up,0.98,0.9200000166893005,103.31999969482422,0.05484798429203033,book_moved_no_edge,0.9300000071525574,0.0,0.0,0.0,True,0.0
1783490400,7,True,up,0.98,0.9200000166893005,144.9600067138672,0.05484798429203033,filled,0.9200000166893005,27.1739125505287,25.0,0.13999997079372406,True,2.0339125797349773
1783490400,8,True,up,0.98,0.9200000166893005,150.39999389648438,0.05484798429203033,filled,0.9200000166893005,27.1739125505287,25.0,0.13999997079372406,True,2.0339125797349773
1783490400,9,True,up,0.98,0.9200000166893005,196.27999877929688,0.05484798429203033,filled,0.9200000166893005,27.1739125505287,25.0,0.13999997079372406,True,2.0339125797349773
1783490400,10,False,,,,,,,,,,,,
1783494000,1,False,,,,,,,,,,,,
1783494000,2,False,,,,,,,,,,,,
1783494000,3,False,,,,,,,,,,,,
1783494000,4,False,,,,,,,,,,,,
1783494000,5,False,,,,,,,,,,,,
1783494000,6,False,,,,,,,,,,,,
1783494000,7,False,,,,,,,,,,,,
1783494000,8,False,,,,,,,,,,,,
1783494000,9,False,,,,,,,,,,,,
1783494000,10,False,,,,,,,,,,,,
1783497600,1,False,,,,,,,,,,,,
1783497600,2,False,,,,,,,,,,,,
1783497600,3,False,,,,,,,,,,,,
1783497600,4,False,,,,,,,,,,,,
1783497600,5,False,,,,,,,,,,,,
1783497600,6,False,,,,,,,,,,,,
1783497600,7,False,,,,,,,,,,,,
1783497600,8,False,,,,,,,,,,,,
1783497600,9,False,,,,,,,,,,,,
1783497600,10,False,,,,,,,,,,,,
1783501200,1,False,,,,,,,,,,,,
1783501200,2,False,,,,,,,,,,,,
1783501200,3,False,,,,,,,,,,,,
1783501200,4,False,,,,,,,,,,,,
1783501200,5,False,,,,,,,,,,,,
1783501200,6,False,,,,,,,,,,,,
1783501200,7,False,,,,,,,,,,,,
1783501200,8,False,,,,,,,,,,,,
1783501200,9,False,,,,,,,,,,,,
1783501200,10,False,,,,,,,,,,,,
1783504800,1,False,,,,,,,,,,,,
1783504800,2,False,,,,,,,,,,,,
1783504800,3,False,,,,,,,,,,,,
1783504800,4,False,,,,,,,,,,,,
1783504800,5,False,,,,,,,,,,,,
1783504800,6,False,,,,,,,,,,,,
1783504800,7,False,,,,,,,,,,,,
1783504800,8,False,,,,,,,,,,,,
1783504800,9,False,,,,,,,,,,,,
1783504800,10,False,,,,,,,,,,,,
1783508400,1,False,,,,,,,,,,,,
1783508400,2,False,,,,,,,,,,,,
1783508400,3,False,,,,,,,,,,,,
1783508400,4,False,,,,,,,,,,,,
1783508400,5,False,,,,,,,,,,,,
1783508400,6,False,,,,,,,,,,,,
1783508400,7,False,,,,,,,,,,,,
1783508400,8,False,,,,,,,,,,,,
1783508400,9,False,,,,,,,,,,,,
1783508400,10,False,,,,,,,,,,,,
1783512000,1,False,,,,,,,,,,,,
1783512000,2,False,,,,,,,,,,,,
1783512000,3,False,,,,,,,,,,,,
1783512000,4,False,,,,,,,,,,,,
1783512000,5,False,,,,,,,,,,,,
1783512000,6,False,,,,,,,,,,,,
1783512000,7,False,,,,,,,,,,,,
1783512000,8,False,,,,,,,,,,,,
1783512000,9,False,,,,,,,,,,,,
1783512000,10,False,,,,,,,,,,,,
1783515600,1,False,,,,,,,,,,,,
1783515600,2,False,,,,,,,,,,,,
1783515600,3,False,,,,,,,,,,,,
1783515600,4,False,,,,,,,,,,,,
1783515600,5,False,,,,,,,,,,,,
1783515600,6,False,,,,,,,,,,,,
1783515600,7,False,,,,,,,,,,,,
1783515600,8,False,,,,,,,,,,,,
1783515600,9,False,,,,,,,,,,,,
1783515600,10,False,,,,,,,,,,,,
1783519200,1,False,,,,,,,,,,,,
1783519200,2,False,,,,,,,,,,,,
1783519200,3,False,,,,,,,,,,,,
1783519200,4,False,,,,,,,,,,,,
1783519200,5,False,,,,,,,,,,,,
1783519200,6,False,,,,,,,,,,,,
1783519200,7,False,,,,,,,,,,,,
1783519200,8,False,,,,,,,,,,,,
1783519200,9,False,,,,,,,,,,,,
1783519200,10,False,,,,,,,,,,,,
1783522800,1,False,,,,,,,,,,,,
1783522800,2,False,,,,,,,,,,,,
1783522800,3,False,,,,,,,,,,,,
1783522800,4,False,,,,,,,,,,,,
1783522800,5,False,,,,,,,,,,,,
1783522800,6,False,,,,,,,,,,,,
1783522800,7,False,,,,,,,,,,,,
1783522800,8,False,,,,,,,,,,,,
1783522800,9,False,,,,,,,,,,,,
1783522800,10,False,,,,,,,,,,,,
1783526400,1,False,,,,,,,,,,,,
1783526400,2,False,,,,,,,,,,,,
1783526400,3,False,,,,,,,,,,,,
1783526400,4,False,,,,,,,,,,,,
1783526400,5,False,,,,,,,,,,,,
1783526400,6,False,,,,,,,,,,,,
1783526400,7,False,,,,,,,,,,,,
1783526400,8,False,,,,,,,,,,,,
1783526400,9,False,,,,,,,,,,,,
1783526400,10,False,,,,,,,,,,,,
1783530000,1,False,,,,,,,,,,,,
1783530000,2,False,,,,,,,,,,,,
1783530000,3,False,,,,,,,,,,,,
1783530000,4,False,,,,,,,,,,,,
1783530000,5,False,,,,,,,,,,,,
1783530000,6,False,,,,,,,,,,,,
1783530000,7,False,,,,,,,,,,,,
1783530000,8,False,,,,,,,,,,,,
1783530000,9,False,,,,,,,,,,,,
1783530000,10,False,,,,,,,,,,,,
1783533600,1,False,,,,,,,,,,,,
1783533600,2,False,,,,,,,,,,,,
1783533600,3,False,,,,,,,,,,,,
1783533600,4,False,,,,,,,,,,,,
1783533600,5,False,,,,,,,,,,,,
1783533600,6,False,,,,,,,,,,,,
1783533600,7,False,,,,,,,,,,,,
1783533600,8,False,,,,,,,,,,,,
1783533600,9,False,,,,,,,,,,,,
1783533600,10,False,,,,,,,,,,,,
1783537200,1,False,,,,,,,,,,,,
1783537200,2,False,,,,,,,,,,,,
1783537200,3,False,,,,,,,,,,,,
1783537200,4,False,,,,,,,,,,,,
1783537200,5,False,,,,,,,,,,,,
1783537200,6,False,,,,,,,,,,,,
1783537200,7,False,,,,,,,,,,,,
1783537200,8,False,,,,,,,,,,,,
1783537200,9,False,,,,,,,,,,,,
1783537200,10,False,,,,,,,,,,,,
1783540800,1,False,,,,,,,,,,,,
1783540800,2,False,,,,,,,,,,,,
1783540800,3,False,,,,,,,,,,,,
1783540800,4,False,,,,,,,,,,,,
1783540800,5,False,,,,,,,,,,,,
1783540800,6,False,,,,,,,,,,,,
1783540800,7,False,,,,,,,,,,,,
1783540800,8,False,,,,,,,,,,,,
1783540800,9,False,,,,,,,,,,,,
1783540800,10,False,,,,,,,,,,,,
1783544400,1,False,,,,,,,,,,,,
1783544400,2,False,,,,,,,,,,,,
1783544400,3,False,,,,,,,,,,,,
1783544400,4,False,,,,,,,,,,,,
1783544400,5,False,,,,,,,,,,,,
1783544400,6,False,,,,,,,,,,,,
1783544400,7,False,,,,,,,,,,,,
1783544400,8,False,,,,,,,,,,,,
1783544400,9,False,,,,,,,,,,,,
1783544400,10,False,,,,,,,,,,,,
1783548000,1,False,,,,,,,,,,,,
1783548000,2,False,,,,,,,,,,,,
1783548000,3,False,,,,,,,,,,,,
1783548000,4,False,,,,,,,,,,,,
1783548000,5,False,,,,,,,,,,,,
1783548000,6,False,,,,,,,,,,,,
1783548000,7,False,,,,,,,,,,,,
1783548000,8,False,,,,,,,,,,,,
1783548000,9,False,,,,,,,,,,,,
1783548000,10,False,,,,,,,,,,,,
1783551600,1,False,,,,,,,,,,,,
1783551600,2,False,,,,,,,,,,,,
1783551600,3,False,,,,,,,,,,,,
1783551600,4,False,,,,,,,,,,,,
1783551600,5,False,,,,,,,,,,,,
1783551600,6,False,,,,,,,,,,,,
1783551600,7,False,,,,,,,,,,,,
1783551600,8,False,,,,,,,,,,,,
1783551600,9,False,,,,,,,,,,,,
1783551600,10,False,,,,,,,,,,,,
1783555200,1,False,,,,,,,,,,,,
1783555200,2,False,,,,,,,,,,,,
1783555200,3,False,,,,,,,,,,,,
1783555200,4,False,,,,,,,,,,,,
1783555200,5,False,,,,,,,,,,,,
1783555200,6,False,,,,,,,,,,,,
1783555200,7,False,,,,,,,,,,,,
1783555200,8,False,,,,,,,,,,,,
1783555200,9,False,,,,,,,,,,,,
1783555200,10,False,,,,,,,,,,,,
1783558800,1,False,,,,,,,,,,,,
1783558800,2,False,,,,,,,,,,,,
1783558800,3,False,,,,,,,,,,,,
1783558800,4,False,,,,,,,,,,,,
1783558800,5,False,,,,,,,,,,,,
1783558800,6,False,,,,,,,,,,,,
1783558800,7,False,,,,,,,,,,,,
1783558800,8,False,,,,,,,,,,,,
1783558800,9,False,,,,,,,,,,,,
1783558800,10,False,,,,,,,,,,,,
1783562400,1,False,,,,,,,,,,,,
1783562400,2,False,,,,,,,,,,,,
1783562400,3,False,,,,,,,,,,,,
1783562400,4,False,,,,,,,,,,,,
1783562400,5,False,,,,,,,,,,,,
1783562400,6,False,,,,,,,,,,,,
1783562400,7,False,,,,,,,,,,,,
1783562400,8,False,,,,,,,,,,,,
1783562400,9,False,,,,,,,,,,,,
1783562400,10,False,,,,,,,,,,,,
1783566000,1,False,,,,,,,,,,,,
1783566000,2,False,,,,,,,,,,,,
1783566000,3,False,,,,,,,,,,,,
1783566000,4,False,,,,,,,,,,,,
1783566000,5,False,,,,,,,,,,,,
1783566000,6,False,,,,,,,,,,,,
1783566000,7,False,,,,,,,,,,,,
1783566000,8,False,,,,,,,,,,,,
1783566000,9,False,,,,,,,,,,,,
1783566000,10,False,,,,,,,,,,,,
1783569600,1,False,,,,,,,,,,,,
1783569600,2,False,,,,,,,,,,,,
1783569600,3,False,,,,,,,,,,,,
1783569600,4,False,,,,,,,,,,,,
1783569600,5,False,,,,,,,,,,,,
1783569600,6,False,,,,,,,,,,,,
1783569600,7,False,,,,,,,,,,,,
1783569600,8,False,,,,,,,,,,,,
1783569600,9,False,,,,,,,,,,,,
1783569600,10,False,,,,,,,,,,,,
1783573200,1,False,,,,,,,,,,,,
1783573200,2,False,,,,,,,,,,,,
1783573200,3,False,,,,,,,,,,,,
1783573200,4,False,,,,,,,,,,,,
1783573200,5,False,,,,,,,,,,,,
1783573200,6,False,,,,,,,,,,,,
1783573200,7,False,,,,,,,,,,,,
1783573200,8,False,,,,,,,,,,,,
1783573200,9,False,,,,,,,,,,,,
1783573200,10,False,,,,,,,,,,,,
1783576800,1,False,,,,,,,,,,,,
1783576800,2,False,,,,,,,,,,,,
1783576800,3,False,,,,,,,,,,,,
1783576800,4,False,,,,,,,,,,,,
1783576800,5,False,,,,,,,,,,,,
1783576800,6,False,,,,,,,,,,,,
1783576800,7,False,,,,,,,,,,,,
1783576800,8,False,,,,,,,,,,,,
1783576800,9,False,,,,,,,,,,,,
1783576800,10,False,,,,,,,,,,,,
1783580400,1,False,,,,,,,,,,,,
1783580400,2,False,,,,,,,,,,,,
1783580400,3,False,,,,,,,,,,,,
1783580400,4,False,,,,,,,,,,,,
1783580400,5,False,,,,,,,,,,,,
1783580400,6,False,,,,,,,,,,,,
1783580400,7,False,,,,,,,,,,,,
1783580400,8,False,,,,,,,,,,,,
1783580400,9,False,,,,,,,,,,,,
1783580400,10,False,,,,,,,,,,,,
1783584000,1,False,,,,,,,,,,,,
1783584000,2,False,,,,,,,,,,,,
1783584000,3,False,,,,,,,,,,,,
1783584000,4,False,,,,,,,,,,,,
1783584000,5,False,,,,,,,,,,,,
1783584000,6,False,,,,,,,,,,,,
1783584000,7,False,,,,,,,,,,,,
1783584000,8,False,,,,,,,,,,,,
1783584000,9,False,,,,,,,,,,,,
1783584000,10,False,,,,,,,,,,,,
1783587600,1,False,,,,,,,,,,,,
1783587600,2,False,,,,,,,,,,,,
1783587600,3,False,,,,,,,,,,,,
1783587600,4,False,,,,,,,,,,,,
1783587600,5,False,,,,,,,,,,,,
1783587600,6,False,,,,,,,,,,,,
1783587600,7,False,,,,,,,,,,,,
1783587600,8,False,,,,,,,,,,,,
1783587600,9,False,,,,,,,,,,,,
1783587600,10,False,,,,,,,,,,,,
1783591200,1,False,,,,,,,,,,,,
1783591200,2,False,,,,,,,,,,,,
1783591200,3,False,,,,,,,,,,,,
1783591200,4,False,,,,,,,,,,,,
1783591200,5,False,,,,,,,,,,,,
1783591200,6,False,,,,,,,,,,,,
1783591200,7,False,,,,,,,,,,,,
1783591200,8,False,,,,,,,,,,,,
1783591200,9,False,,,,,,,,,,,,
1783591200,10,False,,,,,,,,,,,,
1783594800,1,True,up,0.6360178293604186,0.5299999713897705,5.0,0.0885808578504852,empty_book,,0.0,0.0,0.0,True,0.0
1783594800,2,True,up,0.5938558564931916,0.4699999988079071,5.0,0.1064188576902913,book_moved_no_edge,0.6800000071525574,0.0,0.0,0.0,True,0.0
1783594800,3,False,,,,,,,,,,,,
1783594800,4,True,up,0.5690340264409522,0.47999998927116394,13.600000381469727,0.07156203719982905,filled,0.4699999988079071,5.0,2.3499999940395355,0.08718499997496605,True,2.5628150059854984
1783594800,5,True,up,0.5596943206273384,0.46000000834465027,78.4000015258789,0.08230631223595807,filled,0.4699999988079071,25.0,11.749999970197678,0.4359249998748303,True,12.814075029927492
1783594800,6,True,up,0.5564605232694608,0.4699999988079071,72.76000213623047,0.06902352446656052,filled,0.4699999988079071,4.849999904632568,2.2794999493956567,0.08456944831279517,True,2.4859305069241167
1783594800,7,True,up,0.5522979062943135,0.44999998807907104,5.0,0.08497291829868898,filled,0.4699999988079071,53.19148949661531,25.0,0.9275000020861626,True,27.26398949452915
1783594800,8,True,up,0.548937792472523,0.44999998807907104,5.0,0.0816128044768984,filled,0.46000000834465027,54.3478251010574,25.0,0.9449999853968621,True,28.40282511566054
1783594800,9,True,up,0.5302811322302639,0.44999998807907104,5.0,0.06295614423463931,filled,0.44999998807907104,5.0,2.2499999403953552,0.08662499958276745,True,2.6633750600218775
1783594800,10,True,up,0.5272206175732083,0.44999998807907104,5.0,0.05989562957758372,filled,0.44999998807907104,5.0,2.2499999403953552,0.08662499958276745,True,2.6633750600218775
1783598400,1,False,,,,,,,,,,,,
1783598400,2,False,,,,,,,,,,,,
1783598400,3,False,,,,,,,,,,,,
1783598400,4,False,,,,,,,,,,,,
1783598400,5,False,,,,,,,,,,,,
1783598400,6,False,,,,,,,,,,,,
1783598400,7,False,,,,,,,,,,,,
1783598400,8,False,,,,,,,,,,,,
1783598400,9,False,,,,,,,,,,,,
1783598400,10,False,,,,,,,,,,,,
1783602000,1,False,,,,,,,,,,,,
1783602000,2,False,,,,,,,,,,,,
1783602000,3,False,,,,,,,,,,,,
1783602000,4,False,,,,,,,,,,,,
1783602000,5,False,,,,,,,,,,,,
1783602000,6,False,,,,,,,,,,,,
1783602000,7,False,,,,,,,,,,,,
1783602000,8,False,,,,,,,,,,,,
1783602000,9,False,,,,,,,,,,,,
1783602000,10,False,,,,,,,,,,,,
1783605600,1,False,,,,,,,,,,,,
1783605600,2,False,,,,,,,,,,,,
1783605600,3,False,,,,,,,,,,,,
1783605600,4,False,,,,,,,,,,,,
1783605600,5,False,,,,,,,,,,,,
1783605600,6,True,down,0.9333482412503572,0.7999999970197678,49.0,0.12214824410541969,book_moved_no_edge,0.9499999992549419,0.0,0.0,0.0,True,0.0
1783605600,7,True,down,0.9178815620412035,0.7900000065565109,112.80000305175781,0.11626855575088695,filled,0.8100000023841858,5.0,4.050000011920929,0.05386499948263169,True,0.8961349885964394
1783605600,8,True,down,0.9032129527902288,0.760000005364418,103.8499984741211,0.1304449476210756,filled,0.7900000065565109,31.64556935761453,25.0,0.3674999885261059,True,6.278069369088424
1783605600,9,True,down,0.8898490395046392,0.7900000065565109,2.9700000286102295,0.08823603321432265,filled,0.7699999958276749,32.46753264346117,24.999999999999996,0.402500007301569,True,7.065032636159604
1783605600,10,False,,,,,,,,,,,,
1783609200,1,False,,,,,,,,,,,,
1783609200,2,False,,,,,,,,,,,,
1783609200,3,False,,,,,,,,,,,,
1783609200,4,False,,,,,,,,,,,,
1783609200,5,False,,,,,,,,,,,,
1783609200,6,False,,,,,,,,,,,,
1783609200,7,False,,,,,,,,,,,,
1783609200,8,False,,,,,,,,,,,,
1783609200,9,False,,,,,,,,,,,,
1783609200,10,False,,,,,,,,,,,,
1783612800,1,False,,,,,,,,,,,,
1783612800,2,False,,,,,,,,,,,,
1783612800,3,False,,,,,,,,,,,,
1783612800,4,False,,,,,,,,,,,,
1783612800,5,False,,,,,,,,,,,,
1783612800,6,False,,,,,,,,,,,,
1783612800,7,False,,,,,,,,,,,,
1783612800,8,False,,,,,,,,,,,,
1783612800,9,False,,,,,,,,,,,,
1783612800,10,False,,,,,,,,,,,,
1783616400,1,False,,,,,,,,,,,,
1783616400,2,False,,,,,,,,,,,,
1783616400,3,False,,,,,,,,,,,,
1783616400,4,False,,,,,,,,,,,,
1783616400,5,False,,,,,,,,,,,,
1783616400,6,False,,,,,,,,,,,,
1783616400,7,False,,,,,,,,,,,,
1783616400,8,False,,,,,,,,,,,,
1783616400,9,False,,,,,,,,,,,,
1783616400,10,False,,,,,,,,,,,,
1783620000,1,False,,,,,,,,,,,,
1783620000,2,False,,,,,,,,,,,,
1783620000,3,False,,,,,,,,,,,,
1783620000,4,False,,,,,,,,,,,,
1783620000,5,False,,,,,,,,,,,,
1783620000,6,False,,,,,,,,,,,,
1783620000,7,False,,,,,,,,,,,,
1783620000,8,False,,,,,,,,,,,,
1783620000,9,False,,,,,,,,,,,,
1783620000,10,False,,,,,,,,,,,,
1783623600,1,False,,,,,,,,,,,,
1783623600,2,False,,,,,,,,,,,,
1783623600,3,False,,,,,,,,,,,,
1783623600,4,False,,,,,,,,,,,,
1783623600,5,False,,,,,,,,,,,,
1783623600,6,False,,,,,,,,,,,,
1783623600,7,False,,,,,,,,,,,,
1783623600,8,False,,,,,,,,,,,,
1783623600,9,False,,,,,,,,,,,,
1783623600,10,False,,,,,,,,,,,,
1783627200,1,False,,,,,,,,,,,,
1783627200,2,False,,,,,,,,,,,,
1783627200,3,False,,,,,,,,,,,,
1783627200,4,False,,,,,,,,,,,,
1783627200,5,False,,,,,,,,,,,,
1783627200,6,False,,,,,,,,,,,,
1783627200,7,False,,,,,,,,,,,,
1783627200,8,False,,,,,,,,,,,,
1783627200,9,False,,,,,,,,,,,,
1783627200,10,False,,,,,,,,,,,,
1783630800,1,False,,,,,,,,,,,,
1783630800,2,False,,,,,,,,,,,,
1783630800,3,False,,,,,,,,,,,,
1783630800,4,False,,,,,,,,,,,,
1783630800,5,False,,,,,,,,,,,,
1783630800,6,False,,,,,,,,,,,,
1783630800,7,False,,,,,,,,,,,,
1783630800,8,False,,,,,,,,,,,,
1783630800,9,False,,,,,,,,,,,,
1783630800,10,False,,,,,,,,,,,,
1783634400,1,False,,,,,,,,,,,,
1783634400,2,False,,,,,,,,,,,,
1783634400,3,False,,,,,,,,,,,,
1783634400,4,False,,,,,,,,,,,,
1783634400,5,False,,,,,,,,,,,,
1783634400,6,False,,,,,,,,,,,,
1783634400,7,False,,,,,,,,,,,,
1783634400,8,False,,,,,,,,,,,,
1783634400,9,False,,,,,,,,,,,,
1783634400,10,False,,,,,,,,,,,,
1783638000,1,False,,,,,,,,,,,,
1783638000,2,False,,,,,,,,,,,,
1783638000,3,False,,,,,,,,,,,,
1783638000,4,False,,,,,,,,,,,,
1783638000,5,False,,,,,,,,,,,,
1783638000,6,False,,,,,,,,,,,,
1783638000,7,False,,,,,,,,,,,,
1783638000,8,False,,,,,,,,,,,,
1783638000,9,False,,,,,,,,,,,,
1783638000,10,False,,,,,,,,,,,,
1783641600,1,False,,,,,,,,,,,,
1783641600,2,False,,,,,,,,,,,,
1783641600,3,False,,,,,,,,,,,,
1783641600,4,False,,,,,,,,,,,,
1783641600,5,False,,,,,,,,,,,,
1783641600,6,False,,,,,,,,,,,,
1783641600,7,False,,,,,,,,,,,,
1783641600,8,False,,,,,,,,,,,,
1783641600,9,False,,,,,,,,,,,,
1783641600,10,False,,,,,,,,,,,,
1783645200,1,False,,,,,,,,,,,,
1783645200,2,False,,,,,,,,,,,,
1783645200,3,False,,,,,,,,,,,,
1783645200,4,False,,,,,,,,,,,,
1783645200,5,False,,,,,,,,,,,,
1783645200,6,False,,,,,,,,,,,,
1783645200,7,False,,,,,,,,,,,,
1783645200,8,False,,,,,,,,,,,,
1783645200,9,False,,,,,,,,,,,,
1783645200,10,False,,,,,,,,,,,,
1783648800,1,False,,,,,,,,,,,,
1783648800,2,False,,,,,,,,,,,,
1783648800,3,False,,,,,,,,,,,,
1783648800,4,False,,,,,,,,,,,,
1783648800,5,False,,,,,,,,,,,,
1783648800,6,False,,,,,,,,,,,,
1783648800,7,False,,,,,,,,,,,,
1783648800,8,False,,,,,,,,,,,,
1783648800,9,False,,,,,,,,,,,,
1783648800,10,False,,,,,,,,,,,,
1783652400,1,False,,,,,,,,,,,,
1783652400,2,False,,,,,,,,,,,,
1783652400,3,False,,,,,,,,,,,,
1783652400,4,False,,,,,,,,,,,,
1783652400,5,False,,,,,,,,,,,,
1783652400,6,False,,,,,,,,,,,,
1783652400,7,False,,,,,,,,,,,,
1783652400,8,False,,,,,,,,,,,,
1783652400,9,False,,,,,,,,,,,,
1783652400,10,False,,,,,,,,,,,,
1783656000,1,False,,,,,,,,,,,,
1783656000,2,False,,,,,,,,,,,,
1783656000,3,False,,,,,,,,,,,,
1783656000,4,False,,,,,,,,,,,,
1783656000,5,False,,,,,,,,,,,,
1783656000,6,False,,,,,,,,,,,,
1783656000,7,False,,,,,,,,,,,,
1783656000,8,False,,,,,,,,,,,,
1783656000,9,False,,,,,,,,,,,,
1783656000,10,False,,,,,,,,,,,,
1783659600,1,False,,,,,,,,,,,,
1783659600,2,False,,,,,,,,,,,,
1783659600,3,False,,,,,,,,,,,,
1783659600,4,False,,,,,,,,,,,,
1783659600,5,False,,,,,,,,,,,,
1783659600,6,False,,,,,,,,,,,,
1783659600,7,False,,,,,,,,,,,,
1783659600,8,False,,,,,,,,,,,,
1783659600,9,False,,,,,,,,,,,,
1783659600,10,False,,,,,,,,,,,,
1783663200,1,False,,,,,,,,,,,,
1783663200,2,False,,,,,,,,,,,,
1783663200,3,False,,,,,,,,,,,,
1783663200,4,False,,,,,,,,,,,,
1783663200,5,False,,,,,,,,,,,,
1783663200,6,False,,,,,,,,,,,,
1783663200,7,False,,,,,,,,,,,,
1783663200,8,False,,,,,,,,,,,,
1783663200,9,False,,,,,,,,,,,,
1783663200,10,False,,,,,,,,,,,,
1783666800,1,False,,,,,,,,,,,,
1783666800,2,False,,,,,,,,,,,,
1783666800,3,False,,,,,,,,,,,,
1783666800,4,False,,,,,,,,,,,,
1783666800,5,False,,,,,,,,,,,,
1783666800,6,False,,,,,,,,,,,,
1783666800,7,False,,,,,,,,,,,,
1783666800,8,False,,,,,,,,,,,,
1783666800,9,False,,,,,,,,,,,,
1783666800,10,False,,,,,,,,,,,,
1783670400,1,False,,,,,,,,,,,,
1783670400,2,False,,,,,,,,,,,,
1783670400,3,False,,,,,,,,,,,,
1783670400,4,False,,,,,,,,,,,,
1783670400,5,False,,,,,,,,,,,,
1783670400,6,False,,,,,,,,,,,,
1783670400,7,False,,,,,,,,,,,,
1783670400,8,False,,,,,,,,,,,,
1783670400,9,False,,,,,,,,,,,,
1783670400,10,False,,,,,,,,,,,,
1783674000,1,False,,,,,,,,,,,,
1783674000,2,False,,,,,,,,,,,,
1783674000,3,False,,,,,,,,,,,,
1783674000,4,False,,,,,,,,,,,,
1783674000,5,False,,,,,,,,,,,,
1783674000,6,False,,,,,,,,,,,,
1783674000,7,False,,,,,,,,,,,,
1783674000,8,False,,,,,,,,,,,,
1783674000,9,False,,,,,,,,,,,,
1783674000,10,False,,,,,,,,,,,,
1783677600,1,False,,,,,,,,,,,,
1783677600,2,False,,,,,,,,,,,,
1783677600,3,False,,,,,,,,,,,,
1783677600,4,False,,,,,,,,,,,,
1783677600,5,False,,,,,,,,,,,,
1783677600,6,False,,,,,,,,,,,,
1783677600,7,False,,,,,,,,,,,,
1783677600,8,False,,,,,,,,,,,,
1783677600,9,False,,,,,,,,,,,,
1783677600,10,False,,,,,,,,,,,,
1783681200,1,False,,,,,,,,,,,,
1783681200,2,False,,,,,,,,,,,,
1783681200,3,False,,,,,,,,,,,,
1783681200,4,False,,,,,,,,,,,,
1783681200,5,False,,,,,,,,,,,,
1783681200,6,False,,,,,,,,,,,,
1783681200,7,False,,,,,,,,,,,,
1783681200,8,False,,,,,,,,,,,,
1783681200,9,False,,,,,,,,,,,,
1783681200,10,True,up,0.98,0.9200000166893005,27.829999923706055,0.05484798429203033,empty_book,,0.0,0.0,0.0,True,0.0
1783684800,1,False,,,,,,,,,,,,
1783684800,2,False,,,,,,,,,,,,
1783684800,3,False,,,,,,,,,,,,
1783684800,4,False,,,,,,,,,,,,
1783684800,5,False,,,,,,,,,,,,
1783684800,6,False,,,,,,,,,,,,
1783684800,7,False,,,,,,,,,,,,
1783684800,8,False,,,,,,,,,,,,
1783684800,9,False,,,,,,,,,,,,
1783684800,10,False,,,,,,,,,,,,
1783688400,1,False,,,,,,,,,,,,
1783688400,2,False,,,,,,,,,,,,
1783688400,3,False,,,,,,,,,,,,
1783688400,4,False,,,,,,,,,,,,
1783688400,5,False,,,,,,,,,,,,
1783688400,6,False,,,,,,,,,,,,
1783688400,7,False,,,,,,,,,,,,
1783688400,8,False,,,,,,,,,,,,
1783688400,9,False,,,,,,,,,,,,
1783688400,10,False,,,,,,,,,,,,
1783692000,1,False,,,,,,,,,,,,
1783692000,2,False,,,,,,,,,,,,
1783692000,3,False,,,,,,,,,,,,
1783692000,4,False,,,,,,,,,,,,
1783692000,5,False,,,,,,,,,,,,
1783692000,6,False,,,,,,,,,,,,
1783692000,7,False,,,,,,,,,,,,
1783692000,8,False,,,,,,,,,,,,
1783692000,9,False,,,,,,,,,,,,
1783692000,10,False,,,,,,,,,,,,
1783695600,1,False,,,,,,,,,,,,
1783695600,2,False,,,,,,,,,,,,
1783695600,3,False,,,,,,,,,,,,
1783695600,4,False,,,,,,,,,,,,
1783695600,5,False,,,,,,,,,,,,
1783695600,6,False,,,,,,,,,,,,
1783695600,7,False,,,,,,,,,,,,
1783695600,8,False,,,,,,,,,,,,
1783695600,9,False,,,,,,,,,,,,
1783695600,10,False,,,,,,,,,,,,
1783699200,1,False,,,,,,,,,,,,
1783699200,2,False,,,,,,,,,,,,
1783699200,3,False,,,,,,,,,,,,
1783699200,4,False,,,,,,,,,,,,
1783699200,5,False,,,,,,,,,,,,
1783699200,6,False,,,,,,,,,,,,
1783699200,7,False,,,,,,,,,,,,
1783699200,8,False,,,,,,,,,,,,
1783699200,9,False,,,,,,,,,,,,
1783699200,10,False,,,,,,,,,,,,
1783702800,1,False,,,,,,,,,,,,
1783702800,2,False,,,,,,,,,,,,
1783702800,3,False,,,,,,,,,,,,
1783702800,4,False,,,,,,,,,,,,
1783702800,5,False,,,,,,,,,,,,
1783702800,6,False,,,,,,,,,,,,
1783702800,7,False,,,,,,,,,,,,
1783702800,8,False,,,,,,,,,,,,
1783702800,9,False,,,,,,,,,,,,
1783702800,10,False,,,,,,,,,,,,
1783706400,1,False,,,,,,,,,,,,
1783706400,2,False,,,,,,,,,,,,
1783706400,3,False,,,,,,,,,,,,
1783706400,4,False,,,,,,,,,,,,
1783706400,5,False,,,,,,,,,,,,
1783706400,6,False,,,,,,,,,,,,
1783706400,7,False,,,,,,,,,,,,
1783706400,8,False,,,,,,,,,,,,
1783706400,9,False,,,,,,,,,,,,
1783706400,10,False,,,,,,,,,,,,
1783710000,1,False,,,,,,,,,,,,
1783710000,2,False,,,,,,,,,,,,
1783710000,3,False,,,,,,,,,,,,
1783710000,4,False,,,,,,,,,,,,
1783710000,5,False,,,,,,,,,,,,
1783710000,6,False,,,,,,,,,,,,
1783710000,7,False,,,,,,,,,,,,
1783710000,8,False,,,,,,,,,,,,
1783710000,9,False,,,,,,,,,,,,
1783710000,10,False,,,,,,,,,,,,
1783713600,1,False,,,,,,,,,,,,
1783713600,2,False,,,,,,,,,,,,
1783713600,3,False,,,,,,,,,,,,
1783713600,4,False,,,,,,,,,,,,
1783713600,5,False,,,,,,,,,,,,
1783713600,6,False,,,,,,,,,,,,
1783713600,7,False,,,,,,,,,,,,
1783713600,8,False,,,,,,,,,,,,
1783713600,9,False,,,,,,,,,,,,
1783713600,10,False,,,,,,,,,,,,
1783717200,1,False,,,,,,,,,,,,
1783717200,2,False,,,,,,,,,,,,
1783717200,3,False,,,,,,,,,,,,
1783717200,4,False,,,,,,,,,,,,
1783717200,5,False,,,,,,,,,,,,
1783717200,6,False,,,,,,,,,,,,
1783717200,7,False,,,,,,,,,,,,
1783717200,8,False,,,,,,,,,,,,
1783717200,9,False,,,,,,,,,,,,
1783717200,10,False,,,,,,,,,,,,
1783720800,1,False,,,,,,,,,,,,
1783720800,2,False,,,,,,,,,,,,
1783720800,3,False,,,,,,,,,,,,
1783720800,4,False,,,,,,,,,,,,
1783720800,5,False,,,,,,,,,,,,
1783720800,6,False,,,,,,,,,,,,
1783720800,7,False,,,,,,,,,,,,
1783720800,8,False,,,,,,,,,,,,
1783720800,9,False,,,,,,,,,,,,
1783720800,10,False,,,,,,,,,,,,
1783724400,1,False,,,,,,,,,,,,
1783724400,2,False,,,,,,,,,,,,
1783724400,3,False,,,,,,,,,,,,
1783724400,4,False,,,,,,,,,,,,
1783724400,5,False,,,,,,,,,,,,
1783724400,6,False,,,,,,,,,,,,
1783724400,7,False,,,,,,,,,,,,
1783724400,8,False,,,,,,,,,,,,
1783724400,9,False,,,,,,,,,,,,
1783724400,10,False,,,,,,,,,,,,
1783728000,1,False,,,,,,,,,,,,
1783728000,2,False,,,,,,,,,,,,
1783728000,3,False,,,,,,,,,,,,
1783728000,4,False,,,,,,,,,,,,
1783728000,5,False,,,,,,,,,,,,
1783728000,6,False,,,,,,,,,,,,
1783728000,7,False,,,,,,,,,,,,
1783728000,8,False,,,,,,,,,,,,
1783728000,9,False,,,,,,,,,,,,
1783728000,10,False,,,,,,,,,,,,
1783731600,1,False,,,,,,,,,,,,
1783731600,2,False,,,,,,,,,,,,
1783731600,3,False,,,,,,,,,,,,
1783731600,4,False,,,,,,,,,,,,
1783731600,5,False,,,,,,,,,,,,
1783731600,6,False,,,,,,,,,,,,
1783731600,7,False,,,,,,,,,,,,
1783731600,8,False,,,,,,,,,,,,
1783731600,9,False,,,,,,,,,,,,
1783731600,10,False,,,,,,,,,,,,
1783735200,1,False,,,,,,,,,,,,
1783735200,2,False,,,,,,,,,,,,
1783735200,3,False,,,,,,,,,,,,
1783735200,4,False,,,,,,,,,,,,
1783735200,5,False,,,,,,,,,,,,
1783735200,6,False,,,,,,,,,,,,
1783735200,7,False,,,,,,,,,,,,
1783735200,8,False,,,,,,,,,,,,
1783735200,9,False,,,,,,,,,,,,
1783735200,10,False,,,,,,,,,,,,
1783738800,1,False,,,,,,,,,,,,
1783738800,2,False,,,,,,,,,,,,
1783738800,3,False,,,,,,,,,,,,
1783738800,4,False,,,,,,,,,,,,
1783738800,5,False,,,,,,,,,,,,
1783738800,6,False,,,,,,,,,,,,
1783738800,7,False,,,,,,,,,,,,
1783738800,8,False,,,,,,,,,,,,
1783738800,9,False,,,,,,,,,,,,
1783738800,10,False,,,,,,,,,,,,
1783742400,1,False,,,,,,,,,,,,
1783742400,2,False,,,,,,,,,,,,
1783742400,3,False,,,,,,,,,,,,
1783742400,4,False,,,,,,,,,,,,
1783742400,5,False,,,,,,,,,,,,
1783742400,6,True,up,0.6642232765552217,0.550000011920929,25.149999618530273,0.09689826471773928,book_moved_no_edge,0.8399999737739563,0.0,0.0,0.0,True,0.0
1783742400,7,True,down,0.98,0.6299999952316284,4.760000228881836,0.3336830046815872,book_moved_no_edge,0.17000001668930054,0.0,0.0,0.0,False,0.0
1783742400,8,True,down,0.98,0.6299999952316284,4.760000228881836,0.3336830046815872,filled,0.6500000059604645,10.0,6.500000059604645,0.15924999874830245,False,-6.6592500583529475
1783742400,9,True,down,0.98,0.6699999868869781,5.0,0.2945230128009319,filled,0.6299999952316284,4.760000228881836,2.998800121498107,0.0776689241477585,False,-3.076469045645865
1783742400,10,True,down,0.98,0.6899999976158142,4.599999904632568,0.27502700232076643,filled,0.6800000071525574,5.0,3.400000035762787,0.07615999909877777,False,-3.4761600348615644
1783746000,1,False,,,,,,,,,,,,
1783746000,2,False,,,,,,,,,,,,
1783746000,3,False,,,,,,,,,,,,
1783746000,4,False,,,,,,,,,,,,
1783746000,5,False,,,,,,,,,,,,
1783746000,6,False,,,,,,,,,,,,
1783746000,7,False,,,,,,,,,,,,
1783746000,8,False,,,,,,,,,,,,
1783746000,9,False,,,,,,,,,,,,
1783746000,10,False,,,,,,,,,,,,
1783749600,1,False,,,,,,,,,,,,
1783749600,2,False,,,,,,,,,,,,
1783749600,3,False,,,,,,,,,,,,
1783749600,4,False,,,,,,,,,,,,
1783749600,5,False,,,,,,,,,,,,
1783749600,6,False,,,,,,,,,,,,
1783749600,7,False,,,,,,,,,,,,
1783749600,8,False,,,,,,,,,,,,
1783749600,9,False,,,,,,,,,,,,
1783749600,10,False,,,,,,,,,,,,
1783753200,1,False,,,,,,,,,,,,
1783753200,2,False,,,,,,,,,,,,
1783753200,3,False,,,,,,,,,,,,
1783753200,4,False,,,,,,,,,,,,
1783753200,5,False,,,,,,,,,,,,
1783753200,6,False,,,,,,,,,,,,
1783753200,7,False,,,,,,,,,,,,
1783753200,8,False,,,,,,,,,,,,
1783753200,9,False,,,,,,,,,,,,
1783753200,10,False,,,,,,,,,,,,
1783756800,1,False,,,,,,,,,,,,
1783756800,2,False,,,,,,,,,,,,
1783756800,3,False,,,,,,,,,,,,
1783756800,4,False,,,,,,,,,,,,
1783756800,5,False,,,,,,,,,,,,
1783756800,6,False,,,,,,,,,,,,
1783756800,7,False,,,,,,,,,,,,
1783756800,8,False,,,,,,,,,,,,
1783756800,9,False,,,,,,,,,,,,
1783756800,10,False,,,,,,,,,,,,
1783760400,1,False,,,,,,,,,,,,
1783760400,2,False,,,,,,,,,,,,
1783760400,3,False,,,,,,,,,,,,
1783760400,4,False,,,,,,,,,,,,
1783760400,5,False,,,,,,,,,,,,
1783760400,6,False,,,,,,,,,,,,
1783760400,7,False,,,,,,,,,,,,
1783760400,8,False,,,,,,,,,,,,
1783760400,9,False,,,,,,,,,,,,
1783760400,10,False,,,,,,,,,,,,
1783764000,1,False,,,,,,,,,,,,
1783764000,2,False,,,,,,,,,,,,
1783764000,3,False,,,,,,,,,,,,
1783764000,4,False,,,,,,,,,,,,
1783764000,5,False,,,,,,,,,,,,
1783764000,6,False,,,,,,,,,,,,
1783764000,7,False,,,,,,,,,,,,
1783764000,8,False,,,,,,,,,,,,
1783764000,9,False,,,,,,,,,,,,
1783764000,10,False,,,,,,,,,,,,
1783767600,1,False,,,,,,,,,,,,
1783767600,2,False,,,,,,,,,,,,
1783767600,3,False,,,,,,,,,,,,
1783767600,4,False,,,,,,,,,,,,
1783767600,5,False,,,,,,,,,,,,
1783767600,6,False,,,,,,,,,,,,
1783767600,7,False,,,,,,,,,,,,
1783767600,8,False,,,,,,,,,,,,
1783767600,9,False,,,,,,,,,,,,
1783767600,10,False,,,,,,,,,,,,
1783771200,1,False,,,,,,,,,,,,
1783771200,2,False,,,,,,,,,,,,
1783771200,3,False,,,,,,,,,,,,
1783771200,4,False,,,,,,,,,,,,
1783771200,5,False,,,,,,,,,,,,
1783771200,6,False,,,,,,,,,,,,
1783771200,7,False,,,,,,,,,,,,
1783771200,8,False,,,,,,,,,,,,
1783771200,9,False,,,,,,,,,,,,
1783771200,10,False,,,,,,,,,,,,
1783774800,1,False,,,,,,,,,,,,
1783774800,2,False,,,,,,,,,,,,
1783774800,3,False,,,,,,,,,,,,
1783774800,4,False,,,,,,,,,,,,
1783774800,5,False,,,,,,,,,,,,
1783774800,6,False,,,,,,,,,,,,
1783774800,7,False,,,,,,,,,,,,
1783774800,8,False,,,,,,,,,,,,
1783774800,9,False,,,,,,,,,,,,
1783774800,10,False,,,,,,,,,,,,
1783778400,1,False,,,,,,,,,,,,
1783778400,2,False,,,,,,,,,,,,
1783778400,3,False,,,,,,,,,,,,
1783778400,4,False,,,,,,,,,,,,
1783778400,5,False,,,,,,,,,,,,
1783778400,6,False,,,,,,,,,,,,
1783778400,7,False,,,,,,,,,,,,
1783778400,8,False,,,,,,,,,,,,
1783778400,9,False,,,,,,,,,,,,
1783778400,10,False,,,,,,,,,,,,
1783782000,1,False,,,,,,,,,,,,
1783782000,2,False,,,,,,,,,,,,
1783782000,3,False,,,,,,,,,,,,
1783782000,4,False,,,,,,,,,,,,
1783782000,5,False,,,,,,,,,,,,
1783782000,6,False,,,,,,,,,,,,
1783782000,7,False,,,,,,,,,,,,
1783782000,8,False,,,,,,,,,,,,
1783782000,9,False,,,,,,,,,,,,
1783782000,10,False,,,,,,,,,,,,
1783785600,1,True,up,0.98,0.8999999761581421,45.5,0.07370002250671388,empty_book,,0.0,0.0,0.0,True,0.0
1783785600,2,True,up,0.98,0.8700000047683716,1.100000023841858,0.10208299547863005,filled,0.8999999761581421,27.77777851363761,25.0,0.17500004172325134,True,2.602778471914359
1783785600,3,True,up,0.98,0.8700000047683716,1.100000023841858,0.10208299547863005,filled,0.8999999761581421,27.77777851363761,25.0,0.17500004172325134,True,2.602778471914359
1783785600,4,True,up,0.98,0.8500000238418579,5.0,0.12107497732639315,filled,0.8700000047683716,1.100000023841858,0.9570000259876252,0.008708699917054169,True,0.1342912979371785
1783785600,5,True,up,0.98,0.8100000023841858,49.0,0.15922699771928786,filled,0.8700000047683716,5.0,4.350000023841858,0.039584998764991754,True,0.6104149773931503
1783785600,6,True,up,0.98,0.7799999713897705,56.459999084472656,0.18798802748870852,filled,0.8500000238418579,5.0,4.2500001192092896,0.044624994158744616,True,0.7053748866319658
1783785600,7,True,up,0.98,0.7799999713897705,76.5999984741211,0.18798802748870852,filled,0.7799999713897705,32.05128322691611,25.0,0.38500005006790167,True,6.666283176848211
1783785600,8,True,up,0.98,0.8199999928474426,20.360000610351562,0.14966800683212278,filled,0.7799999713897705,32.05128322691611,25.0,0.38500005006790167,True,6.666283176848211
1783785600,9,True,up,0.98,0.8299999833106995,24.5,0.14012301591825485,filled,0.8299999833106995,30.120482533361187,25.0,0.297500029206276,True,4.822982504154911
1783785600,10,True,up,0.98,0.8299999833106995,24.5,0.14012301591825485,filled,0.8299999833106995,30.120482533361187,25.0,0.297500029206276,True,4.822982504154911
1783789200,1,False,,,,,,,,,,,,
1783789200,2,False,,,,,,,,,,,,
1783789200,3,False,,,,,,,,,,,,
1783789200,4,False,,,,,,,,,,,,
1783789200,5,False,,,,,,,,,,,,
1783789200,6,False,,,,,,,,,,,,
1783789200,7,False,,,,,,,,,,,,
1783789200,8,False,,,,,,,,,,,,
1783789200,9,False,,,,,,,,,,,,
1783789200,10,False,,,,,,,,,,,,
1783792800,1,False,,,,,,,,,,,,
1783792800,2,False,,,,,,,,,,,,
1783792800,3,False,,,,,,,,,,,,
1783792800,4,False,,,,,,,,,,,,
1783792800,5,False,,,,,,,,,,,,
1783792800,6,False,,,,,,,,,,,,
1783792800,7,False,,,,,,,,,,,,
1783792800,8,False,,,,,,,,,,,,
1783792800,9,False,,,,,,,,,,,,
1783792800,10,False,,,,,,,,,,,,
1783796400,1,False,,,,,,,,,,,,
1783796400,2,False,,,,,,,,,,,,
1783796400,3,False,,,,,,,,,,,,
1783796400,4,False,,,,,,,,,,,,
1783796400,5,False,,,,,,,,,,,,
1783796400,6,False,,,,,,,,,,,,
1783796400,7,False,,,,,,,,,,,,
1783796400,8,False,,,,,,,,,,,,
1783796400,9,False,,,,,,,,,,,,
1783796400,10,False,,,,,,,,,,,,
1783800000,1,False,,,,,,,,,,,,
1783800000,2,False,,,,,,,,,,,,
1783800000,3,False,,,,,,,,,,,,
1783800000,4,False,,,,,,,,,,,,
1783800000,5,False,,,,,,,,,,,,
1783800000,6,False,,,,,,,,,,,,
1783800000,7,False,,,,,,,,,,,,
1783800000,8,False,,,,,,,,,,,,
1783800000,9,False,,,,,,,,,,,,
1783800000,10,False,,,,,,,,,,,,
1783803600,1,False,,,,,,,,,,,,
1783803600,2,False,,,,,,,,,,,,
1783803600,3,False,,,,,,,,,,,,
1783803600,4,False,,,,,,,,,,,,
1783803600,5,False,,,,,,,,,,,,
1783803600,6,False,,,,,,,,,,,,
1783803600,7,False,,,,,,,,,,,,
1783803600,8,False,,,,,,,,,,,,
1783803600,9,False,,,,,,,,,,,,
1783803600,10,False,,,,,,,,,,,,
1783807200,1,False,,,,,,,,,,,,
1783807200,2,False,,,,,,,,,,,,
1783807200,3,False,,,,,,,,,,,,
1783807200,4,False,,,,,,,,,,,,
1783807200,5,False,,,,,,,,,,,,
1783807200,6,False,,,,,,,,,,,,
1783807200,7,False,,,,,,,,,,,,
1783807200,8,False,,,,,,,,,,,,
1783807200,9,False,,,,,,,,,,,,
1783807200,10,False,,,,,,,,,,,,
1783810800,1,False,,,,,,,,,,,,
1783810800,2,False,,,,,,,,,,,,
1783810800,3,False,,,,,,,,,,,,
1783810800,4,False,,,,,,,,,,,,
1783810800,5,False,,,,,,,,,,,,
1783810800,6,False,,,,,,,,,,,,
1783810800,7,False,,,,,,,,,,,,
1783810800,8,False,,,,,,,,,,,,
1783810800,9,False,,,,,,,,,,,,
1783810800,10,False,,,,,,,,,,,,
1783814400,1,False,,,,,,,,,,,,
1783814400,2,False,,,,,,,,,,,,
1783814400,3,False,,,,,,,,,,,,
1783814400,4,False,,,,,,,,,,,,
1783814400,5,False,,,,,,,,,,,,
1783814400,6,False,,,,,,,,,,,,
1783814400,7,False,,,,,,,,,,,,
1783814400,8,False,,,,,,,,,,,,
1783814400,9,False,,,,,,,,,,,,
1783814400,10,False,,,,,,,,,,,,
1783818000,1,False,,,,,,,,,,,,
1783818000,2,False,,,,,,,,,,,,
1783818000,3,False,,,,,,,,,,,,
1783818000,4,False,,,,,,,,,,,,
1783818000,5,False,,,,,,,,,,,,
1783818000,6,False,,,,,,,,,,,,
1783818000,7,False,,,,,,,,,,,,
1783818000,8,False,,,,,,,,,,,,
1783818000,9,False,,,,,,,,,,,,
1783818000,10,False,,,,,,,,,,,,
1783821600,1,False,,,,,,,,,,,,
1783821600,2,False,,,,,,,,,,,,
1783821600,3,False,,,,,,,,,,,,
1783821600,4,False,,,,,,,,,,,,
1783821600,5,False,,,,,,,,,,,,
1783821600,6,False,,,,,,,,,,,,
1783821600,7,False,,,,,,,,,,,,
1783821600,8,False,,,,,,,,,,,,
1783821600,9,False,,,,,,,,,,,,
1783821600,10,False,,,,,,,,,,,,
1783825200,1,False,,,,,,,,,,,,
1783825200,2,False,,,,,,,,,,,,
1783825200,3,False,,,,,,,,,,,,
1783825200,4,False,,,,,,,,,,,,
1783825200,5,False,,,,,,,,,,,,
1783825200,6,False,,,,,,,,,,,,
1783825200,7,False,,,,,,,,,,,,
1783825200,8,False,,,,,,,,,,,,
1783825200,9,False,,,,,,,,,,,,
1783825200,10,False,,,,,,,,,,,,
1783828800,1,False,,,,,,,,,,,,
1783828800,2,False,,,,,,,,,,,,
1783828800,3,False,,,,,,,,,,,,
1783828800,4,False,,,,,,,,,,,,
1783828800,5,False,,,,,,,,,,,,
1783828800,6,False,,,,,,,,,,,,
1783828800,7,False,,,,,,,,,,,,
1783828800,8,False,,,,,,,,,,,,
1783828800,9,False,,,,,,,,,,,,
1783828800,10,False,,,,,,,,,,,,
1783832400,1,False,,,,,,,,,,,,
1783832400,2,False,,,,,,,,,,,,
1783832400,3,False,,,,,,,,,,,,
1783832400,4,False,,,,,,,,,,,,
1783832400,5,False,,,,,,,,,,,,
1783832400,6,False,,,,,,,,,,,,
1783832400,7,False,,,,,,,,,,,,
1783832400,8,False,,,,,,,,,,,,
1783832400,9,False,,,,,,,,,,,,
1783832400,10,False,,,,,,,,,,,,
1783836000,1,False,,,,,,,,,,,,
1783836000,2,False,,,,,,,,,,,,
1783836000,3,False,,,,,,,,,,,,
1783836000,4,False,,,,,,,,,,,,
1783836000,5,False,,,,,,,,,,,,
1783836000,6,False,,,,,,,,,,,,
1783836000,7,False,,,,,,,,,,,,
1783836000,8,False,,,,,,,,,,,,
1783836000,9,False,,,,,,,,,,,,
1783836000,10,False,,,,,,,,,,,,
1783839600,1,False,,,,,,,,,,,,
1783839600,2,False,,,,,,,,,,,,
1783839600,3,False,,,,,,,,,,,,
1783839600,4,False,,,,,,,,,,,,
1783839600,5,False,,,,,,,,,,,,
1783839600,6,False,,,,,,,,,,,,
1783839600,7,False,,,,,,,,,,,,
1783839600,8,False,,,,,,,,,,,,
1783839600,9,False,,,,,,,,,,,,
1783839600,10,False,,,,,,,,,,,,
1783843200,1,False,,,,,,,,,,,,
1783843200,2,False,,,,,,,,,,,,
1783843200,3,False,,,,,,,,,,,,
1783843200,4,False,,,,,,,,,,,,
1783843200,5,False,,,,,,,,,,,,
1783843200,6,False,,,,,,,,,,,,
1783843200,7,False,,,,,,,,,,,,
1783843200,8,False,,,,,,,,,,,,
1783843200,9,False,,,,,,,,,,,,
1783843200,10,False,,,,,,,,,,,,
1783846800,1,False,,,,,,,,,,,,
1783846800,2,False,,,,,,,,,,,,
1783846800,3,False,,,,,,,,,,,,
1783846800,4,False,,,,,,,,,,,,
1783846800,5,False,,,,,,,,,,,,
1783846800,6,False,,,,,,,,,,,,
1783846800,7,False,,,,,,,,,,,,
1783846800,8,False,,,,,,,,,,,,
1783846800,9,False,,,,,,,,,,,,
1783846800,10,False,,,,,,,,,,,,
1783850400,1,False,,,,,,,,,,,,
1783850400,2,False,,,,,,,,,,,,
1783850400,3,False,,,,,,,,,,,,
1783850400,4,False,,,,,,,,,,,,
1783850400,5,False,,,,,,,,,,,,
1783850400,6,False,,,,,,,,,,,,
1783850400,7,False,,,,,,,,,,,,
1783850400,8,False,,,,,,,,,,,,
1783850400,9,False,,,,,,,,,,,,
1783850400,10,False,,,,,,,,,,,,
1783854000,1,False,,,,,,,,,,,,
1783854000,2,False,,,,,,,,,,,,
1783854000,3,False,,,,,,,,,,,,
1783854000,4,False,,,,,,,,,,,,
1783854000,5,False,,,,,,,,,,,,
1783854000,6,False,,,,,,,,,,,,
1783854000,7,False,,,,,,,,,,,,
1783854000,8,False,,,,,,,,,,,,
1783854000,9,False,,,,,,,,,,,,
1783854000,10,False,,,,,,,,,,,,
1783857600,1,False,,,,,,,,,,,,
1783857600,2,False,,,,,,,,,,,,
1783857600,3,False,,,,,,,,,,,,
1783857600,4,False,,,,,,,,,,,,
1783857600,5,False,,,,,,,,,,,,
1783857600,6,True,up,0.98,0.9200000166893005,38.7400016784668,0.05484798429203033,book_moved_no_edge,0.9599999785423279,0.0,0.0,0.0,True,0.0
1783857600,7,True,up,0.98,0.9100000262260437,78.4000015258789,0.06426697527933124,book_moved_no_edge,0.9300000071525574,0.0,0.0,0.0,True,0.0
1783857600,8,True,up,0.98,0.8899999856948853,14.100000381469727,0.08314701352405547,filled,0.8999999761581421,27.77777851363761,25.0,0.17500004172325134,True,2.602778471914359
1783857600,9,True,up,0.98,0.8899999856948853,18.950000762939453,0.08314701352405547,filled,0.9100000262260437,17.010000228881836,15.47910065438748,0.09751830570575122,True,1.4333812687886047
1783857600,10,True,up,0.98,0.8299999833106995,4.329999923706055,0.14012301591825485,filled,0.8899999856948853,28.08988809194278,25.0,0.19250002503395083,True,2.897388066908828
1783861200,1,False,,,,,,,,,,,,
1783861200,2,False,,,,,,,,,,,,
1783861200,3,False,,,,,,,,,,,,
1783861200,4,False,,,,,,,,,,,,
1783861200,5,False,,,,,,,,,,,,
1783861200,6,False,,,,,,,,,,,,
1783861200,7,False,,,,,,,,,,,,
1783861200,8,False,,,,,,,,,,,,
1783861200,9,False,,,,,,,,,,,,
1783861200,10,True,down,0.9497388980583643,0.8900000005960464,73.5,0.052885897494862,book_moved_no_edge,0.9400000013411045,0.0,0.0,0.0,True,0.0
1783864800,1,False,,,,,,,,,,,,
1783864800,2,False,,,,,,,,,,,,
1783864800,3,False,,,,,,,,,,,,
1783864800,4,False,,,,,,,,,,,,
1783864800,5,False,,,,,,,,,,,,
1783864800,6,False,,,,,,,,,,,,
1783864800,7,False,,,,,,,,,,,,
1783864800,8,False,,,,,,,,,,,,
1783864800,9,False,,,,,,,,,,,,
1783864800,10,False,,,,,,,,,,,,
1783868400,1,False,,,,,,,,,,,,
1783868400,2,False,,,,,,,,,,,,
1783868400,3,False,,,,,,,,,,,,
1783868400,4,False,,,,,,,,,,,,
1783868400,5,False,,,,,,,,,,,,
1783868400,6,False,,,,,,,,,,,,
1783868400,7,False,,,,,,,,,,,,
1783868400,8,False,,,,,,,,,,,,
1783868400,9,False,,,,,,,,,,,,
1783868400,10,False,,,,,,,,,,,,
1783872000,1,True,up,0.9611170625729526,0.5799999833106995,13.170000076293945,0.364065079075333,empty_book,,0.0,0.0,0.0,True,0.0
1783872000,2,True,up,0.8938368189672008,0.6499999761581421,71.76000213623047,0.22791184230837974,filled,0.6499999761581421,38.46153987229933,24.999999999999996,0.6125000417232512,True,12.849039830576086
1783872000,3,True,up,0.8413894145151358,0.38999998569488525,7.690000057220459,0.4347364290405494,filled,0.6000000238418579,31.110000610351562,18.66600110793115,0.5226479998698221,True,11.92135150255059
1783872000,4,True,up,0.808207745872286,0.33000001311302185,5.0,0.4627307324471743,filled,0.4300000071525574,2.3399999141693115,1.0061999798297876,0.04014737869142531,True,1.2936525556480987
1783872000,5,True,up,0.7807573310288272,0.3109999895095825,88.19999694824219,0.4547578117968211,filled,0.3700000047683716,5.0,1.850000023841858,0.0815850004339218,True,3.0684149757242203
1783872000,6,True,up,0.7615849507310856,0.3610000014305115,107.80000305175781,0.38443741927273634,filled,0.33000001311302185,5.0,1.6500000655651093,0.07738500156044954,True,3.272614932874441
1783872000,7,True,up,0.7449394078311917,0.3610000014305115,63.70000076293945,0.3677918763728425,filled,0.3109999895095825,80.3858548015472,25.000000000000004,1.2057500183582308,True,54.180104783188966
1783872000,8,True,up,0.7298953142957839,0.3610000014305115,63.70000076293945,0.3527477828374347,filled,0.3610000014305115,69.25207728790612,25.0,1.1182499974966051,True,43.13382729040951
1783872000,9,True,up,0.7181845630588624,0.36800000071525574,34.29999923706055,0.3339042423303887,filled,0.3610000014305115,63.70000076293945,22.995700366544725,1.0285976750928527,True,39.675702721301874
1783872000,10,True,up,0.7092023388694412,0.3580000102519989,29.399999618530273,0.33511380841363253,filled,0.36399999260902405,34.29999923706055,12.48519946877957,0.555841086809513,True,21.258958681471466
1783875600,1,False,,,,,,,,,,,,
1783875600,2,False,,,,,,,,,,,,
1783875600,3,False,,,,,,,,,,,,
1783875600,4,False,,,,,,,,,,,,
1783875600,5,False,,,,,,,,,,,,
1783875600,6,False,,,,,,,,,,,,
1783875600,7,False,,,,,,,,,,,,
1783875600,8,False,,,,,,,,,,,,
1783875600,9,False,,,,,,,,,,,,
1783875600,10,False,,,,,,,,,,,,
1783879200,1,False,,,,,,,,,,,,
1783879200,2,False,,,,,,,,,,,,
1783879200,3,False,,,,,,,,,,,,
1783879200,4,False,,,,,,,,,,,,
1783879200,5,False,,,,,,,,,,,,
1783879200,6,False,,,,,,,,,,,,
1783879200,7,False,,,,,,,,,,,,
1783879200,8,False,,,,,,,,,,,,
1783879200,9,False,,,,,,,,,,,,
1783879200,10,False,,,,,,,,,,,,
1783882800,1,False,,,,,,,,,,,,
1783882800,2,False,,,,,,,,,,,,
1783882800,3,False,,,,,,,,,,,,
1783882800,4,False,,,,,,,,,,,,
1783882800,5,False,,,,,,,,,,,,
1783882800,6,False,,,,,,,,,,,,
1783882800,7,False,,,,,,,,,,,,
1783882800,8,False,,,,,,,,,,,,
1783882800,9,False,,,,,,,,,,,,
1783882800,10,False,,,,,,,,,,,,
1783886400,1,True,down,0.98,0.8999999985098839,49.540000915527344,0.0737000014066696,empty_book,,0.0,0.0,0.0,True,0.0
1783886400,2,True,down,0.98,0.8999999985098839,60.65999984741211,0.0737000014066696,empty_book,,0.0,0.0,0.0,True,0.0
1783886400,3,True,down,0.98,0.8999999985098839,60.65999984741211,0.0737000014066696,filled,0.8999999985098839,27.777777823769018,25.0,0.17500000260770324,True,2.6027778211613146
1783886400,4,True,down,0.98,0.8999999985098839,240.66000366210938,0.0737000014066696,filled,0.8999999985098839,27.777777823769018,25.0,0.17500000260770324,True,2.6027778211613146
1783886400,5,True,down,0.98,0.8999999985098839,351.7799987792969,0.0737000014066696,filled,0.8999999985098839,27.777777823769018,25.0,0.17500000260770324,True,2.6027778211613146
1783886400,6,True,down,0.98,0.8999999985098839,374.010009765625,0.0737000014066696,filled,0.8999999985098839,27.777777823769018,25.0,0.17500000260770324,True,2.6027778211613146
1783886400,7,True,down,0.98,0.8999999985098839,374.010009765625,0.0737000014066696,filled,0.8999999985098839,27.777777823769018,25.0,0.17500000260770324,True,2.6027778211613146
1783886400,8,True,down,0.98,0.8999999985098839,485.1300048828125,0.0737000014066696,filled,0.8999999985098839,27.777777823769018,25.0,0.17500000260770324,True,2.6027778211613146
1783886400,9,True,down,0.98,0.8999999985098839,485.1300048828125,0.0737000014066696,filled,0.8999999985098839,27.777777823769018,25.0,0.17500000260770324,True,2.6027778211613146
1783886400,10,True,down,0.98,0.8999999985098839,485.1300048828125,0.0737000014066696,filled,0.8999999985098839,27.777777823769018,25.0,0.17500000260770324,True,2.6027778211613146
1783890000,1,False,,,,,,,,,,,,
1783890000,2,False,,,,,,,,,,,,
1783890000,3,False,,,,,,,,,,,,
1783890000,4,False,,,,,,,,,,,,
1783890000,5,False,,,,,,,,,,,,
1783890000,6,False,,,,,,,,,,,,
1783890000,7,False,,,,,,,,,,,,
1783890000,8,False,,,,,,,,,,,,
1783890000,9,False,,,,,,,,,,,,
1783890000,10,False,,,,,,,,,,,,
1783893600,1,False,,,,,,,,,,,,
1783893600,2,False,,,,,,,,,,,,
1783893600,3,False,,,,,,,,,,,,
1783893600,4,False,,,,,,,,,,,,
1783893600,5,False,,,,,,,,,,,,
1783893600,6,False,,,,,,,,,,,,
1783893600,7,False,,,,,,,,,,,,
1783893600,8,False,,,,,,,,,,,,
1783893600,9,False,,,,,,,,,,,,
1783893600,10,False,,,,,,,,,,,,
1783897200,1,False,,,,,,,,,,,,
1783897200,2,False,,,,,,,,,,,,
1783897200,3,False,,,,,,,,,,,,
1783897200,4,False,,,,,,,,,,,,
1783897200,5,False,,,,,,,,,,,,
1783897200,6,False,,,,,,,,,,,,
1783897200,7,False,,,,,,,,,,,,
1783897200,8,False,,,,,,,,,,,,
1783897200,9,False,,,,,,,,,,,,
1783897200,10,False,,,,,,,,,,,,
