date,wts,t_rel,side,px,shares,fair,pnl_share
2026-02-12,1770856500,-6,up,0.51,19.607843,0.9999822812405442,0.472507
2026-02-12,1770859200,-6,down,0.84000003,11.904761,0.990902653912346,0.15059197
2026-02-12,1770859800,-6,down,0.7,10.08,0.765284343898824,0.28530002
2026-02-12,1770864300,-2,up,0.52,19.23077,0.9395983773213192,0.46252802
2026-02-12,1770866400,-6,up,0.66,15.151515,0.8794057687247064,-0.67570806
2026-02-12,1770867600,-6,down,0.94,10.638298,0.9986323988634808,-0.943948
2026-02-12,1770867900,-6,down,0.35000002,6.0,0.9711888925189996,-0.365925
2026-02-12,1770868200,-6,up,0.85,11.764706,0.9999974140923397,0.14107499
2026-02-12,1770868800,-4,down,0.85,5.0,0.9999730630953023,0.14107499
2026-02-12,1770870600,-2,down,0.89,4.66,0.9963165375151083,0.103147015
2026-02-12,1770873900,-5,down,0.53,18.867926,0.6818032960732663,0.45256302
2026-02-12,1770876900,-5,up,0.46,21.73913,0.881130240583269,0.522612
2026-02-12,1770878400,-6,down,0.42000002,23.809523,0.5500093191360835,-0.437052
2026-02-12,1770882300,-5,up,0.34,29.411764,0.9982861464241297,0.644292
2026-02-12,1770882600,-6,down,0.8,12.5,0.9937905447724164,0.18879999
2026-02-12,1770883200,-6,down,0.93,2.04,0.9998709852731535,0.065442994
2026-02-12,1770884400,-4,up,0.6,5.0,0.944329429586993,0.3832
2026-02-12,1770885300,-6,up,0.39,25.641027,0.4629956632895556,0.593347
2026-02-12,1770885600,-3,down,0.35000002,16.0,0.7578238902149171,0.634075
2026-02-12,1770886800,-6,down,0.94,6.19,0.9997315104942317,0.056052003
2026-02-12,1770888300,-6,up,0.75,13.333333,0.9823048527880158,0.236875
2026-02-12,1770890400,-6,up,0.42,18.0,0.4996554303238759,-0.43705198
2026-02-12,1770892500,-6,down,0.58000004,10.0,0.8285545129713163,-0.59705204
2026-02-12,1770893400,-6,up,0.9,11.111112,0.9946071389714345,0.09370002
2026-02-12,1770896700,-6,up,0.49,8.89,0.6747975073826195,0.49250698
2026-02-12,1770897300,-3,up,0.64,15.625,0.9999999998630598,-0.656128
2026-02-12,1770897900,-6,up,0.64,15.625,0.915857228436054,-0.656128
2026-02-12,1770906000,-6,down,0.35000002,28.571426,0.6124487284588562,0.634075
2026-02-12,1770909900,-6,up,0.61,10.72,0.9188604068260955,0.37334698
2026-02-12,1770912900,-6,up,0.54,5.43,0.734513070550429,-0.557388
2026-02-12,1770915600,-6,up,0.7,14.285714,0.8947492440727028,0.28530002
2026-02-12,1770917700,-2,up,0.5,20.0,0.5963229648871905,-0.5175
2026-02-12,1770918000,-6,down,0.5,20.0,0.888042828591523,-0.5175
2026-02-12,1770921000,-5,down,0.48000002,5.0,0.5820655250188136,0.50252795
2026-02-12,1770922200,-5,down,0.42000002,4.76,0.5602926091524679,0.562948
2026-02-12,1770922800,-6,down,0.9,11.111112,0.9983579745327082,0.09370002
2026-02-12,1770925200,-6,up,0.48,7.0,0.9049608477479936,0.50252795
2026-02-12,1770928200,-5,up,0.33,29.54,0.44574414806259877,-0.345477
2026-02-12,1770929400,-6,up,0.87,11.494253,0.9875287315284417,0.12208299
2026-02-12,1770929700,-6,down,0.89,11.235955,0.9985968456847752,0.103147015
2026-02-12,1770935400,-6,up,0.65,15.384616,0.8550640120406893,-0.66592497
2026-02-12,1770935700,-4,down,0.39999998,12.0,0.47566414980664906,-0.41679996
2026-02-12,1770938100,-6,down,0.93,10.752688,0.9965274252328212,-0.934557
2026-02-12,1770939000,-6,down,0.55,11.0,0.7522067395506561,0.432675
2026-02-12,1770939600,-3,up,0.44,22.727272,0.8573610252291364,0.542752
2026-02-12,1770940200,-6,down,0.73,3.63,0.9815671598594973,-0.743797
2026-02-13,1770942000,-6,down,0.87,11.494253,0.9994616162043025,0.12208299
2026-02-13,1770943500,-6,down,0.55,5.0,0.9958689433590631,-0.567325
2026-02-13,1770947400,-6,down,0.93,10.752688,1.0,0.065442994
2026-02-13,1770948000,-6,down,0.8,12.5,0.9999999999999922,-0.8112
2026-02-13,1770948600,-3,up,0.89,11.235955,0.9716978305371884,0.103147015
2026-02-13,1770952200,-3,down,0.83,6.0,0.9999989653725628,0.16012302
2026-02-13,1770954600,-5,down,0.39999998,25.000002,1.0,-0.41679996
2026-02-13,1770955500,-2,up,0.89,10.0,0.9999785147641739,0.103147015
2026-02-13,1770960900,-2,up,0.85,11.764706,0.9984211327669952,0.14107499
2026-02-13,1770961200,-6,up,0.85,11.764706,1.0,0.14107499
2026-02-13,1770961500,-6,down,0.33999997,0.29,0.985505837684619,-0.35570797
2026-02-13,1770962700,-2,up,0.39,25.641027,0.999999645133034,0.593347
2026-02-13,1770963000,-6,down,0.31,32.258064,0.9968082582373808,0.675027
2026-02-13,1770964200,-3,down,0.85,5.0,0.9987400192316417,0.14107499
2026-02-13,1770964500,-6,up,0.7,14.285714,0.99999853352744,-0.7147
2026-02-13,1770965100,-6,up,0.9,11.111112,0.9999999999999997,-0.90629995
2026-02-13,1770967200,-5,down,0.56,17.857143,0.9671171068521006,-0.577248
2026-02-13,1770967500,-6,down,0.89,11.235955,1.0,-0.89685297
2026-02-13,1770968700,-6,down,0.45999998,21.739132,0.9997643502723292,-0.47738796
2026-02-13,1770969900,-6,up,0.4,25.0,0.9999405405644682,-0.41680002
2026-02-13,1770970800,-6,up,0.4,25.0,0.9841349931623229,-0.41680002
2026-02-13,1770971700,-3,down,0.94,10.638298,0.9999990493740083,0.056052003
2026-02-13,1770972600,-2,up,0.91,10.989011,0.9982343137959208,0.084266976
2026-02-13,1770973200,-5,down,0.8,12.5,0.9451554087002085,0.18879999
2026-02-13,1770975300,-6,down,0.79,8.0,0.9999998984336191,0.19838698
2026-02-13,1770975600,-5,up,0.83,12.048193,0.9999928530941201,0.16012302
2026-02-13,1770976500,-6,up,0.39,25.641027,0.7017122725478262,-0.406653
2026-02-13,1770985200,-6,up,0.77,12.987013,0.9766555921512307,0.21760301
2026-02-13,1770986700,-3,up,0.49,20.408163,0.8303324081192748,0.49250698
2026-02-13,1770997200,-6,down,0.65999997,15.151516,0.9999999999999998,0.32429203
2026-02-13,1770998100,-6,up,0.34,24.22,0.8673037963249546,0.644292
2026-02-13,1770998400,-5,up,0.51,19.607843,0.6682921395014836,0.472507
2026-02-13,1770999000,-4,down,0.89,11.235955,0.9957736038879498,-0.89685297
2026-02-13,1770999300,-6,down,0.84000003,11.904761,0.9507850546814597,0.15059197
2026-02-13,1771003500,-6,down,0.87,11.494253,0.9943238890318629,0.12208299
2026-02-13,1771004400,-2,up,0.46,21.73913,0.9092271791708417,0.522612
2026-02-13,1771004700,-6,up,0.81,5.0,0.8780810329967782,-0.820773
2026-02-13,1771005600,-4,up,0.7,14.285714,0.9236778184572618,-0.7147
2026-02-13,1771007400,-6,up,0.35,5.0,0.9996930391591847,-0.36592498
2026-02-13,1771010100,-6,down,0.8,12.5,0.9996747770349393,-0.8112
2026-02-13,1771011000,-3,up,0.71,14.084508,0.7887375478032161,-0.724413
2026-02-13,1771012200,-2,down,0.87,11.494253,0.9999999109425732,0.12208299
2026-02-13,1771012800,-6,up,0.48,5.0,0.9905034365973571,-0.497472
2026-02-13,1771013100,-3,up,0.5,20.0,0.5717316649614682,-0.5175
2026-02-13,1771013400,-6,down,0.58000004,17.241379,1.0,0.40294796
2026-02-13,1771014600,-6,up,0.5,20.0,0.9999424755555903,-0.5175
2026-02-13,1771014900,-6,down,0.49,4.76,0.9972177188752714,-0.507493
2026-02-13,1771015500,-4,up,0.36,15.29,0.9207524040705342,-0.37612802
2026-02-13,1771017600,-5,up,0.35,28.0,0.9997088586804781,-0.36592498
2026-02-13,1771017900,-5,down,0.35000002,28.571426,0.815144908437478,0.634075
2026-02-13,1771018200,-5,down,0.92,5.0,1.0,0.07484798
2026-02-13,1771018500,-5,down,0.94,7.1,0.9998307607710513,0.056052003
2026-02-13,1771020000,-6,down,0.5,20.0,1.0,-0.5175
2026-02-13,1771020300,-6,up,0.74,13.513514,0.9999214025350505,0.246532
2026-02-13,1771021800,-6,up,0.34,2.46,0.44699628222450455,0.644292
2026-02-13,1771022700,-6,down,0.73,5.0,0.8240201406747811,-0.743797
2026-02-13,1771023600,-6,down,0.32,5.0,0.9999999988928382,0.664768
2026-02-13,1771024200,-6,down,0.85,11.764706,0.9999997019187628,0.14107499
2026-02-13,1771024500,-6,down,0.84000003,5.0,0.9998024637038547,0.15059197
2026-02-13,1771024800,-6,up,0.32,10.0,0.7865699079411095,-0.335232
2026-02-13,1771026000,-6,up,0.64,15.625,0.824141103945246,-0.656128
2026-02-13,1771026600,-6,down,0.9,5.0,0.9998126352054525,0.09370002
2026-02-13,1771026900,-3,down,0.6,16.666666,0.9980567958418677,0.3832
2026-02-14,1771027200,-6,up,0.85,11.764706,0.9993074435019392,0.14107499
2026-02-14,1771027800,-6,up,0.42,23.809525,0.9998884327187023,0.56294805
2026-02-14,1771028100,-6,down,0.36,27.777777,0.9322708238903652,0.623872
2026-02-14,1771030500,-6,down,0.89,11.235955,0.9999999999341043,0.103147015
2026-02-14,1771031100,-6,down,0.42000002,23.809523,0.9422849484194599,-0.437052
2026-02-14,1771031700,-5,up,0.9,11.111112,0.9871341055979592,0.09370002
2026-02-14,1771032300,-6,down,0.32999998,30.303032,0.998656560672065,-0.34547698
2026-02-14,1771032600,-6,down,0.36,27.777777,0.9998158886949569,0.623872
2026-02-14,1771034700,-6,down,0.71000004,5.0,0.9890135413083287,0.27558696
2026-02-14,1771035000,-6,up,0.88,5.0,0.993692393104462,0.112608
2026-02-14,1771036500,-6,down,0.37,5.0,1.0,-0.386317
2026-02-14,1771037400,-3,down,0.85,5.38,0.9990797536683543,0.14107499
2026-02-14,1771037700,-6,down,0.79,12.0,0.9266755930081525,0.19838698
2026-02-14,1771038000,-5,down,0.94,10.638298,0.9999999942399326,0.056052003
2026-02-14,1771040400,-6,up,0.44,8.93,1.0,-0.457248
2026-02-14,1771042200,-6,down,0.33999997,11.97,0.8411036982158158,0.644292
2026-02-14,1771043400,-6,down,0.68,3.37,0.9691550659817748,0.304768
2026-02-14,1771044900,-2,down,0.79,12.658228,0.9999999999509839,0.19838698
2026-02-14,1771047900,-4,up,0.9,11.111112,0.9999999999997085,0.09370002
2026-02-14,1771048500,-6,down,0.68,5.0,0.9999842174269616,0.304768
2026-02-14,1771062900,-6,down,0.69,6.94,0.9971983542649544,0.295027
2026-02-14,1771063800,-6,up,0.39,16.0,0.9873166232122855,-0.406653
2026-02-14,1771070700,-6,up,0.57,0.01,0.9563522863574644,0.41284302
2026-02-14,1771071000,-4,up,0.8,12.5,0.9421534729467218,0.18879999
2026-02-14,1771072800,-5,up,0.89,11.235955,0.9659493753536539,0.103147015
2026-02-14,1771076100,-3,down,0.74,13.513514,0.9369485460541722,0.246532
2026-02-14,1771076400,-6,down,0.75,9.98,0.9941191053537782,-0.763125
2026-02-14,1771077600,-4,down,0.7,6.0,0.9999999956677585,-0.7147
2026-02-14,1771080000,-6,down,0.39,15.0,0.9999966664024172,-0.406653
2026-02-14,1771081500,-6,down,0.45,11.72,0.9998883008273464,-0.467325
2026-02-14,1771083600,-6,down,0.89,5.0,0.9658546627252788,-0.89685297
2026-02-14,1771084200,-6,down,0.92,10.869565,0.9999999932686444,0.07484798
2026-02-14,1771084800,-6,up,0.94,10.638298,0.999943454778919,0.056052003
2026-02-14,1771087500,-5,up,0.88,10.0,0.9381940579627523,0.112608
2026-02-14,1771088100,-4,up,0.77,12.987013,0.9914955376132736,0.21760301
2026-02-14,1771088700,-6,down,0.35000002,28.571426,0.9879517327637756,-0.365925
2026-02-14,1771089300,-6,down,0.68,9.0,0.8400868114180651,0.304768
2026-02-14,1771090500,-6,down,0.42000002,23.809523,0.9886019813395593,-0.437052
2026-02-14,1771090800,-6,up,0.4,25.0,0.9999998309802621,-0.41680002
2026-02-14,1771092600,-2,up,0.91,10.989011,0.9999744890089521,0.084266976
2026-02-14,1771094100,-6,down,0.78,10.0,0.9999999999999039,-0.792012
2026-02-14,1771094400,-3,down,0.92,10.869565,0.9999998733883666,0.07484798
2026-02-14,1771097700,-6,down,0.66999996,9.35,0.9999999999999996,0.31452304
2026-02-14,1771098300,-5,up,0.94,1.38,0.9999973029495218,0.056052003
2026-02-14,1771098900,-6,down,0.53,13.82,1.0,-0.54743695
2026-02-14,1771099500,-6,down,0.58000004,10.0,1.0,0.40294796
2026-02-14,1771100100,-6,up,0.91,10.989011,0.9999638417894385,-0.91573304
2026-02-14,1771100700,-5,down,0.87,5.0,0.9999999999998925,0.12208299
2026-02-14,1771101900,-6,up,0.89,10.21,0.9999999999998719,0.103147015
2026-02-14,1771102200,-6,up,0.9,11.111112,0.9962723910312259,-0.90629995
2026-02-14,1771103100,-6,up,0.76,5.74,0.852012242419864,0.22723201
2026-02-14,1771104300,-6,down,0.59000003,5.0,0.9999999619462094,0.39306697
2026-02-14,1771104600,-4,down,0.77,12.987013,0.9999999999999998,0.21760301
2026-02-14,1771106400,-6,down,0.8,12.5,0.999999999999999,-0.8112
2026-02-14,1771107600,-4,down,0.94,4.45,1.0,0.056052003
2026-02-14,1771108200,-6,up,0.63,15.873016,1.0,-0.646317
2026-02-14,1771109700,-6,down,0.90999997,7.72,0.9751088949244731,0.084267035
2026-02-14,1771110300,-6,up,0.47,11.68,0.9998322371885362,-0.487437
2026-02-14,1771110900,-6,down,0.57,17.54386,0.9999930285179925,0.41284302
2026-02-14,1771111500,-3,up,0.93,10.752688,0.9864438816115213,0.065442994
2026-02-14,1771111800,-6,up,0.85,11.764706,0.9266684103449346,0.14107499
2026-02-14,1771112100,-6,up,0.84,5.0,0.946988954205228,0.15059203
2026-02-14,1771113000,-6,down,0.72,5.0,0.9999303833864241,0.26588798
2026-02-15,1771113600,-5,up,0.64,15.625,0.722427107499267,-0.656128
2026-02-15,1771115100,-3,up,0.9,1.95,0.9999863338637648,0.09370002
2026-02-15,1771115400,-5,up,0.91,10.989011,1.0,-0.91573304
2026-02-15,1771115700,-6,down,0.75,13.333333,1.0,0.236875
2026-02-15,1771116000,-2,down,0.8,12.5,0.9305082587301844,0.18879999
2026-02-15,1771119000,-6,up,0.52,19.23077,0.9999999724040582,-0.537472
2026-02-15,1771121700,-5,up,0.32,31.25,0.9999999990784386,-0.335232
2026-02-15,1771122900,-6,up,0.81,8.65,0.9999999999926932,0.179227
2026-02-15,1771126200,-6,down,0.94,10.638298,0.9996016827623708,0.056052003
2026-02-15,1771126500,-6,up,0.49,20.408163,0.626233047079706,0.49250698
2026-02-15,1771127700,-6,up,0.69,12.0,0.9986642823817441,0.295027
2026-02-15,1771128000,-5,up,0.34,16.87,0.9763778606381376,0.644292
2026-02-15,1771134300,-6,down,0.82,12.195122,0.9857539703325228,0.169668
2026-02-15,1771137300,-4,down,0.75,13.333333,0.9885261222518603,0.236875
2026-02-15,1771137900,-6,down,0.9,11.111112,0.9999999998832214,0.09370002
2026-02-15,1771138800,-6,down,0.35000002,28.571426,0.5145433929938801,-0.365925
2026-02-15,1771140300,-3,up,0.9,11.111112,0.9799231684216774,0.09370002
2026-02-15,1771151100,-6,down,0.47000003,10.0,0.9841781960964506,-0.48743704
2026-02-15,1771152600,-6,down,0.69,6.34,0.9995600240613715,-0.704973
2026-02-15,1771153500,-6,down,0.41000003,24.390242,0.5748198517883073,0.57306695
2026-02-15,1771154100,-5,up,0.47,21.276596,1.0,-0.487437
2026-02-15,1771154700,-6,up,0.9,11.111112,0.9993459021417078,0.09370002
2026-02-15,1771155600,-6,down,0.6,16.666666,0.9999999954101654,-0.6168
2026-02-15,1771155900,-4,up,0.91,10.989011,0.9962228918429923,0.084266976
2026-02-15,1771157400,-6,down,0.41000003,24.390242,0.9999999999983321,-0.42693302
2026-02-15,1771160700,-6,up,0.91,7.4,0.9681434093558284,0.084266976
2026-02-15,1771162200,-6,down,0.9,11.111112,0.9994011765495829,0.09370002
2026-02-15,1771163100,-4,up,0.7,11.0,0.999883844432078,-0.7147
2026-02-15,1771164300,-3,down,0.88,11.363636,0.9628419047498907,0.112608
2026-02-15,1771164600,-5,down,0.9,11.111112,0.9984242705064583,0.09370002
2026-02-15,1771164900,-5,up,0.35,5.0,0.9993859597106437,-0.36592498
2026-02-15,1771166700,-6,down,0.79,5.0,0.9997437178220414,0.19838698
2026-02-15,1771167000,-6,down,0.63,10.0,0.8960907660079591,-0.646317
2026-02-15,1771167600,-6,down,0.48000002,10.0,0.5510841937381452,-0.49747202
2026-02-15,1771167900,-6,up,0.44,12.0,0.999824328767401,0.542752
2026-02-15,1771170000,-6,down,0.42000002,23.809523,0.981845728016301,-0.437052
2026-02-15,1771170300,-6,down,0.32,31.25,0.9381403812190487,-0.335232
2026-02-15,1771172100,-6,up,0.69,14.492754,1.0,0.295027
2026-02-15,1771174200,-3,down,0.8,7.0,0.8860969144708667,-0.8112
2026-02-15,1771174800,-2,down,0.55,18.181818,0.9999436945283566,0.432675
2026-02-15,1771175100,-6,up,0.93,10.752688,1.0,0.065442994
2026-02-15,1771176000,-6,up,0.89,11.235955,0.9999796327299997,0.103147015
2026-02-15,1771176600,-2,down,0.51,3.01,0.874116365007965,0.472507
2026-02-15,1771179000,-6,up,0.94,10.638298,0.999999580369989,0.056052003
2026-02-15,1771180200,-3,down,0.33999997,24.81,0.99959508105155,0.644292
2026-02-15,1771181700,-2,down,0.92,10.869565,0.9850991253606529,0.07484798
2026-02-15,1771187700,-6,up,0.87,11.494253,0.9952532469487327,-0.877917
2026-02-15,1771190100,-6,up,0.39,5.06,0.9957632068743982,-0.406653
2026-02-15,1771191600,-6,down,0.59000003,11.32,1.0,0.39306697
2026-02-15,1771191900,-5,up,0.35,28.571428,1.0,-0.36592498
2026-02-15,1771193700,-5,up,0.64,15.625,1.0,0.343872
2026-02-15,1771195200,-6,down,0.48000002,6.0,0.9991960829658448,-0.49747202
2026-02-15,1771197300,-6,up,0.87,7.0,0.9464127008806088,0.12208299
2026-02-15,1771197600,-2,up,0.9,11.111112,0.9975357479428403,0.09370002
2026-02-15,1771198200,-6,down,0.32,12.97,0.8072620936939021,-0.335232
2026-02-16,1771200000,-5,down,0.93,7.92,1.0,0.065442994
2026-02-16,1771200600,-2,down,0.9,11.111112,0.9825037993928719,0.09370002
2026-02-16,1771204500,-6,up,0.58,4.73,0.9999999999990853,-0.597052
2026-02-16,1771206600,-6,down,0.92,1.59,0.997268490777816,0.07484798
2026-02-16,1771206900,-6,down,0.69,8.0,0.8089209976925226,0.295027
2026-02-16,1771207800,-6,down,0.37,27.027027,0.9999872870662554,0.613683
2026-02-16,1771210500,-6,up,0.86,10.16,0.9998881714229807,0.131572
2026-02-16,1771210800,-5,up,0.49,20.408163,0.9764338911780679,-0.507493
2026-02-16,1771212600,-2,up,0.92,5.31,0.9970735805553943,0.07484798
2026-02-16,1771215900,-3,up,0.91,10.989011,0.9917812556936825,0.084266976
2026-02-16,1771219800,-6,down,0.94,5.0,0.9954736594551125,0.056052003
2026-02-16,1771239600,-6,down,0.55,5.0,0.6728259492299228,-0.567325
2026-02-16,1771242900,-4,up,0.47,21.276596,0.9999999951008214,-0.487437
2026-02-16,1771247700,-2,down,0.84000003,5.0,0.9999999999998845,0.15059197
2026-02-16,1771248600,-6,up,0.61,15.0,0.9999046171781947,-0.626653
2026-02-16,1771250400,-6,up,0.62,16.129032,0.8810064608930823,0.363508
2026-02-16,1771254300,-4,up,0.8,12.5,0.9986045175765773,-0.8112
2026-02-16,1771258200,-2,up,0.91,10.989011,0.999737324544783,0.084266976
2026-02-16,1771259700,-6,up,0.68,14.705882,0.8614852720744323,0.304768
2026-02-16,1771261200,-3,up,0.91,10.989011,0.9999999999999999,-0.91573304
2026-02-16,1771263300,-4,down,0.77,12.987013,0.8411320333889852,0.21760301
2026-02-16,1771263600,-5,down,0.94,10.638298,0.9999987109819771,0.056052003
2026-02-16,1771264500,-6,down,0.78,12.820514,0.9345883790796216,0.20798802
2026-02-16,1771265400,-2,up,0.7,14.285714,0.999171883245644,0.28530002
2026-02-16,1771265700,-6,up,0.79,12.658228,0.8838655789219678,-0.80161303
2026-02-16,1771266600,-5,down,0.36,27.777777,0.9971270289742108,-0.37612802
2026-02-16,1771267200,-2,down,0.7,14.285714,0.7714036336149126,-0.7147
2026-02-16,1771272600,-6,down,0.7,14.285714,1.0,-0.7147
2026-02-16,1771272900,-5,up,0.92,7.0,1.0,-0.925152
2026-02-16,1771274700,-3,down,0.39,25.641027,1.0,-0.406653
2026-02-16,1771276800,-6,up,0.78,12.820514,0.9514073823226331,0.20798802
2026-02-16,1771277400,-2,up,0.8,12.5,0.996400334912894,0.18879999
2026-02-16,1771277700,-6,up,0.85,11.764706,0.9989128911026588,0.14107499
2026-02-16,1771278300,-6,up,0.54,18.518518,0.6091571236825278,-0.557388
2026-02-16,1771278600,-6,down,0.8,12.5,0.947641613288069,0.18879999
2026-02-16,1771279200,-3,down,0.88,4.67,1.0,0.112608
2026-02-16,1771281300,-6,up,0.65,15.384616,0.9966782234987864,-0.66592497
2026-02-16,1771281900,-6,up,0.7,14.285714,0.9999999996663229,0.28530002
2026-02-16,1771282200,-5,down,0.82,12.195122,0.9926417362345504,-0.830332
2026-02-16,1771283100,-4,up,0.78,8.43,0.9999898664210924,0.20798802
2026-02-16,1771283700,-4,down,0.8,12.5,0.9999994843627816,-0.8112
2026-02-16,1771284000,-6,down,0.53,7.0,0.9999999999985096,-0.54743695
2026-02-16,1771284600,-6,up,0.5,20.0,0.9997741438466196,0.4825
2026-02-17,1771286700,-2,up,0.9,11.111112,0.9991381649146357,0.09370002
2026-02-17,1771288200,-6,up,0.78,2.9,0.974693982875845,-0.792012
2026-02-17,1771295400,-6,down,0.59000003,16.949152,0.999957429882342,-0.60693306
2026-02-17,1771296000,-6,up,0.5,20.0,0.9981616572127683,0.4825
2026-02-17,1771296300,-6,up,0.94,10.638298,0.9965569203181228,0.056052003
2026-02-17,1771297800,-6,down,0.82,12.195122,0.9906983996667086,-0.830332
2026-02-17,1771301100,-6,down,0.87,11.494253,0.9999106562306814,0.12208299
2026-02-17,1771301700,-5,down,0.94,10.638298,0.9994661960566598,0.056052003
2026-02-17,1771303200,-6,down,0.48000002,5.0,0.62358309328131,-0.49747202
2026-02-17,1771309800,-6,up,0.59,16.949154,0.6952965241736644,0.39306703
2026-02-17,1771312500,-6,down,0.92,5.76,0.9821457199937691,0.07484798
2026-02-17,1771316400,-6,up,0.94,10.638298,0.9999853287866647,0.056052003
2026-02-17,1771317900,-6,down,0.68,5.0,0.9537376754517216,0.304768
2026-02-17,1771320000,-3,down,0.85,11.764706,0.9999995778601244,0.14107499
2026-02-17,1771320300,-6,down,0.68,13.04,0.9310373262677027,0.304768
2026-02-17,1771320900,-6,down,0.90999997,9.2,0.9880894450936758,0.084267035
2026-02-17,1771322400,-6,up,0.42,18.09,0.9999388250570388,-0.43705198
2026-02-17,1771330500,-5,down,0.44,7.22,0.6517982685377062,-0.457248
2026-02-17,1771337100,-6,down,0.56,5.0,0.9060280235233474,0.422752
2026-02-17,1771338300,-5,down,0.39,5.0,0.7205565085471465,-0.406653
2026-02-17,1771340100,-6,up,0.44,22.727272,0.6827376611658267,-0.457248
2026-02-17,1771344300,-2,up,0.34,1.72,0.5469335892186247,-0.355708
2026-02-17,1771344600,-3,down,0.32,8.0,0.42420146731050556,-0.335232
2026-02-17,1771347900,-6,down,0.94,10.638298,0.9991820124869276,0.056052003
2026-02-17,1771349700,-6,up,0.74,13.513514,0.977443783736617,0.246532
2026-02-17,1771356600,-6,up,0.35,28.571428,0.9998573313759321,0.634075
2026-02-17,1771356900,-3,down,0.38,12.0,0.47287803424047536,-0.396492
2026-02-17,1771361700,-6,up,0.9,11.111112,0.9984084492871466,0.09370002
2026-02-17,1771362000,-6,up,0.37,17.0,0.999465179982186,-0.386317
2026-02-17,1771363800,-6,down,0.86,6.83,0.9926993713126825,0.131572
2026-02-17,1771367400,-6,up,0.72,13.888888,0.9999999538649441,0.26588798
2026-02-17,1771372500,-5,down,0.94,10.638298,0.9950995191406127,0.056052003
2026-02-18,1771374900,-6,down,0.36,27.777777,0.6631027887506056,-0.37612802
2026-02-18,1771377600,-5,up,0.88,11.363636,0.998995431645039,0.112608
2026-02-18,1771383300,-6,down,0.79,12.658228,0.9808253351829327,0.19838698
2026-02-18,1771385700,-6,down,0.31,32.258064,0.3799528844725889,-0.32497302
2026-02-18,1771386600,-6,up,0.49,20.408163,0.9999999999999998,0.49250698
2026-02-18,1771396500,-4,up,0.65,15.384616,0.9998068637343199,0.33407503
2026-02-18,1771397100,-6,up,0.94,10.638298,0.9999978283951477,0.056052003
2026-02-18,1771398900,-6,up,0.37,27.027027,0.49672374651940243,-0.386317
2026-02-18,1771405500,-6,up,0.37,19.18,0.9045831174183434,-0.386317
2026-02-18,1771407300,-6,up,0.9,11.111112,0.9894810616182801,0.09370002
2026-02-18,1771409400,-4,down,0.31,20.0,0.4608539674159694,-0.32497302
2026-02-18,1771410300,-6,down,0.90999997,8.0,1.0,-0.915733
2026-02-18,1771410900,-6,down,0.89,11.235955,0.9566450432060378,0.103147015
2026-02-18,1771416900,-6,down,0.81,12.345679,0.9031571044730763,0.179227
2026-02-18,1771419000,-4,up,0.65,7.64,0.7171908630687611,-0.66592497
2026-02-18,1771420200,-3,up,0.48,5.4,0.9999999938546076,0.50252795
2026-02-18,1771420800,-6,down,0.71000004,3.74,0.8274098099751137,-0.72441304
2026-02-18,1771421100,-6,down,0.39,5.41,0.7332840131940932,0.593347
2026-02-18,1771421700,-6,up,0.44,22.727272,0.7664934916553798,0.542752
2026-02-18,1771423500,-6,up,0.91,10.989011,0.9706733931745157,0.084266976
2026-02-18,1771424400,-6,up,0.56,11.0,0.7837713477928774,-0.577248
2026-02-18,1771425000,-6,up,0.65,15.384616,0.7215919494023108,-0.66592497
2026-02-18,1771426500,-5,up,0.55,18.181818,0.6296202030243413,0.432675
2026-02-18,1771429200,-5,down,0.64,15.625,0.7905009007690181,-0.656128
2026-02-18,1771429800,-4,down,0.42000002,23.809523,0.4971403091520872,-0.437052
2026-02-18,1771435500,-6,down,0.94,10.638298,0.9954251345751117,0.056052003
2026-02-18,1771437900,-3,down,0.85,11.764706,0.9304025939755142,-0.85892504
2026-02-18,1771442700,-5,down,0.76,13.157895,0.9401589762914667,-0.772768
2026-02-18,1771454100,-6,up,0.71,5.04,0.8074525218829061,0.27558702
2026-02-18,1771454400,-6,up,0.31,5.0,0.9405717097147128,-0.32497302
2026-02-18,1771455900,-6,down,0.86,7.0,0.9184690173676195,0.131572
2026-02-18,1771457700,-6,up,0.68,14.705882,0.9836873536352648,-0.69523203
2026-02-18,1771458300,-6,down,0.49,4.95,0.9342089182344984,-0.507493
2026-02-18,1771458900,-6,up,0.4,12.0,0.999083878059343,-0.41680002
2026-02-19,1771459200,-6,down,0.89,11.235955,0.9996190475404853,0.103147015
2026-02-19,1771462200,-6,down,0.85,5.7,0.999624086898234,0.14107499
2026-02-19,1771463100,-6,up,0.34,7.58,0.9643294265127353,0.644292
2026-02-19,1771464300,-5,down,0.84000003,7.0,0.9323314078274029,-0.84940803
2026-02-19,1771465500,-6,down,0.65,15.384616,0.7776439126190087,-0.66592497
2026-02-19,1771467000,-6,up,0.73,13.698629,0.9358623148482097,-0.743797
2026-02-19,1771471500,-6,down,0.94,10.638298,0.9998028969123955,-0.943948
2026-02-19,1771472700,-4,down,0.92,7.0,0.999908924073898,0.07484798
2026-02-19,1771475700,-6,up,0.91,7.0,0.9902042407847381,0.084266976
2026-02-19,1771478700,-6,up,0.54,18.518518,0.9234047002125341,0.442612
2026-02-19,1771482900,-6,down,0.32999998,28.6,0.7272117666187228,-0.34547698
2026-02-19,1771486200,-4,up,0.53,8.96,0.6060056997287842,-0.54743695
2026-02-19,1771487100,-6,up,0.92,10.869565,0.9798931943355278,0.07484798
2026-02-19,1771487400,-5,down,0.7,6.0,0.9999997903512147,-0.7147
2026-02-19,1771487700,-6,up,0.69,5.0,0.998807967782797,-0.704973
2026-02-19,1771490400,-6,down,0.87,11.494253,0.9297707867747672,0.12208299
2026-02-19,1771492200,-6,up,0.92,0.85,0.999999999999747,0.07484798
2026-02-19,1771495800,-4,down,0.9,11.111112,0.9790196442665464,0.09370002
2026-02-19,1771496700,-6,up,0.78,12.820514,0.9757506240058013,0.20798802
2026-02-19,1771497600,-6,up,0.8,10.0,0.9991574845935565,0.18879999
2026-02-19,1771501500,-5,up,0.94,10.638298,0.9968316785879537,0.056052003
2026-02-19,1771502100,-6,down,0.86,11.627907,0.9896237654332672,0.131572
2026-02-19,1771503000,-6,up,0.87,11.494253,0.9462631303602144,0.12208299
2026-02-19,1771507500,-6,up,0.79,12.658228,0.8633308231767947,0.19838698
2026-02-19,1771514400,-6,up,0.52,19.23077,0.9072872035526327,-0.537472
2026-02-19,1771516200,-6,down,0.85,11.764706,0.9101534400384923,0.14107499
2026-02-19,1771517400,-4,down,0.38,9.69,0.9922208467837667,-0.396492
2026-02-19,1771527000,-6,up,0.85,7.0,0.9644180137015677,0.14107499
2026-02-19,1771527300,-3,down,0.89,11.235955,0.9502540181997852,0.103147015
2026-02-19,1771527600,-6,up,0.94,10.58,0.9996357946673982,0.056052003
2026-02-19,1771532400,-6,up,0.32,0.39,0.50524770248096,-0.335232
2026-02-19,1771534500,-2,down,0.9,11.111112,0.9842951958058966,0.09370002
2026-02-19,1771534800,-6,down,0.58000004,6.0,0.9800950428335264,-0.59705204
2026-02-19,1771535700,-6,down,0.31,32.258064,0.9986625141989462,-0.32497302
2026-02-19,1771538100,-6,down,0.61,16.393442,0.9283795431689323,0.37334698
2026-02-19,1771539900,-6,down,0.92,10.869565,0.9999999999994266,0.07484798
2026-02-20,1771545900,-6,up,0.92,10.869565,0.9999901651032739,0.07484798
2026-02-20,1771546500,-2,up,0.89,8.0,0.9633854773133729,0.103147015
2026-02-20,1771548600,-6,down,0.44,22.727272,0.9999999999999996,0.542752
2026-02-20,1771548900,-6,up,0.5,20.0,0.9929397154666135,0.4825
2026-02-20,1771549200,-6,up,0.94,10.638298,0.9999999999307829,0.056052003
2026-02-20,1771560300,-6,down,0.37,27.027027,0.981820451283422,0.613683
2026-02-20,1771560600,-5,up,0.35,28.571428,0.7910737687156149,0.634075
2026-02-20,1771564500,-5,down,0.94,1.33,0.9999999999892771,0.056052003
2026-02-20,1771571400,-6,up,0.9,11.111112,0.9699009765734007,0.09370002
2026-02-20,1771572300,-6,down,0.94,10.638298,0.9981356453707366,0.056052003
2026-02-20,1771573500,-6,down,0.32999998,30.303032,0.7272604823029694,-0.34547698
2026-02-20,1771573800,-6,up,0.79,10.87,0.8537870996371837,0.19838698
2026-02-20,1771603500,-6,down,0.44,8.0,0.6864105386112004,-0.457248
2026-02-20,1771616100,-6,down,0.7,14.285714,0.8604113470352279,0.28530002
2026-02-20,1771622100,-6,down,0.62,16.129032,0.995428513688593,-0.636492
2026-02-20,1771623000,-2,down,0.86,11.627907,0.9959904723857659,0.131572
2026-02-20,1771630200,-6,down,0.81,12.345679,0.9998574967911876,0.179227
2026-02-20,1771631100,-6,up,0.38,5.0,0.9999804633063655,0.603508
2026-02-20,1771631700,-3,up,0.31,15.0,0.6053988318911245,0.675027
2026-02-21,1771632600,-6,up,0.4,25.0,0.7491834385391963,0.58320004
2026-02-21,1771635000,-4,up,0.75,6.0,0.9196773673051387,0.236875
2026-02-21,1771640100,-6,down,0.63,10.93,0.7973242329198549,0.353683
2026-02-21,1771641000,-5,up,0.32,31.25,0.7591759174239143,-0.335232
2026-02-21,1771648500,-6,up,0.32,11.02,0.6070031265232526,-0.335232
2026-02-21,1771648800,-2,down,0.9,11.111112,0.9999718941590013,-0.90629995
2026-02-21,1771649100,-6,up,0.87,11.494253,1.0,0.12208299
2026-02-21,1771650300,-6,down,0.85,11.764706,0.9595799355781057,0.14107499
2026-02-21,1771650600,-6,up,0.89,11.235955,1.0,0.103147015
2026-02-21,1771651200,-6,down,0.77,12.987013,0.9969205606414934,-0.782397
2026-02-21,1771669500,-6,down,0.78,12.820514,0.9064303196228046,0.20798802
2026-02-21,1771669800,-6,down,0.79,5.0,0.9528803052436102,0.19838698
2026-02-21,1771670400,-6,up,0.81,12.345679,0.9995378795806611,0.179227
2026-02-21,1771671600,-6,up,0.36,27.777777,0.9999880681945967,-0.37612802
2026-02-21,1771676400,-6,up,0.9,11.111112,0.9999999917254222,0.09370002
2026-02-21,1771680900,-6,down,0.41000003,24.390242,0.999999999998398,-0.42693302
2026-02-21,1771683000,-4,down,0.31,5.0,0.970919048461587,-0.32497302
2026-02-21,1771688100,-6,up,0.35,28.571428,0.9824666162698923,-0.36592498
2026-02-21,1771689900,-4,up,0.94,10.638298,0.9966875024387984,0.056052003
2026-02-21,1771694400,-6,up,0.39,25.641027,0.9100121129565473,0.593347
2026-02-21,1771695900,-6,up,0.87,11.494253,0.984169224611499,0.12208299
2026-02-21,1771696200,-2,up,0.94,10.638298,0.9999999999992123,0.056052003
2026-02-21,1771699200,-6,up,0.92,10.0,0.995445272587712,0.07484798
2026-02-21,1771701900,-6,up,0.35,28.571428,0.9999999999998977,0.634075
2026-02-21,1771717800,-5,up,0.31,5.0,0.9999999282911366,-0.32497302
2026-02-22,1771718700,-6,down,0.49,20.0,0.9856226870925878,-0.507493
2026-02-22,1771719300,-6,down,0.94,10.638298,0.9996424772959984,0.056052003
2026-02-22,1771725300,-2,up,0.89,11.235955,0.9999953584778618,0.103147015
2026-02-22,1771726200,-6,down,0.31,32.258064,0.9989706007573006,-0.32497302
2026-02-22,1771728000,-6,down,0.78,5.0,0.9999987951844703,0.20798802
2026-02-22,1771731300,-6,down,0.92,10.869565,0.9994533721400383,-0.925152
2026-02-22,1771733100,-4,down,0.36,27.777777,0.999999193408536,0.623872
2026-02-22,1771734900,-2,down,0.90999997,10.989012,0.9999999325118227,-0.915733
2026-02-22,1771737300,-5,up,0.4,25.0,1.0,-0.41680002
2026-02-22,1771737900,-6,up,0.77,12.987013,0.990655201979051,0.21760301
2026-02-22,1771740600,-5,up,0.69,14.492754,0.9993444126054125,0.295027
2026-02-22,1771740900,-6,up,0.94,10.638298,0.9999999999990672,0.056052003
2026-02-22,1771743600,-6,down,0.75,2.36,0.9152248772052723,0.236875
2026-02-22,1771744200,-6,down,0.35000002,10.0,0.8375901725764263,-0.365925
2026-02-22,1771747800,-2,down,0.94,10.638298,0.999999992921245,0.056052003
2026-02-22,1771748700,-6,down,0.45,22.222223,0.9992255605535857,-0.467325
2026-02-22,1771749000,-6,up,0.48,16.58,0.7748828822408256,-0.497472
2026-02-22,1771749900,-6,down,0.87,11.494253,1.0,-0.877917
2026-02-22,1771750200,-4,up,0.4,19.0,0.8447942058216494,-0.41680002
2026-02-22,1771750500,-6,up,0.31,20.0,0.999999999506006,-0.32497302
2026-02-22,1771751400,-6,down,0.59000003,16.949152,1.0,-0.60693306
2026-02-22,1771752300,-6,up,0.92,10.869565,0.9826942409378422,0.07484798
2026-02-22,1771752600,-6,up,0.4,25.0,0.9949225268108166,0.58320004
2026-02-22,1771753800,-6,down,0.58000004,17.241379,1.0,-0.59705204
2026-02-22,1771755300,-6,up,0.94,10.638298,0.9998615017945742,0.056052003
2026-02-22,1771756200,-6,down,0.57,17.54386,0.8767824437990123,0.41284302
2026-02-22,1771759200,-3,down,0.32,14.0,0.5,-0.335232
2026-02-22,1771759500,-6,up,0.94,10.638298,0.9999999999999266,0.056052003
2026-02-22,1771759800,-6,up,0.93,10.752688,0.9984528960300224,0.065442994
2026-02-22,1771760700,-6,up,0.92,10.869565,0.9999963761493071,0.07484798
2026-02-22,1771764000,-3,down,0.9,11.111112,0.9977969812912301,0.09370002
2026-02-22,1771764600,-6,down,0.83,10.0,0.9790912258611751,0.16012302
2026-02-22,1771770300,-6,down,0.71000004,10.0,0.9999966299420293,-0.72441304
2026-02-22,1771775400,-5,down,0.93,8.92,0.995513194006528,0.065442994
2026-02-22,1771777800,-6,up,0.79,12.658228,0.9910501569439703,0.19838698
2026-02-22,1771779300,-6,down,0.94,10.638298,0.9989630460798279,0.056052003
2026-02-22,1771783200,-6,up,0.61,0.16,0.9995359959616937,0.37334698
2026-02-22,1771784400,-6,down,0.87,2.0,0.9998137378282514,0.12208299
2026-02-22,1771785600,-6,up,0.66,9.88,0.9110061126722828,0.32429197
2026-02-22,1771785900,-3,up,0.37,27.027027,0.9999999999999936,0.613683
2026-02-22,1771786500,-2,down,0.90999997,10.989012,0.9999648245823088,0.084267035
2026-02-22,1771788900,-4,up,0.61,16.393442,0.7411646951256744,-0.626653
2026-02-22,1771789800,-6,down,0.7,14.285714,1.0,0.28530002
2026-02-22,1771790400,-6,down,0.89,11.235955,0.9999998060259163,0.103147015
2026-02-22,1771792800,-2,down,0.93,10.752688,0.9999576539397665,0.065442994
2026-02-22,1771793700,-6,up,0.91,8.02,0.9999999965376337,0.084266976
2026-02-22,1771794600,-6,down,0.92,10.869565,1.0,0.07484798
2026-02-22,1771795200,-6,down,0.90999997,10.989012,1.0,0.084267035
2026-02-22,1771796700,-6,up,0.86,11.627907,0.9999613387163211,0.131572
2026-02-22,1771797300,-6,down,0.94,10.638298,1.0,0.056052003
2026-02-22,1771798200,-6,up,0.37,27.027027,0.7867186466589373,0.613683
2026-02-22,1771799400,-6,up,0.7,14.285714,0.9903048427628944,0.28530002
2026-02-22,1771801200,-5,down,0.90999997,10.0,0.9999999173116275,0.084267035
2026-02-22,1771804500,-5,down,0.84000003,11.904761,0.9641711817633757,0.15059197
2026-02-23,1771808400,-6,down,0.68,14.705882,1.0,0.304768
2026-02-23,1771808700,-6,down,0.48000002,20.833332,1.0,0.50252795
2026-02-23,1771809000,-6,up,0.51,19.607843,0.9641471931415021,-0.527493
2026-02-23,1771809300,-6,down,0.5,20.0,1.0,0.4825
2026-02-23,1771809900,-6,up,0.42,10.44,0.9686876289553387,-0.43705198
2026-02-23,1771811700,-6,down,0.44,0.45,0.9074331592312043,0.542752
2026-02-23,1771817100,-6,up,0.58,11.31,0.7440239166765941,0.40294802
2026-02-23,1771830900,-5,down,0.42000002,5.0,0.5188263110884038,0.562948
2026-02-23,1771839600,-5,down,0.59000003,16.949152,0.9384506299012593,0.39306697
2026-02-23,1771848300,-6,up,0.42,6.0,0.6813856234174656,0.56294805
2026-02-23,1771854300,-6,up,0.88,5.0,0.9902857743645667,0.112608
2026-02-23,1771857600,-3,up,0.59,16.949154,0.6787951361937691,-0.606933
2026-02-23,1771862700,-6,up,0.9,11.111112,0.9781857182634011,0.09370002
2026-02-23,1771865400,-6,up,0.67,14.925373,0.8792219385999451,0.31452298
2026-02-23,1771869900,-6,up,0.91,10.989011,0.9902293773023785,0.084266976
2026-02-23,1771873200,-5,down,0.9,11.111112,0.9962616241152721,0.09370002
2026-02-23,1771878900,-6,down,0.9,11.111112,0.9837907159531154,0.09370002
2026-02-23,1771881900,-6,down,0.73,5.0,0.8966456236362959,0.256203
2026-02-23,1771890300,-6,down,0.35000002,22.91,0.9430989657106036,-0.365925
2026-02-24,1771904100,-6,up,0.8,12.5,0.8885309000737638,0.18879999
2026-02-24,1771909200,-6,up,0.47,3.53,0.7895396848048529,0.512563
2026-02-24,1771909800,-6,down,0.5,15.0,0.6338746714471246,-0.5175
2026-02-24,1771923300,-2,down,0.58000004,5.35,0.8751645521001177,0.40294796
2026-02-24,1771927500,-6,down,0.38,26.31579,0.47007977570100945,-0.396492
2026-02-24,1771940700,-6,up,0.94,10.638298,0.9939560160774943,0.056052003
2026-02-24,1771952400,-6,down,0.82,5.0,0.9413026919007642,0.169668
2026-02-24,1771953000,-6,up,0.52,15.0,0.8119738231296323,-0.537472
2026-02-24,1771957500,-5,up,0.6,15.0,0.7473939814481433,0.3832
2026-02-24,1771958400,-3,down,0.82,6.78,0.8824604136806921,-0.830332
2026-02-24,1771963200,-6,up,0.67,14.925373,0.9844275962404649,0.31452298
2026-02-24,1771971600,-6,up,0.83,12.048193,0.9755047177125752,0.16012302
2026-02-24,1771971900,-6,up,0.57,13.0,0.925756555923032,-0.587157
2026-02-24,1771972200,-6,down,0.65999997,12.87,0.7971935133327923,0.32429203
2026-02-25,1771978800,-6,down,0.64,15.0,0.8735234289298683,0.343872
2026-02-25,1771993800,-6,down,0.69,13.55,0.9648686522285529,0.295027
2026-02-25,1771995600,-3,down,0.35000002,5.0,0.618445564492665,-0.365925
2026-02-25,1771999800,-6,down,0.88,5.0,0.9997336403547881,0.112608
2026-02-25,1772000100,-6,up,0.69,4.98,0.9373546201535645,0.295027
2026-02-25,1772007000,-6,up,0.41,24.390244,0.60012902051043,-0.426933
2026-02-25,1772009100,-4,up,0.75,13.333333,0.9520265778902516,0.236875
2026-02-25,1772012400,-2,up,0.43,5.0,0.6040158695061719,-0.447157
2026-02-25,1772019000,-5,down,0.69,14.492754,0.7679143674830399,-0.704973
2026-02-25,1772020500,-6,up,0.57,17.54386,0.6457905037185298,0.41284302
2026-02-25,1772024700,-6,down,0.83,12.048193,0.9616936055420866,0.16012302
2026-02-25,1772026200,-6,down,0.55,5.0,0.7544167287478943,-0.567325
2026-02-25,1772029500,-2,up,0.9,10.0,0.999999918850655,0.09370002
2026-02-25,1772029800,-3,down,0.82,12.195122,0.916636121407645,0.169668
2026-02-25,1772030400,-6,up,0.57,15.35,0.6866255720972646,-0.587157
2026-02-25,1772031000,-6,down,0.92,10.869565,0.9999976403071664,0.07484798
2026-02-25,1772034300,-5,up,0.7,14.285714,0.8581052036522656,-0.7147
2026-02-25,1772037000,-4,down,0.74,5.0,0.813984386958714,0.246532
2026-02-25,1772038800,-6,down,0.51,19.607843,0.9999997916650349,0.472507
2026-02-25,1772040600,-6,down,0.93,10.752688,0.9999721415863578,0.065442994
2026-02-25,1772041800,-5,down,0.92,10.869565,0.9976978302323616,0.07484798
2026-02-25,1772054100,-3,up,0.32,31.25,0.991563117534601,-0.335232
2026-02-25,1772056200,-6,down,0.6,16.666666,0.8255702391296172,0.3832
2026-02-26,1772068200,-6,up,0.67,14.0,0.9347839796107036,0.31452298
2026-02-26,1772071500,-4,up,0.85,11.764706,0.9416050836451467,0.14107499
2026-02-26,1772072700,-5,down,0.38,5.0,0.6088791793480273,0.603508
2026-02-26,1772080500,-6,up,0.43,7.62,0.5461084440110408,-0.447157
2026-02-26,1772080800,-6,up,0.47,21.276596,0.8766898549676044,-0.487437
2026-02-26,1772083500,-4,up,0.89,10.0,0.9809080616942863,0.103147015
2026-02-26,1772087700,-6,up,0.38,26.31579,0.9907167226207474,0.603508
2026-02-26,1772089500,-6,up,0.52,19.23077,0.8481574452138345,0.46252802
2026-02-26,1772101200,-5,down,0.52,19.23077,0.8423984231558836,0.46252802
2026-02-26,1772111700,-6,down,0.64,8.59,0.999874648725496,0.343872
2026-02-26,1772115900,-6,down,0.44,2.31,0.795752930610831,0.542752
2026-02-26,1772119200,-6,up,0.53,18.867926,0.8313428569408239,0.45256302
2026-02-26,1772122200,-3,up,0.88,11.363636,0.9989531811712263,0.112608
2026-02-26,1772124300,-3,down,0.8,12.5,0.9203334849692245,0.18879999
2026-02-26,1772125500,-6,up,0.65,15.384616,0.9081845194109219,0.33407503
2026-02-26,1772125800,-6,down,0.75,13.333333,0.9536048776327047,0.236875
2026-02-26,1772128500,-5,up,0.42,23.809525,0.7032244185400135,-0.43705198
2026-02-26,1772133000,-6,down,0.76,13.157895,0.9926382105235987,0.22723201
2026-02-26,1772135700,-6,up,0.46,21.73913,0.6108985952275299,-0.477388
2026-02-26,1772137800,-6,down,0.72,5.36,0.9254106649429779,0.26588798
2026-02-26,1772139600,-6,up,0.94,10.638298,0.9999763647459965,0.056052003
2026-02-26,1772140500,-6,down,0.63,15.873016,0.8651766641448959,0.353683
2026-02-26,1772146500,-6,up,0.67,14.925373,0.8720437134834692,0.31452298
2026-02-26,1772147100,-6,down,0.43,23.255814,0.8125624764920136,-0.447157
2026-02-26,1772148300,-5,up,0.38,26.31579,0.45897030517668697,-0.396492
2026-02-26,1772148900,-6,down,0.81,12.345679,0.9745925096140933,0.179227
2026-02-27,1772155500,-2,down,0.45999998,21.739132,0.8438290726552303,0.52261204
2026-02-27,1772157900,-6,up,0.35,7.69,0.4536298208353499,-0.36592498
2026-02-27,1772161200,-6,down,0.75,12.51,0.9843036363619766,0.236875
2026-02-27,1772170500,-6,up,0.6,4.83,0.7767521443249821,0.3832
2026-02-27,1772174400,-6,down,0.42000002,20.0,0.9943182412144836,-0.437052
2026-02-27,1772178000,-6,down,0.79,12.658228,0.9078378465192023,0.19838698
2026-02-27,1772180400,-6,up,0.4,25.0,0.7786097438143451,-0.41680002
2026-02-27,1772189700,-6,down,0.42000002,14.61,0.9999694139303851,-0.437052
2026-02-27,1772191500,-6,up,0.64,15.625,0.7447744522490048,0.343872
2026-02-27,1772197800,-6,up,0.83,12.048193,0.9146819940674089,0.16012302
2026-02-27,1772198700,-3,up,0.76,13.157895,0.9180307735467816,0.22723201
2026-02-27,1772203500,-4,up,0.48,20.833334,0.5554469521049199,-0.497472
2026-02-27,1772205300,-5,up,0.53,5.0,0.694630081179529,0.45256302
2026-02-27,1772206500,-4,up,0.32,31.25,0.41346877836723234,-0.335232
2026-02-27,1772214000,-4,up,0.65,15.384616,0.7296931897466395,0.33407503
2026-02-27,1772215200,-5,down,0.49,20.408163,0.9434484040454949,0.49250698
2026-02-27,1772215800,-6,down,0.44,9.99,0.8326894480206457,-0.457248
2026-02-27,1772220300,-6,up,0.52,19.23077,0.8096835767031578,0.46252802
2026-02-27,1772222700,-6,up,0.81,12.345679,0.9982410465560628,0.179227
2026-02-27,1772223300,-6,up,0.89,11.235955,0.9539202279685083,0.103147015
2026-02-27,1772225100,-6,down,0.82,5.0,0.9942106908845266,-0.830332
2026-02-27,1772229600,-6,up,0.87,7.76,0.9859874083457848,-0.877917
2026-02-27,1772236200,-6,down,0.33999997,29.411766,0.5034774388335403,-0.35570797
2026-02-27,1772236500,-6,up,0.32,10.67,0.4416749932407731,-0.335232
2026-02-28,1772238000,-6,up,0.57,17.54386,0.9999999999990183,-0.587157
2026-02-28,1772240100,-6,up,0.75,13.333333,0.8567929923490301,0.236875
2026-02-28,1772244600,-6,up,0.76,13.157895,0.9948039847319082,-0.772768
2026-02-28,1772247000,-6,down,0.53999996,18.51852,0.999999605885587,-0.55738795
2026-02-28,1772248200,-6,down,0.87,11.03,0.9797169319811158,0.12208299
2026-02-28,1772248800,-6,up,0.32,31.25,0.9906412899177217,-0.335232
2026-02-28,1772251800,-6,down,0.53999996,18.51852,0.9571957741371873,-0.55738795
2026-02-28,1772257500,-5,down,0.74,2.63,0.845584631619368,0.246532
2026-02-28,1772262900,-5,down,0.32,31.25,0.7169757433080732,-0.335232
2026-02-28,1772265600,-6,up,0.9,11.111112,0.9743056833420711,-0.90629995
2026-02-28,1772275500,-6,up,0.46,21.73913,0.7142356902012255,-0.477388
2026-02-28,1772281800,-4,up,0.38,5.0,0.5008563058517114,-0.396492
2026-02-28,1772284500,-6,down,0.93,10.752688,0.9868250551088189,0.065442994
2026-02-28,1772290500,-5,down,0.31,4.77,0.5515854976913521,0.675027
2026-02-28,1772297700,-6,up,0.92,10.869565,0.9915950574399155,0.07484798
2026-02-28,1772303100,-6,up,0.9,11.111112,0.9999998886674871,-0.90629995
2026-02-28,1772309700,-6,up,0.88,11.363636,0.999681146479078,0.112608
2026-02-28,1772310600,-6,down,0.9,11.111112,0.9648161206356717,0.09370002
2026-02-28,1772310900,-4,down,0.7,10.0,0.7666295103258952,0.28530002
2026-02-28,1772316300,-6,down,0.9,11.111112,0.9731644937257461,0.09370002
2026-02-28,1772319600,-4,up,0.42,5.0,0.9256411132275219,-0.43705198
2026-02-28,1772320500,-4,up,0.93,10.752688,0.9940047414394002,0.065442994
2026-02-28,1772321400,-6,up,0.54,18.518518,0.8054263142187372,-0.557388
2026-02-28,1772322900,-6,up,0.79,12.658228,0.8654235370586038,-0.80161303
2026-03-01,1772325900,-6,up,0.85,11.764706,1.0,0.14107499
2026-03-01,1772330100,-4,up,0.32,15.0,0.6257839234751083,-0.335232
2026-03-01,1772337300,-6,down,0.76,13.157895,0.8624107668665317,0.22723201
2026-03-01,1772339700,-5,down,0.69,6.77,0.9198813067469724,0.295027
2026-03-01,1772340600,-6,down,0.92,10.869565,0.998363087402776,0.07484798
2026-03-01,1772340900,-6,up,0.82,5.0,0.9724660794413337,0.169668
2026-03-01,1772341200,-6,up,0.4,25.0,0.9999999108207397,-0.41680002
2026-03-01,1772344500,-5,up,0.39,25.641027,0.8071312749663191,0.593347
2026-03-01,1772344800,-6,down,0.5,20.0,0.9999978272748894,0.4825
2026-03-01,1772346900,-4,up,0.64,15.625,0.8674737065970001,-0.656128
2026-03-01,1772348100,-6,down,0.73,9.01,0.8109144889522364,0.256203
2026-03-01,1772349600,-6,down,0.32,30.5,0.5407269933683805,-0.335232
2026-03-01,1772355900,-4,down,0.88,11.363636,0.9946433766903653,0.112608
2026-03-01,1772361000,-4,down,0.7,5.0,0.9999999975782241,-0.7147
2026-03-01,1772362200,-6,up,0.31,5.0,0.39619451260825167,-0.32497302
2026-03-01,1772363400,-6,up,0.45,22.222223,0.7722057202561565,0.532675
2026-03-01,1772364300,-6,up,0.75,5.0,0.9990969354738816,0.236875
2026-03-01,1772370600,-5,up,0.33,30.30303,0.9999999999534016,-0.345477
2026-03-01,1772371800,-6,down,0.88,11.363636,0.9476875998096536,0.112608
2026-03-01,1772372100,-5,up,0.48,5.0,0.9999999801341699,-0.497472
2026-03-01,1772372700,-6,up,0.52,19.23077,0.9999799091942606,0.46252802
2026-03-01,1772376900,-6,up,0.44,15.0,0.8667200994117867,0.542752
2026-03-01,1772378100,-6,down,0.39,25.641027,0.5146019964337727,-0.406653
2026-03-01,1772378700,-6,up,0.45,12.77,0.8186783890104431,0.532675
2026-03-01,1772382000,-6,down,0.43,15.0,0.9999979758275123,0.552843
2026-03-01,1772386200,-6,up,0.59,16.949154,0.9510474835296,0.39306703
2026-03-01,1772388900,-6,up,0.44,14.77,0.534742410752722,-0.457248
2026-03-01,1772389800,-5,up,0.61,8.0,0.721481214792106,-0.626653
2026-03-01,1772390400,-6,down,0.92,5.0,0.9999720434082691,0.07484798
2026-03-01,1772390700,-6,down,0.39999998,25.000002,0.6020353729556086,-0.41679996
2026-03-01,1772393100,-6,down,0.83,12.048193,0.9985486390359123,0.16012302
2026-03-01,1772393400,-6,down,0.65999997,15.151516,0.8271557143373187,0.32429203
2026-03-01,1772397300,-4,down,0.81,5.0,0.8743091068116078,0.179227
2026-03-01,1772399100,-6,up,0.47,5.0,0.9998989645279132,0.512563
2026-03-01,1772400300,-6,up,0.65,15.384616,0.815493816047645,-0.66592497
2026-03-01,1772401200,-6,up,0.47,21.276596,0.6857626260626806,0.512563
2026-03-01,1772401800,-6,down,0.92,10.869565,0.9988552961772432,0.07484798
2026-03-01,1772404500,-6,down,0.39999998,20.0,0.9007431259437153,-0.41679996
2026-03-01,1772407200,-6,down,0.89,11.235955,0.9999999998588459,0.103147015
2026-03-02,1772410200,-6,down,0.43,0.29,0.991021355212753,0.552843
2026-03-02,1772412300,-6,down,0.74,13.513514,0.999976437147313,-0.75346804
2026-03-02,1772421900,-6,up,0.79,12.658228,0.9824346054531385,0.19838698
2026-03-02,1772423100,-6,down,0.82,12.195122,0.9035679539738055,-0.830332
2026-03-02,1772429700,-6,up,0.77,12.987013,0.851240815770497,-0.782397
2026-03-02,1772436600,-2,up,0.59,16.949154,0.9169636103178618,-0.606933
2026-03-02,1772437800,-6,down,0.88,11.363636,0.9926285399959736,0.112608
2026-03-02,1772444400,-6,up,0.32,31.25,0.41783753806605684,-0.335232
2026-03-02,1772446800,-6,up,0.51,19.607843,0.6073421324499008,0.472507
2026-03-02,1772447100,-6,up,0.94,10.638298,0.9999999999999946,0.056052003
2026-03-02,1772447400,-5,up,0.91,10.81,0.9951170984423899,0.084266976
2026-03-02,1772450400,-6,up,0.66,15.151515,0.9284672918796943,0.32429197
2026-03-02,1772451000,-3,up,0.34,29.411764,0.846671575743964,0.644292
2026-03-02,1772453400,-6,down,0.81,5.0,0.9944120958563034,0.179227
2026-03-02,1772457000,-3,up,0.33,30.30303,0.5622430076041834,-0.345477
2026-03-02,1772461200,-3,down,0.69,10.0,0.9999999999733937,0.295027
2026-03-02,1772463000,-6,up,0.4,17.0,0.5655247905672947,-0.41680002
2026-03-02,1772464500,-6,up,0.59,16.949154,0.6770069738336042,-0.606933
2026-03-02,1772472300,-4,up,0.79,12.658228,0.8547885126806194,0.19838698
2026-03-02,1772478000,-6,down,0.35000002,8.04,0.6631664666230779,-0.365925
2026-03-02,1772480100,-4,up,0.31,32.258064,0.7955534346574173,-0.32497302
2026-03-02,1772487300,-4,up,0.93,10.752688,0.9962684652047521,0.065442994
2026-03-02,1772487600,-6,down,0.85,11.764706,0.9999999087884557,-0.85892504
2026-03-02,1772491200,-6,up,0.85,11.764706,0.9959045055524558,0.14107499
2026-03-02,1772491800,-6,up,0.89,11.235955,0.9999814977041441,0.103147015
2026-03-02,1772492700,-6,down,0.7,14.285714,0.9447711594165316,0.28530002
2026-03-02,1772493300,-5,up,0.84,7.54,0.9140687396658083,0.15059203
2026-03-02,1772494500,-2,down,0.39999998,10.52,0.6345550305266328,0.58320004
2026-03-03,1772496300,-6,up,0.54,18.518518,0.7239370440834834,-0.557388
2026-03-03,1772498400,-6,up,0.53,11.02,0.8274799180003598,0.45256302
2026-03-03,1772501700,-6,down,0.33999997,29.411766,0.41010256849590454,-0.35570797
2026-03-03,1772502300,-3,up,0.78,12.820514,0.9463644407447667,0.20798802
2026-03-03,1772508000,-3,up,0.89,10.05,0.9997851705092092,0.103147015
2026-03-03,1772508900,-6,down,0.6,16.666666,0.8170653182539281,0.3832
2026-03-03,1772509800,-6,down,0.94,10.638298,0.9999783682262995,0.056052003
2026-03-03,1772515500,-6,down,0.69,1.44,0.9988304086576744,0.295027
2026-03-03,1772518500,-6,up,0.64,8.0,0.8130577655363145,-0.656128
2026-03-03,1772519100,-3,down,0.53999996,6.28,0.7400670243933856,-0.55738795
2026-03-03,1772521200,-4,up,0.45,3.5,0.9297190814583565,0.532675
2026-03-03,1772522700,-5,up,0.4,25.0,0.8436670836148132,-0.41680002
2026-03-03,1772523300,-6,down,0.90999997,10.989012,0.9991890967689696,0.084267035
2026-03-03,1772523900,-6,down,0.61,10.0,0.9999999999708356,0.37334698
2026-03-03,1772525100,-6,down,0.77,12.987013,0.9613436273404979,0.21760301
2026-03-03,1772525700,-6,down,0.68,14.705882,0.7802312148269909,0.304768
2026-03-03,1772527800,-6,down,0.89,11.235955,0.9999378179216486,0.103147015
2026-03-03,1772529300,-6,up,0.61,16.393442,0.9890104768633396,0.37334698
2026-03-03,1772530200,-6,up,0.31,13.04,0.6004811668824988,-0.32497302
2026-03-03,1772532000,-6,down,0.44,16.05,0.5887202672824612,0.542752
2026-03-03,1772532600,-3,down,0.32,31.25,0.4625835418853157,0.664768
2026-03-03,1772535900,-4,up,0.5,20.0,0.6451072309055037,-0.5175
2026-03-03,1772538000,-4,up,0.92,7.5,0.9906297141613459,0.07484798
2026-03-03,1772538900,-6,up,0.63,5.0,0.9897945388514015,0.353683
2026-03-03,1772541300,-2,down,0.5,20.0,0.6428521943221365,-0.5175
2026-03-03,1772541900,-4,up,0.9,11.111112,0.9735161140179617,0.09370002
2026-03-03,1772542200,-3,up,0.44,11.34,0.9683417904641818,0.542752
2026-03-03,1772544300,-6,up,0.87,7.69,0.9321097450404282,0.12208299
2026-03-03,1772546700,-6,up,0.87,11.494253,0.9296332289907715,0.12208299
2026-03-03,1772561100,-6,up,0.31,32.258064,0.40337491264340547,0.675027
2026-03-03,1772562300,-6,up,0.85,11.764706,0.9967813866891883,-0.85892504
2026-03-03,1772563500,-5,up,0.4,6.03,0.49916321119625545,0.58320004
2026-03-03,1772563800,-6,down,0.79,12.658228,0.945938217956238,-0.80161303
2026-03-03,1772564400,-4,down,0.35000002,12.0,0.675963089851731,-0.365925
2026-03-03,1772568900,-6,up,0.73,6.03,0.9999996336893775,0.256203
2026-03-03,1772572200,-6,down,0.84000003,8.04,0.9971828799715788,0.15059197
2026-03-03,1772572800,-6,up,0.75,13.333333,0.9999839885821572,0.236875
2026-03-03,1772573400,-5,down,0.9,11.111112,0.995913940756444,0.09370002
2026-03-03,1772573700,-6,down,0.82,8.04,0.9676134146646264,0.169668
2026-03-03,1772574600,-6,up,0.9,11.111112,1.0,0.09370002
2026-03-03,1772576400,-6,down,0.56,17.857143,0.7221873100077228,0.422752
2026-03-03,1772576700,-6,up,0.5,20.0,0.9999966918431155,0.4825
2026-03-03,1772577000,-6,up,0.9,11.111112,0.9999978909006543,0.09370002
2026-03-03,1772578200,-6,up,0.93,10.752688,0.9995842412004777,0.065442994
2026-03-03,1772578500,-3,up,0.45,14.07,0.905196343535811,0.532675
2026-03-03,1772578800,-6,up,0.85,11.764706,0.9640226998608343,0.14107499
2026-03-03,1772579100,-6,up,0.93,10.752688,1.0,0.065442994
2026-03-03,1772580300,-5,down,0.92,10.869565,0.9999999998496316,0.07484798
2026-03-03,1772580900,-6,down,0.5,20.0,0.9685403751398436,0.4825
2026-03-04,1772583900,-6,up,0.83,12.048193,0.9500287096256727,0.16012302
2026-03-04,1772585700,-6,down,0.59000003,16.949152,0.7519352306656144,0.39306697
2026-03-04,1772586300,-6,down,0.44,22.727272,0.8179398479318973,0.542752
2026-03-04,1772587200,-6,down,0.74,13.513514,0.9995942286227681,0.246532
2026-03-04,1772588400,-6,up,0.7,14.285714,0.9041156743072498,0.28530002
2026-03-04,1772589000,-5,down,0.84000003,3.01,0.9907382824312596,0.15059197
2026-03-04,1772589300,-4,down,0.9,10.0,0.9678340932020184,-0.90629995
2026-03-04,1772590200,-6,down,0.92,10.869565,0.9853808556240673,0.07484798
2026-03-04,1772592900,-6,down,0.32999998,25.43,0.5694885451028058,-0.34547698
2026-03-04,1772593800,-6,up,0.53,1.75,0.835486555017497,-0.54743695
2026-03-04,1772594100,-6,up,0.72,10.0,0.952645611542086,0.26588798
2026-03-04,1772596200,-5,up,0.77,12.987013,0.8440868559656396,-0.782397
2026-03-04,1772598600,-5,down,0.72,13.888888,0.8390665875296486,0.26588798
2026-03-04,1772598900,-4,up,0.34,1.58,0.8265506505547889,-0.355708
2026-03-04,1772599500,-5,down,0.65,15.384616,0.9986223976773263,-0.66592497
2026-03-04,1772601000,-5,up,0.9,11.111112,0.9990554664526426,0.09370002
2026-03-04,1772604900,-6,down,0.92,10.869565,0.9984870336625041,0.07484798
2026-03-04,1772605200,-4,down,0.82,12.195122,0.9610484537081975,-0.830332
2026-03-04,1772606700,-5,down,0.84000003,11.904761,0.9301548312193607,0.15059197
2026-03-04,1772607300,-6,up,0.63,2.1,0.7832242761160618,0.353683
2026-03-04,1772607600,-6,up,0.84,11.904762,0.9990972882147321,-0.849408
2026-03-04,1772607900,-5,up,0.8,12.5,0.9929429231064322,-0.8112
2026-03-04,1772608500,-6,up,0.76,10.0,0.9684676957519024,0.22723201
2026-03-04,1772609400,-6,down,0.6,5.0,0.9633893395796259,-0.6168
2026-03-04,1772612400,-6,up,0.66,15.151515,0.7327992562709486,0.32429197
2026-03-04,1772616000,-6,up,0.82,12.195122,0.9520596198943957,0.169668
2026-03-04,1772620500,-6,down,0.72,6.75,0.8308298256521749,0.26588798
2026-03-04,1772621100,-3,down,0.84000003,11.904761,0.9999999158614546,0.15059197
2026-03-04,1772621700,-6,down,0.38,26.31579,0.9414972421810193,-0.396492
2026-03-04,1772626200,-6,down,0.32999998,30.303032,0.9127764346052673,-0.34547698
2026-03-04,1772629200,-4,down,0.58000004,17.241379,0.8748182250258789,0.40294796
2026-03-04,1772630100,-2,up,0.7,7.4,0.9812634621784782,0.28530002
2026-03-04,1772638800,-5,down,0.42000002,23.809523,0.5302159561885553,-0.437052
2026-03-04,1772640900,-6,down,0.62,0.5,0.9465000219252393,0.363508
2026-03-04,1772645100,-4,up,0.92,10.869565,0.9962576868587638,0.07484798
2026-03-04,1772645700,-3,down,0.71000004,14.084506,0.8807841597624224,0.27558696
2026-03-04,1772647500,-6,down,0.79,11.0,0.905051762773094,0.19838698
2026-03-04,1772648400,-6,down,0.79,12.658228,0.9992174306683259,0.19838698
2026-03-04,1772649300,-5,up,0.7,6.42,0.8626270151055224,0.28530002
2026-03-04,1772649900,-4,up,0.55,7.62,0.6194378937449013,-0.567325
2026-03-04,1772650800,-4,down,0.39999998,25.000002,0.9995298231808858,0.58320004
2026-03-04,1772651100,-6,up,0.9,9.03,0.9637311488268148,0.09370002
2026-03-04,1772652600,-6,down,0.51,19.607843,0.6502006032000034,-0.527493
2026-03-04,1772655600,-6,up,0.77,12.987013,0.8924975085013005,0.21760301
2026-03-04,1772655900,-6,up,0.82,12.195122,0.9998294667979296,0.169668
2026-03-04,1772656200,-6,down,0.32999998,30.303032,0.8999525189290222,-0.34547698
2026-03-04,1772657100,-6,down,0.93,10.752688,0.9977231818706717,0.065442994
2026-03-04,1772658900,-3,up,0.9,6.07,0.9820524434019242,0.09370002
2026-03-04,1772659500,-5,down,0.92,0.94,0.9999976136346498,0.07484798
2026-03-04,1772661000,-6,up,0.4,25.0,0.7949268118036722,-0.41680002
2026-03-04,1772661900,-6,up,0.92,10.869565,0.999638927660546,0.07484798
2026-03-04,1772665200,-6,up,0.6,5.0,0.9999284677295207,-0.6168
2026-03-04,1772665500,-6,down,0.93,10.752688,0.9994664358210541,0.065442994
2026-03-04,1772665800,-6,up,0.91,10.989011,0.9994956315038994,0.084266976
2026-03-04,1772667600,-6,up,0.94,10.638298,0.9999999995042269,0.056052003
2026-03-04,1772668500,-6,up,0.6,8.04,0.7473865419095096,0.3832
2026-03-05,1772668800,-5,down,0.32999998,30.303032,0.9465607134339695,-0.34547698
2026-03-05,1772670000,-5,down,0.65999997,15.151516,0.7879564785194602,-0.67570794
2026-03-05,1772670600,-6,down,0.90999997,10.989012,0.9953898060303766,0.084267035
2026-03-05,1772670900,-5,down,0.7,14.285714,0.7836259797051712,0.28530002
2026-03-05,1772672100,-6,up,0.66,15.151515,0.9999514360800893,-0.67570806
2026-03-05,1772676600,-6,up,0.4,25.0,0.9999135061836769,0.58320004
2026-03-05,1772679900,-6,down,0.64,6.0,0.8441129828352847,-0.656128
2026-03-05,1772680800,-3,up,0.91,10.989011,0.9911993279271226,0.084266976
2026-03-05,1772682600,-6,up,0.89,11.235955,0.98683164999651,0.103147015
2026-03-05,1772684400,-5,up,0.85,11.764706,0.9999999998027626,0.14107499
2026-03-05,1772687400,-6,down,0.42000002,20.0,0.9991494184480194,-0.437052
2026-03-05,1772688600,-6,up,0.94,10.638298,0.9999999999997877,0.056052003
2026-03-05,1772689500,-6,up,0.33,30.30303,0.5241460351937873,-0.345477
2026-03-05,1772689800,-6,up,0.91,10.989011,1.0,0.084266976
2026-03-05,1772690100,-6,down,0.58000004,17.241379,0.9070862903345057,-0.59705204
2026-03-05,1772690400,-3,down,0.90999997,10.989012,0.966448442150377,0.084267035
2026-03-05,1772692200,-5,down,0.42000002,23.809523,0.7769753903716341,-0.437052
2026-03-05,1772693400,-6,down,0.94,10.638298,0.9999893499203072,0.056052003
2026-03-05,1772693700,-4,up,0.92,10.869565,0.9872302184099929,0.07484798
2026-03-05,1772694300,-6,up,0.92,10.0,0.9980972838470997,0.07484798
2026-03-05,1772694900,-6,down,0.32999998,30.303032,0.9999831935074327,-0.34547698
2026-03-05,1772695200,-6,down,0.74,13.513514,0.8950895930741691,0.246532
2026-03-05,1772696400,-5,down,0.94,10.638298,0.9991018797013768,0.056052003
2026-03-05,1772696700,-6,down,0.86,8.0,0.9784611018979843,0.131572
2026-03-05,1772697900,-4,down,0.9,11.111112,0.982634818546289,0.09370002
2026-03-05,1772703000,-6,up,0.33,30.30303,0.514397453453129,-0.345477
2026-03-05,1772703600,-6,up,0.67,14.925373,0.9256278749201738,0.31452298
2026-03-05,1772703900,-6,down,0.84000003,11.904761,0.9959403390479137,0.15059197
2026-03-05,1772713800,-4,up,0.72,13.888888,0.8593094386229279,0.26588798
2026-03-05,1772723400,-5,down,0.87,11.494253,0.9650244076259078,0.12208299
2026-03-05,1772739600,-6,up,0.87,11.494253,0.996589539972448,0.12208299
2026-03-05,1772740500,-5,up,0.36,27.777777,0.999999860332277,-0.37612802
2026-03-05,1772741100,-6,up,0.7,3.72,0.8946562140727135,-0.7147
2026-03-05,1772743800,-6,down,0.7,10.0,0.9944808005789567,0.28530002
2026-03-05,1772744700,-6,down,0.7,14.285714,0.9921799856623558,-0.7147
2026-03-05,1772745600,-3,up,0.73,13.698629,0.9577695819552069,0.256203
2026-03-05,1772748000,-6,up,0.92,10.869565,0.99082154121994,-0.925152
2026-03-05,1772748300,-6,up,0.67,3.45,0.984775039729888,0.31452298
2026-03-05,1772749200,-6,down,0.32999998,5.0,0.9949060547023005,-0.34547698
2026-03-05,1772750100,-5,down,0.79,11.1,0.994382382165954,0.19838698
2026-03-05,1772751000,-6,down,0.88,11.363636,0.9872568540766622,0.112608
2026-03-05,1772751600,-6,up,0.82,12.195122,0.9747245936565003,-0.830332
2026-03-05,1772752200,-6,down,0.90999997,4.68,0.9999999999999992,0.084267035
2026-03-05,1772752500,-6,down,0.45,22.222223,0.9981109180656963,-0.467325
2026-03-05,1772752800,-5,down,0.79,12.658228,0.9678850937067975,0.19838698
2026-03-05,1772753100,-5,up,0.69,0.32,0.9999998835449189,0.295027
2026-03-05,1772754600,-6,up,0.84,11.904762,0.9969841891178033,0.15059203
2026-03-06,1772755500,-6,up,0.5,20.0,0.9999995751254642,0.4825
2026-03-06,1772756100,-6,down,0.39999998,4.0,0.9832843106131519,0.58320004
2026-03-06,1772756400,-6,down,0.37,27.027027,0.9999999548881086,-0.386317
2026-03-06,1772757000,-6,up,0.89,11.235955,0.999999475784559,0.103147015
2026-03-06,1772757600,-3,down,0.31,32.258064,0.9999994189913558,0.675027
2026-03-06,1772757900,-6,up,0.94,10.638298,0.999959761871436,0.056052003
2026-03-06,1772759100,-6,down,0.85,11.764706,0.9807323539939771,0.14107499
2026-03-06,1772760000,-6,down,0.90999997,10.989012,0.999549380574587,0.084267035
2026-03-06,1772761500,-6,down,0.43,23.255814,0.528112337082484,-0.447157
2026-03-06,1772765100,-6,down,0.57,17.54386,0.9999976522308931,0.41284302
2026-03-06,1772765700,-6,up,0.65,15.384616,0.99999999987576,0.33407503
2026-03-06,1772766000,-6,up,0.4,25.0,0.6294668290919054,-0.41680002
2026-03-06,1772766300,-6,down,0.71000004,10.0,0.9990518942812593,0.27558696
2026-03-06,1772766900,-5,down,0.78,8.04,0.8928915266018738,-0.792012
2026-03-06,1772768100,-6,up,0.42,5.0,0.7978877021320341,-0.43705198
2026-03-06,1772768700,-6,up,0.78,12.820514,1.0,-0.792012
2026-03-06,1772769000,-6,down,0.86,11.627907,0.9621894006282637,0.131572
2026-03-06,1772769300,-6,up,0.78,6.0,0.9682870278114928,0.20798802
2026-03-06,1772769600,-6,down,0.45,22.222223,0.9962083032899156,0.532675
2026-03-06,1772773200,-4,up,0.94,6.0,0.999041261182689,0.056052003
2026-03-06,1772774700,-6,down,0.55,18.181818,0.8301633409847116,0.432675
2026-03-06,1772775300,-6,down,0.88,11.363636,0.9978930315972316,0.112608
2026-03-06,1772776800,-4,up,0.5,20.0,0.8739919552702506,-0.5175
2026-03-06,1772777400,-6,down,0.85,11.764706,0.9999999899444024,0.14107499
2026-03-06,1772778600,-6,down,0.75,13.333333,0.9925679909208348,0.236875
2026-03-06,1772780100,-3,up,0.88,11.363636,0.9788270892247246,0.112608
2026-03-06,1772783400,-6,down,0.81,12.345679,0.8753086551620389,-0.820773
2026-03-06,1772784600,-6,up,0.71,14.084508,0.9988091901862763,0.27558702
2026-03-06,1772786400,-6,down,0.32,31.25,0.4391607541131384,0.664768
2026-03-06,1772786700,-6,down,0.59000003,16.949152,0.6915879828675694,0.39306697
2026-03-06,1772787600,-6,down,0.92,10.869565,0.9963149729648187,0.07484798
2026-03-06,1772791800,-6,down,0.8,12.5,0.9999999999999869,-0.8112
2026-03-06,1772794200,-6,up,0.94,10.638298,0.999999928238843,-0.943948
2026-03-06,1772794500,-6,up,0.47,21.276596,0.999240865732373,-0.487437
2026-03-06,1772795100,-5,up,0.46,21.73913,0.9278526692622534,-0.477388
2026-03-06,1772796000,-5,down,0.75,13.333333,0.8644223958682052,0.236875
2026-03-06,1772798100,-4,down,0.92,3.47,0.9997490825197908,0.07484798
2026-03-06,1772798400,-6,down,0.93,10.752688,0.9999916359610305,0.065442994
2026-03-06,1772800800,-4,up,0.6,5.0,0.6736776321819136,-0.6168
2026-03-06,1772801100,-6,up,0.77,12.987013,0.8601540179759353,0.21760301
2026-03-06,1772801700,-4,up,0.9,11.111112,0.9998333143323037,0.09370002
2026-03-06,1772802000,-6,up,0.89,11.235955,0.9982884734734041,0.103147015
2026-03-06,1772805000,-4,down,0.64,15.625,0.9297596497628526,-0.656128
2026-03-06,1772806800,-6,up,0.82,12.195122,0.9486401013136794,0.169668
2026-03-06,1772807100,-6,down,0.56,5.0,0.7562106072434793,0.422752
2026-03-06,1772819400,-6,down,0.84000003,11.904761,0.9879227052469391,0.15059197
2026-03-06,1772823900,-2,up,0.35,19.0,0.9999828924942771,0.634075
2026-03-06,1772825400,-5,up,0.34,29.411764,0.9999989884243452,-0.355708
2026-03-06,1772826600,-6,down,0.63,8.0,0.9835918911407536,0.353683
2026-03-06,1772827500,-6,down,0.77,12.987013,0.8519060869950306,0.21760301
2026-03-06,1772829000,-6,up,0.33,30.30303,0.9516579232674628,-0.345477
2026-03-06,1772830500,-6,up,0.4,10.0,0.9518895132796832,-0.41680002
2026-03-06,1772831100,-6,up,0.79,12.658228,0.9752489291704202,-0.80161303
2026-03-06,1772831400,-6,down,0.88,11.363636,0.9999999924761163,0.112608
2026-03-06,1772831700,-6,down,0.63,7.42,0.7219614496238242,0.353683
2026-03-06,1772832300,-6,up,0.79,12.658228,0.9999989619093588,0.19838698
2026-03-06,1772832600,-6,up,0.84,5.0,1.0,0.15059203
2026-03-06,1772834700,-6,down,0.73,13.698629,0.9999999269745566,0.256203
2026-03-06,1772835000,-6,down,0.92,10.869565,0.9897856944872385,0.07484798
2026-03-06,1772835900,-6,down,0.90999997,10.989012,0.9999999999884635,0.084267035
2026-03-06,1772836200,-6,down,0.74,13.513514,0.9997701631839647,0.246532
2026-03-06,1772837400,-3,up,0.82,12.195122,0.9999997047020894,0.169668
2026-03-06,1772838300,-4,down,0.94,10.638298,0.9999985492572295,0.056052003
2026-03-06,1772839200,-4,down,0.92,10.869565,0.9999999999996982,0.07484798
2026-03-06,1772839500,-2,up,0.7,14.285714,0.9890529329457142,0.28530002
2026-03-06,1772839800,-6,down,0.42000002,23.809523,0.9988496646845528,0.562948
2026-03-06,1772840400,-3,up,0.8,12.5,0.8663428464537444,0.18879999
2026-03-06,1772841300,-6,down,0.74,13.513514,0.94271177507875,0.246532
2026-03-07,1772841600,-6,up,0.83,12.048193,0.9999997618130427,-0.839877
2026-03-07,1772842200,-6,down,0.81,2.41,0.9960529647168626,0.179227
2026-03-07,1772842500,-6,up,0.91,10.989011,0.9999999918895754,0.084266976
2026-03-07,1772842800,-6,down,0.39,25.641027,0.9999988455531662,0.593347
2026-03-07,1772843100,-6,down,0.94,10.638298,0.9999988874274068,0.056052003
2026-03-07,1772843700,-6,down,0.92,5.87,0.9999987971425801,0.07484798
2026-03-07,1772844000,-6,up,0.85,11.764706,0.920186211017959,0.14107499
2026-03-07,1772844300,-6,up,0.94,10.638298,0.9999994567521844,0.056052003
2026-03-07,1772847000,-6,down,0.93,10.752688,0.991387049053377,0.065442994
2026-03-07,1772847600,-6,down,0.45999998,21.739132,0.9823681021893096,-0.47738796
2026-03-07,1772848800,-2,up,0.8,12.5,0.8802993989973653,-0.8112
2026-03-07,1772849100,-6,up,0.93,10.752688,0.9999956458567877,0.065442994
2026-03-07,1772850600,-4,down,0.83,12.048193,0.9527993834345867,-0.839877
2026-03-07,1772855100,-5,down,0.31,32.258064,0.7239188785136871,-0.32497302
2026-03-07,1772856300,-5,down,0.83,12.048193,0.9997907784692943,0.16012302
2026-03-07,1772859300,-6,down,0.94,10.638298,0.999160024194545,0.056052003
2026-03-07,1772859900,-6,down,0.32999998,5.0,0.768371438730707,0.654523
2026-03-07,1772862600,-3,down,0.65999997,15.151516,1.0,0.32429203
2026-03-07,1772863200,-4,down,0.81,12.345679,0.9997786342016366,0.179227
2026-03-07,1772865300,-6,up,0.39,25.641027,0.985965065925781,0.593347
2026-03-07,1772866500,-6,down,0.87,11.494253,0.9333938949616526,0.12208299
2026-03-07,1772870700,-6,down,0.37,10.05,0.7624510943614324,-0.386317
2026-03-07,1772873100,-4,up,0.92,10.869565,0.9996196245454169,0.07484798
2026-03-07,1772874000,-6,down,0.32,31.25,0.9024371642495363,0.664768
2026-03-07,1772875200,-5,down,0.63,15.873016,0.868993995153835,0.353683
2026-03-07,1772877300,-6,up,0.92,10.869565,0.9999998326361692,0.07484798
2026-03-07,1772877900,-4,down,0.36,14.0,0.9673890057769708,0.623872
2026-03-07,1772879100,-6,up,0.84,5.58,0.9751037058237153,0.15059203
2026-03-07,1772881500,-6,up,0.94,6.51,0.9999747765026982,0.056052003
2026-03-07,1772883600,-6,down,0.31,32.258064,0.9993110084005962,-0.32497302
2026-03-07,1772886000,-6,up,0.91,10.989011,0.9994731969690747,0.084266976
2026-03-07,1772886600,-6,down,0.33999997,15.05,0.9950539364346574,-0.35570797
2026-03-07,1772887500,-4,down,0.61,16.393442,0.9999818885690029,0.37334698
2026-03-07,1772889300,-6,up,0.9,11.111112,0.9999999985858576,-0.90629995
2026-03-07,1772889600,-6,up,0.67,14.925373,1.0,0.31452298
2026-03-07,1772889900,-6,up,0.85,11.764706,1.0,-0.85892504
2026-03-07,1772890200,-6,up,0.75,13.333333,0.9366291830800155,-0.763125
2026-03-07,1772890800,-6,up,0.84,11.904762,1.0,-0.849408
2026-03-07,1772891700,-6,down,0.88,11.363636,0.9990880199058101,0.112608
2026-03-07,1772894700,-6,up,0.64,15.625,0.858177130287667,0.343872
2026-03-07,1772896500,-6,up,0.61,15.0,0.9946057794870611,-0.626653
2026-03-07,1772898000,-6,up,0.77,12.987013,0.8718036878446762,0.21760301
2026-03-07,1772898300,-6,up,0.67,14.925373,0.9655711431480191,0.31452298
2026-03-07,1772900400,-3,down,0.41000003,24.390242,0.9521388814666946,0.57306695
2026-03-07,1772900700,-6,up,0.61,16.393442,0.9728332237805316,-0.626653
2026-03-07,1772901000,-6,up,0.54,18.518518,0.9999831920953275,0.442612
2026-03-07,1772901300,-6,up,0.54,5.0,0.9999635663356041,-0.557388
2026-03-07,1772901600,-6,up,0.74,13.513514,0.9956637944582228,0.246532
2026-03-07,1772901900,-5,down,0.45999998,21.739132,0.8168492150270213,-0.47738796
2026-03-07,1772902200,-6,down,0.65999997,15.151516,0.9999714962259202,-0.67570794
2026-03-07,1772903100,-6,up,0.6,5.0,0.9020253945559966,-0.6168
2026-03-07,1772904300,-6,down,0.79,12.658228,0.9999999999999811,0.19838698
2026-03-07,1772905500,-6,up,0.86,11.627907,0.9474263811808322,0.131572
2026-03-07,1772905800,-5,up,0.76,13.157895,0.9653022760252901,-0.772768
2026-03-07,1772907000,-6,up,0.51,19.607843,0.9165878471042576,0.472507
2026-03-07,1772907900,-6,down,0.92,10.869565,0.9981687236760353,-0.925152
2026-03-07,1772909100,-6,down,0.57,12.95,0.9999999999986345,0.41284302
2026-03-07,1772910300,-4,up,0.33,30.30303,0.8446522558121154,-0.345477
2026-03-07,1772910600,-6,up,0.53,6.22,0.8885333101561517,-0.54743695
2026-03-07,1772911800,-6,up,0.85,9.91,0.9999521529998598,0.14107499
2026-03-07,1772913900,-5,up,0.46,21.73913,0.9750358493306248,0.522612
2026-03-07,1772914500,-5,up,0.91,4.05,0.9858244240519982,0.084266976
2026-03-07,1772916000,-6,up,0.89,11.235955,0.9996652292941246,0.103147015
2026-03-07,1772916300,-5,down,0.76,13.157895,0.9009618723465076,0.22723201
2026-03-07,1772916900,-6,down,0.84000003,11.904761,0.9907795721000039,0.15059197
2026-03-07,1772917200,-4,down,0.38,26.31579,0.9464599075824902,-0.396492
2026-03-07,1772917500,-6,up,0.94,10.638298,0.9999995395821307,0.056052003
2026-03-07,1772918100,-6,up,0.47,12.01,0.9999971735208356,-0.487437
2026-03-07,1772918700,-4,up,0.31,15.57,0.5044717331062787,0.675027
2026-03-07,1772919900,-6,down,0.51,8.0,0.9536934201388022,0.472507
2026-03-07,1772921700,-6,down,0.32999998,8.2,0.6683122984487007,-0.34547698
2026-03-07,1772923200,-2,down,0.9,11.111112,1.0,0.09370002
2026-03-07,1772923800,-6,down,0.9,5.0,0.9584676622968203,0.09370002
2026-03-07,1772924100,-3,down,0.88,11.363636,0.999998806792199,0.112608
2026-03-07,1772924700,-6,up,0.33,30.30303,0.9573797618661215,-0.345477
2026-03-07,1772925000,-6,up,0.91,10.989011,0.9999999999842387,0.084266976
2026-03-07,1772925300,-6,up,0.76,13.157895,0.9948688000883839,-0.772768
2026-03-07,1772925900,-6,down,0.63,15.873016,0.9975050317285373,0.353683
2026-03-07,1772926200,-6,down,0.76,13.157895,0.9999998567163316,0.22723201
2026-03-07,1772926500,-6,down,0.93,10.752688,0.9999483159070146,0.065442994
2026-03-07,1772926800,-6,up,0.92,10.869565,0.9999999996470115,0.07484798
2026-03-07,1772927400,-6,up,0.93,10.752688,0.9999950461807828,0.065442994
2026-03-07,1772927700,-6,down,0.93,10.752688,0.9950590053421617,0.065442994
2026-03-08,1772928300,-6,up,0.83,0.83,0.9981564364800181,0.16012302
2026-03-08,1772928600,-6,up,0.69,14.492754,0.9716609534993963,-0.704973
2026-03-08,1772929800,-6,down,0.71000004,14.084506,1.0,0.27558696
2026-03-08,1772930100,-6,down,0.69,13.57,0.9930770205194217,0.295027
2026-03-08,1772930400,-6,down,0.66999996,14.925374,0.9999999999998613,-0.68547696
2026-03-08,1772931000,-3,up,0.89,8.0,0.997220125831144,0.103147015
2026-03-08,1772931600,-6,down,0.94,4.94,0.997150096348208,0.056052003
2026-03-08,1772932200,-6,up,0.38,8.05,0.5953415632740996,-0.396492
2026-03-08,1772933100,-6,down,0.7,14.285714,0.9954271877263632,0.28530002
2026-03-08,1772937300,-6,down,0.32999998,27.96,0.46140882642662884,-0.34547698
2026-03-08,1772938800,-3,down,0.83,12.048193,0.9117065471636969,-0.839877
2026-03-08,1772939100,-5,up,0.94,10.638298,0.9944398702300596,-0.943948
2026-03-08,1772940300,-6,down,0.9,11.111112,0.999999995534776,0.09370002
2026-03-08,1772940600,-6,down,0.81,12.345679,0.999769627123559,-0.820773
2026-03-08,1772941500,-6,up,0.53,10.42,1.0,0.45256302
2026-03-08,1772941800,-6,up,0.64,15.625,0.9999998858049901,0.343872
2026-03-08,1772942100,-5,up,0.4,11.58,0.5011192398098189,-0.41680002
2026-03-08,1772942700,-6,up,0.65,15.384616,0.806802904646609,0.33407503
2026-03-08,1772943000,-6,down,0.37,5.0,0.7031897300844172,0.613683
2026-03-08,1772943900,-6,down,0.90999997,10.989012,0.999097668096874,0.084267035
2026-03-08,1772944200,-6,up,0.54,18.518518,0.9917826923304801,-0.557388
2026-03-08,1772944500,-6,down,0.78,10.64,0.9686065078460788,0.20798802
2026-03-08,1772944800,-6,down,0.62,10.05,1.0,0.363508
2026-03-08,1772945700,-6,up,0.49,20.408163,0.9963345106849685,0.49250698
2026-03-08,1772948700,-6,up,0.77,12.987013,0.9999999999999994,0.21760301
2026-03-08,1772949000,-6,down,0.89,11.235955,0.9966364781365378,-0.89685297
2026-03-08,1772951400,-6,up,0.89,11.235955,1.0,-0.89685297
2026-03-08,1772952000,-6,down,0.85,11.764706,0.9902756259323054,0.14107499
2026-03-08,1772952600,-5,up,0.94,10.638298,0.9999233403455624,0.056052003
2026-03-08,1772952900,-6,up,0.87,11.494253,0.9921971498563911,0.12208299
2026-03-08,1772955000,-4,down,0.65999997,15.151516,0.9833906685393967,-0.67570794
2026-03-08,1772955300,-6,down,0.83,12.048193,0.9397314482833192,0.16012302
2026-03-08,1772955600,-6,down,0.92,10.05,0.9999998291169561,0.07484798
2026-03-08,1772956200,-6,up,0.58,17.24138,0.9852046090020657,0.40294802
2026-03-08,1772956500,-6,up,0.9,11.111112,0.9999999999953234,0.09370002
2026-03-08,1772956800,-6,down,0.39,25.641027,0.7654886213562448,0.593347
2026-03-08,1772957700,-6,up,0.93,10.752688,0.9999625694911798,0.065442994
2026-03-08,1772958000,-5,up,0.92,10.869565,0.997855585935825,0.07484798
2026-03-08,1772958300,-6,down,0.94,5.0,1.0,0.056052003
2026-03-08,1772960100,-6,up,0.8,3.0,0.8884948309280745,0.18879999
2026-03-08,1772961300,-6,up,0.66,15.151515,0.9863986318916811,0.32429197
2026-03-08,1772961600,-6,up,0.44,22.727272,0.9996556609520848,-0.457248
2026-03-08,1772962500,-4,down,0.82,3.78,0.9620198754336794,0.169668
2026-03-08,1772962800,-5,down,0.58000004,17.241379,0.8987202626517157,0.40294796
2026-03-08,1772963700,-6,up,0.85,10.05,1.0,-0.85892504
2026-03-08,1772964300,-6,down,0.53999996,18.51852,0.9963534570719854,-0.55738795
2026-03-08,1772965800,-4,down,0.61,5.0,0.9099621886681893,-0.626653
2026-03-08,1772966400,-6,down,0.65999997,15.151516,0.9999999999947359,-0.67570794
2026-03-08,1772967300,-5,down,0.87,11.494253,0.9892611152032244,0.12208299
2026-03-08,1772968200,-6,up,0.37,27.027027,0.4424291030840362,0.613683
2026-03-08,1772973300,-6,up,0.84,11.904762,0.977748805312609,0.15059203
2026-03-08,1772977200,-6,up,0.55,18.181818,0.9999956995139895,0.432675
2026-03-08,1772979000,-6,down,0.45999998,13.05,0.7179352156720646,-0.47738796
2026-03-08,1772979600,-6,down,0.53999996,18.51852,0.6542408919651894,-0.55738795
2026-03-08,1772980200,-6,up,0.62,16.129032,0.989683418954937,-0.636492
2026-03-08,1772980500,-6,up,0.48,5.34,0.9974233892287945,0.50252795
2026-03-08,1772981100,-6,up,0.81,12.345679,0.9999936602538037,0.179227
2026-03-08,1772982000,-6,down,0.9,2.31,0.9987517416216715,-0.90629995
2026-03-08,1772982600,-6,down,0.65999997,15.151516,0.9999829671351312,-0.67570794
2026-03-08,1772982900,-6,down,0.79,8.0,0.9998248800493503,0.19838698
2026-03-08,1772984100,-6,up,0.89,11.235955,0.9999994013568573,0.103147015
2026-03-08,1772984400,-5,up,0.84,5.0,0.999999999999849,0.15059203
2026-03-08,1772984700,-6,up,0.39,5.23,0.9999906470929317,0.593347
2026-03-08,1772985000,-6,down,0.9,11.111112,0.9991543673019059,-0.90629995
2026-03-08,1772985300,-6,up,0.72,8.65,0.9999999999999882,0.26588798
2026-03-08,1772985600,-5,down,0.52,19.23077,0.7822944319916519,0.46252802
2026-03-08,1772985900,-6,up,0.37,27.027027,0.5526779320586003,0.613683
2026-03-08,1772986200,-4,down,0.90999997,10.989012,1.0,0.084267035
2026-03-08,1772986800,-6,up,0.73,13.698629,0.8637026267267959,0.256203
2026-03-08,1772987700,-6,up,0.59,7.85,0.7459841191995413,0.39306703
2026-03-08,1772988600,-6,down,0.63,15.873016,0.9999999993566359,0.353683
2026-03-08,1772988900,-6,down,0.85,11.764706,0.9842831823922878,0.14107499
2026-03-08,1772989800,-6,down,0.78,12.820514,0.9999999995972777,0.20798802
2026-03-08,1772990400,-6,down,0.88,11.363636,0.9999999997392919,-0.887392
2026-03-08,1772991000,-6,down,0.94,10.0,0.9999998148135938,0.056052003
2026-03-08,1772991600,-6,down,0.6,11.0,0.7412869972566454,0.3832
2026-03-08,1772991900,-6,up,0.57,12.06,0.9999996545895491,0.41284302
2026-03-08,1772992200,-6,down,0.76,6.85,0.9999982004330712,0.22723201
2026-03-08,1772992500,-6,down,0.81,5.0,0.924464898835454,-0.820773
2026-03-08,1772994600,-6,up,0.66,15.151515,0.9999999999993769,-0.67570806
2026-03-08,1772996100,-5,down,0.94,10.638298,0.9999943745087244,0.056052003
2026-03-08,1772997900,-6,down,0.8,12.5,0.8875167277052536,0.18879999
2026-03-08,1772998500,-5,down,0.38,17.2,0.6008337700550876,-0.396492
2026-03-08,1772998800,-5,up,0.5,20.0,0.9833004348211407,0.4825
2026-03-08,1772999100,-6,up,0.93,5.0,0.9999721011606337,0.065442994
2026-03-08,1772999700,-6,up,0.9,11.111112,0.9953225044511879,0.09370002
2026-03-08,1773000300,-6,down,0.81,12.345679,0.9964092113562636,0.179227
2026-03-08,1773001500,-4,down,0.9,11.111112,0.9997947177347646,0.09370002
2026-03-08,1773002700,-6,up,0.31,32.258064,0.999308105112444,-0.32497302
2026-03-08,1773003600,-6,down,0.5,20.0,0.9950725898003681,-0.5175
2026-03-08,1773005400,-6,up,0.69,14.492754,0.9999999953777559,-0.704973
2026-03-08,1773005700,-6,up,0.88,11.0,0.9609045757501887,0.112608
2026-03-08,1773006300,-6,down,0.5,20.0,0.9882081759246729,0.4825
2026-03-08,1773006900,-6,down,0.85,11.764706,0.9999522257698613,-0.85892504
2026-03-08,1773007800,-5,up,0.89,5.0,0.9890020889305158,0.103147015
2026-03-08,1773009600,-6,up,0.9,11.111112,0.9798191937819336,0.09370002
2026-03-08,1773013500,-6,up,0.86,11.627907,0.9508463379411816,0.131572
2026-03-09,1773017400,-6,down,0.93,10.752688,0.9979471374229042,0.065442994
2026-03-09,1773018300,-5,down,0.81,12.345679,0.9093516073639585,0.179227
2026-03-09,1773018900,-6,down,0.88,9.53,0.9496226109044639,0.112608
2026-03-09,1773021600,-4,down,0.87,11.494253,0.9762630278585821,0.12208299
2026-03-09,1773023100,-5,down,0.90999997,10.989012,0.9979875275780942,0.084267035
2026-03-09,1773029100,-6,down,0.92,10.869565,0.9958128617416675,0.07484798
2026-03-09,1773030900,-6,down,0.69,14.492754,0.9430787828117394,-0.704973
2026-03-09,1773031200,-6,down,0.88,11.363636,0.9657643903740603,0.112608
2026-03-09,1773032700,-6,down,0.85,11.764706,0.9967909286586344,0.14107499
2026-03-09,1773036600,-6,down,0.81,12.345679,0.8999832464752869,0.179227
2026-03-09,1773037800,-6,down,0.93,10.752688,0.9999928695271334,0.065442994
2026-03-09,1773038700,-5,down,0.68,14.705882,0.861152490280334,0.304768
2026-03-09,1773043200,-6,down,0.8,12.5,0.9994982039172831,0.18879999
2026-03-09,1773046800,-6,down,0.90999997,0.05,0.9999999084429958,0.084267035
2026-03-09,1773047700,-6,down,0.78,12.820514,0.8949027262429308,0.20798802
2026-03-09,1773050700,-5,down,0.83,12.048193,0.9072349806108322,0.16012302
2026-03-09,1773053100,-3,up,0.35,14.0,0.4701321766811813,-0.36592498
2026-03-09,1773064800,-5,up,0.94,10.638298,0.9997955547758938,0.056052003
2026-03-09,1773066300,-6,up,0.55,8.0,0.9144908431943268,0.432675
2026-03-09,1773077400,-6,up,0.41,24.390244,0.5436450320471212,-0.426933
2026-03-09,1773078900,-5,down,0.8,12.5,0.9999144650105949,0.18879999
2026-03-09,1773083100,-5,up,0.85,11.764706,0.9998642590116771,0.14107499
2026-03-09,1773086100,-6,up,0.37,27.027027,0.6159083821018817,0.613683
2026-03-09,1773087900,-4,up,0.82,12.195122,0.9961352048303408,0.169668
2026-03-09,1773088500,-5,down,0.6,5.0,0.7440057731599667,0.3832
2026-03-09,1773090600,-6,down,0.56,17.857143,0.7385878791686774,0.422752
2026-03-09,1773091500,-5,down,0.85,11.764706,0.997685708113569,0.14107499
2026-03-09,1773092400,-6,up,0.52,0.49,0.9601586914187152,0.46252802
2026-03-09,1773092700,-6,up,0.76,2.51,0.9562077391534622,0.22723201
2026-03-09,1773093300,-6,up,0.65,15.05,0.9926057517830346,-0.66592497
2026-03-09,1773094800,-6,up,0.59,5.0,1.0,0.39306703
2026-03-09,1773095400,-6,down,0.44,17.72,0.6574215707488066,-0.457248
2026-03-09,1773096300,-6,down,0.61,5.44,0.8744997757967143,0.37334698
2026-03-09,1773097200,-6,down,0.62,16.129032,0.9980181060311434,0.363508
2026-03-09,1773098400,-6,up,0.93,10.752688,0.9998365451169331,0.065442994
2026-03-09,1773099000,-6,down,0.93,10.752688,0.9868160896198253,0.065442994
2026-03-09,1773099300,-6,down,0.87,11.494253,0.9946857653760786,0.12208299
2026-03-09,1773100500,-6,down,0.9,11.111112,0.9747612369146387,0.09370002
2026-03-10,1773106200,-6,up,0.94,10.638298,0.9999074767840324,-0.943948
2026-03-10,1773107100,-4,up,0.6,16.666666,1.0,0.3832
2026-03-10,1773107700,-6,up,0.53,1.54,0.9874114270528307,0.45256302
2026-03-10,1773108900,-6,down,0.73,13.698629,0.9999939504993377,-0.743797
2026-03-10,1773112500,-6,down,0.47000003,4.0,0.5686965598339208,0.512563
2026-03-10,1773113700,-6,down,0.63,14.0,0.9973262637790722,0.353683
2026-03-10,1773115500,-3,up,0.51,19.607843,0.5968175792779382,0.472507
2026-03-10,1773116700,-6,up,0.81,5.55,0.9999999946293485,0.179227
2026-03-10,1773117600,-6,up,0.51,19.607843,0.8142244408005577,-0.527493
2026-03-10,1773119400,-6,down,0.62,16.129032,0.8575465585398061,0.363508
2026-03-10,1773122700,-6,up,0.81,12.345679,0.9983636099214785,0.179227
2026-03-10,1773124500,-6,down,0.78,6.0,0.9999998477437498,-0.792012
2026-03-10,1773125700,-5,up,0.7,14.285714,0.9999756524649245,0.28530002
2026-03-10,1773128100,-6,up,0.54,18.518518,0.808586214094214,-0.557388
2026-03-10,1773128400,-3,up,0.39,25.641027,0.5361358397861173,-0.406653
2026-03-10,1773129000,-6,down,0.87,11.494253,0.9998869449669017,0.12208299
2026-03-10,1773129300,-6,down,0.33999997,29.411766,0.9028173039510663,-0.35570797
2026-03-10,1773130200,-2,down,0.89,11.235955,0.9588091166000599,0.103147015
2026-03-10,1773130800,-6,up,0.61,16.393442,0.9799762046271362,0.37334698
2026-03-10,1773132900,-5,down,0.77,12.987013,0.9974615816304635,0.21760301
2026-03-10,1773133500,-5,down,0.8,12.5,0.9559373779955942,0.18879999
2026-03-10,1773136500,-3,down,0.31,32.258064,0.5604559737736036,0.675027
2026-03-10,1773138300,-6,up,0.72,13.888888,0.9566944433342384,0.26588798
2026-03-10,1773139200,-6,up,0.91,6.0,0.9999782313113638,0.084266976
2026-03-10,1773140400,-4,up,0.79,12.658228,0.9876098478889157,0.19838698
2026-03-10,1773142200,-6,down,0.68,14.705882,0.9999999487350387,-0.69523203
2026-03-10,1773143100,-6,up,0.42,13.61,0.9980782904372812,0.56294805
2026-03-10,1773143400,-6,up,0.73,13.698629,0.9991570065469554,-0.743797
2026-03-10,1773143700,-6,down,0.92,10.869565,0.9964856800833038,0.07484798
2026-03-10,1773145200,-5,down,0.31,25.0,0.43669149035493227,-0.32497302
2026-03-10,1773146400,-6,up,0.42,5.71,0.6582089340455739,-0.43705198
2026-03-10,1773148200,-6,down,0.38,14.86,0.7957030307796431,-0.396492
2026-03-10,1773149100,-6,down,0.85,11.764706,0.9998219026969621,-0.85892504
2026-03-10,1773155400,-5,up,0.9,11.111112,0.9764520716271493,0.09370002
2026-03-10,1773155700,-6,up,0.58,8.5,0.6529508617376043,0.40294802
2026-03-10,1773156600,-6,down,0.89,11.235955,0.9995381144252642,0.103147015
2026-03-10,1773157200,-4,down,0.39999998,25.000002,0.5103371364543747,0.58320004
2026-03-10,1773159000,-5,down,0.69,14.492754,0.9255438443629677,-0.704973
2026-03-10,1773162900,-6,up,0.49,20.408163,0.6233584153681518,-0.507493
2026-03-10,1773163200,-6,up,0.78,7.76,0.9997509644144592,-0.792012
2026-03-10,1773163800,-6,up,0.77,12.987013,0.9997936050995881,0.21760301
2026-03-10,1773165600,-6,down,0.65,8.53,0.8831584440104546,0.33407503
2026-03-10,1773166500,-4,down,0.79,12.658228,0.9999999913023299,0.19838698
2026-03-10,1773167100,-6,down,0.55,12.39,0.8383835812681908,0.432675
2026-03-10,1773168000,-6,down,0.9,11.111112,0.9998371992498002,0.09370002
2026-03-10,1773169200,-5,down,0.63,15.873016,0.7848317816807082,0.353683
2026-03-10,1773172200,-6,up,0.67,14.925373,0.9999999277030167,0.31452298
2026-03-10,1773173400,-6,up,0.32,31.25,0.5744540422775267,0.664768
2026-03-10,1773173700,-3,up,0.7,14.285714,0.7744360925963827,0.28530002
2026-03-10,1773174300,-6,up,0.92,8.63,0.9999999999777904,0.07484798
2026-03-10,1773174600,-6,down,0.48000002,10.05,0.9732039739141111,-0.49747202
2026-03-10,1773175200,-6,down,0.84000003,5.05,0.9916394827890005,-0.84940803
2026-03-10,1773175500,-6,down,0.6,16.666666,0.9999919099928612,-0.6168
2026-03-10,1773175800,-6,down,0.88,11.363636,0.9999999999998328,0.112608
2026-03-10,1773176100,-6,down,0.53999996,18.51852,0.9970950239854637,0.44261205
2026-03-10,1773176400,-6,up,0.91,10.989011,1.0,0.084266976
2026-03-10,1773176700,-6,up,0.79,12.658228,0.8972282676921892,0.19838698
2026-03-10,1773177300,-6,down,0.86,11.627907,0.9999999595544272,0.131572
2026-03-10,1773180000,-6,up,0.46,21.73913,0.8584153775391403,-0.477388
2026-03-10,1773182400,-5,down,0.62,6.03,0.8299732552522254,0.363508
2026-03-10,1773183000,-6,down,0.6,16.666666,0.8330341305484346,0.3832
2026-03-10,1773183300,-6,down,0.69,14.492754,0.9992256287396889,0.295027
2026-03-10,1773184200,-6,up,0.66,15.151515,0.9815254855160377,0.32429197
2026-03-10,1773184500,-6,up,0.45,6.12,0.9999998804585453,-0.467325
2026-03-10,1773184800,-5,up,0.77,12.987013,0.9926523431192037,0.21760301
2026-03-10,1773185100,-6,down,0.31,32.258064,0.9761141941937538,-0.32497302
2026-03-10,1773185400,-6,up,0.5,14.0,0.9997173094524012,0.4825
2026-03-10,1773186000,-6,up,0.64,15.625,0.9778323296740696,0.343872
2026-03-11,1773188100,-6,down,0.69,14.492754,0.9372968766897718,0.295027
2026-03-11,1773188400,-6,up,0.91,5.0,0.9991934727976373,0.084266976
2026-03-11,1773191100,-6,up,0.9,11.111112,0.9987472108518253,0.09370002
2026-03-11,1773191400,-5,down,0.89,11.235955,0.9808031028007876,0.103147015
2026-03-11,1773194400,-6,up,0.72,10.0,0.9898778556109576,-0.734112
2026-03-11,1773194700,-6,up,0.47,21.276596,0.8668386842803173,0.512563
2026-03-11,1773195300,-5,down,0.88,11.363636,0.9898355205178991,0.112608
2026-03-11,1773195900,-5,down,0.90999997,10.989012,0.9999999990822547,0.084267035
2026-03-11,1773197100,-6,up,0.92,10.869565,0.9991191195697903,0.07484798
2026-03-11,1773197700,-6,up,0.89,11.235955,0.9899483760387296,0.103147015
2026-03-11,1773198300,-6,down,0.90999997,10.989012,0.9975473892486093,-0.915733
2026-03-11,1773199500,-6,up,0.51,8.22,0.9698134188925579,0.472507
2026-03-11,1773200100,-5,up,0.62,5.0,0.9208685804757242,0.363508
2026-03-11,1773200400,-6,down,0.93,10.752688,0.9999999999999309,0.065442994
2026-03-11,1773201600,-6,up,0.41,7.38,0.7154505234492944,-0.426933
2026-03-11,1773201900,-6,down,0.79,7.38,0.9999999992615797,0.19838698
2026-03-11,1773203400,-6,up,0.86,11.627907,0.9696263345770001,0.131572
2026-03-11,1773203700,-6,down,0.92,10.869565,0.9999999999989224,0.07484798
2026-03-11,1773205200,-2,up,0.37,27.027027,0.616433370655695,-0.386317
2026-03-11,1773205800,-6,up,0.85,7.2,0.9999519299734996,0.14107499
2026-03-11,1773206400,-3,down,0.32,5.0,0.4050829389474,-0.335232
2026-03-11,1773206700,-6,down,0.77,12.987013,0.9273587037540926,0.21760301
2026-03-11,1773207000,-5,down,0.79,12.658228,0.9983102558078946,0.19838698
2026-03-11,1773207900,-6,up,0.78,10.05,0.9970675212898008,0.20798802
2026-03-11,1773208200,-6,up,0.61,16.393442,0.9995905772443232,0.37334698
2026-03-11,1773210900,-4,down,0.87,11.494253,0.944870344288433,0.12208299
2026-03-11,1773212100,-6,up,0.85,11.764706,0.9519815371629421,0.14107499
2026-03-11,1773213300,-6,down,0.93,10.752688,0.9999999999480857,0.065442994
2026-03-11,1773213600,-6,down,0.6,16.666666,0.9970106583330475,0.3832
2026-03-11,1773214800,-5,down,0.85,10.0,0.9970429150554629,0.14107499
2026-03-11,1773215400,-6,down,0.43,23.255814,0.6620278917895205,-0.447157
2026-03-11,1773215700,-3,up,0.46,5.0,0.9744948747557919,0.522612
2026-03-11,1773216600,-4,down,0.92,10.869565,0.9806602382104465,0.07484798
2026-03-11,1773216900,-6,down,0.77,10.05,0.999977290466375,0.21760301
2026-03-11,1773220800,-6,up,0.67,14.925373,0.993655727952275,0.31452298
2026-03-11,1773221100,-6,down,0.79,12.658228,1.0,0.19838698
2026-03-11,1773221400,-3,up,0.59,16.949154,0.6590220981416988,-0.606933
2026-03-11,1773223500,-6,down,0.68,12.38,0.8903334212075692,0.304768
2026-03-11,1773223800,-6,down,0.62,16.129032,0.9998182922487576,-0.636492
2026-03-11,1773224400,-6,down,0.7,14.285714,0.9999999999999881,0.28530002
2026-03-11,1773225300,-6,up,0.54,18.518518,0.9999995120522285,0.442612
2026-03-11,1773226200,-5,down,0.85,11.764706,0.9611920898025135,-0.85892504
2026-03-11,1773226800,-5,up,0.78,12.820514,0.8961877302932322,0.20798802
2026-03-11,1773227100,-6,up,0.59,8.0,0.9996294716617957,0.39306703
2026-03-11,1773228900,-6,down,0.89,11.235955,0.999999999999825,0.103147015
2026-03-11,1773229500,-6,down,0.87,7.7,0.9829673960513157,0.12208299
2026-03-11,1773233700,-6,down,0.31,1.68,0.8451665375984356,-0.32497302
2026-03-11,1773238200,-6,up,0.67,10.0,0.7630590766628054,0.31452298
2026-03-11,1773246000,-6,up,0.69,14.492754,0.7757132601932186,0.295027
2026-03-11,1773248700,-5,down,0.93,10.752688,0.9868601166890134,0.065442994
2026-03-11,1773251100,-6,up,0.65,15.384616,0.8279263504444929,0.33407503
2026-03-11,1773251700,-6,up,0.85,11.764706,0.9951451533048283,0.14107499
2026-03-11,1773256200,-6,up,0.79,12.658228,0.898559495531776,0.19838698
2026-03-11,1773258000,-4,up,0.91,10.989011,0.9658909692838257,0.084266976
2026-03-11,1773260700,-6,down,0.69,14.492754,0.8349837107743061,0.295027
2026-03-11,1773261300,-6,up,0.5,20.0,0.6126205215146945,-0.5175
2026-03-11,1773263700,-3,up,0.49,20.408163,0.9999156006682111,-0.507493
2026-03-11,1773264900,-6,up,0.53,18.867926,0.9999109128616125,-0.54743695
2026-03-11,1773266100,-6,down,0.8,12.5,0.8675445865897786,0.18879999
2026-03-11,1773266400,-6,up,0.62,16.129032,0.9999993117201589,-0.636492
2026-03-11,1773266700,-6,down,0.9,11.111112,1.0,0.09370002
2026-03-11,1773268500,-6,down,0.71000004,14.084506,0.989188869465009,0.27558696
2026-03-11,1773268800,-6,up,0.86,11.627907,0.999997100125555,-0.868428
2026-03-11,1773269100,-6,up,0.94,10.638298,0.9999999984231286,0.056052003
2026-03-11,1773271200,-6,down,0.35000002,20.3,0.956780789753852,-0.365925
2026-03-11,1773272700,-3,down,0.83,0.42,0.9998025365827742,0.16012302
2026-03-11,1773273300,-6,down,0.9,11.111112,0.9997485174242066,0.09370002
2026-03-12,1773273600,-6,up,0.38,24.0,0.6505316131595247,-0.396492
2026-03-12,1773274200,-6,down,0.93,6.9,0.9969255080552397,0.065442994
2026-03-12,1773276000,-6,down,0.48000002,20.833332,0.999999999971114,0.50252795
2026-03-12,1773276600,-6,down,0.94,10.638298,0.9999999999999408,0.056052003
2026-03-12,1773277500,-6,down,0.49,20.408163,0.5933111426749431,-0.507493
2026-03-12,1773281100,-6,up,0.65,15.384616,0.7926567321426685,0.33407503
2026-03-12,1773282600,-5,up,0.39,19.3,0.9172958951006003,0.593347
2026-03-12,1773284700,-6,up,0.93,10.752688,0.9998174173909747,0.065442994
2026-03-12,1773286500,-6,down,0.9,5.9,0.9994408842510709,0.09370002
2026-03-12,1773286800,-5,up,0.84,10.0,0.963608306581856,0.15059203
2026-03-12,1773289800,-5,down,0.93,10.752688,0.999999999999974,0.065442994
2026-03-12,1773290100,-2,up,0.34,15.15,0.8382433219283743,0.644292
2026-03-12,1773290700,-6,up,0.7,4.1,0.8524536368550335,0.28530002
2026-03-12,1773293100,-3,down,0.72,10.02,0.9675570706858284,0.26588798
2026-03-12,1773295500,-6,down,0.94,5.0,0.9972457254406404,0.056052003
2026-03-12,1773296100,-5,up,0.44,11.92,0.5185685440520842,-0.457248
2026-03-12,1773296400,-6,up,0.51,19.607843,0.9180062110876969,-0.527493
2026-03-12,1773298200,-4,up,0.86,11.627907,0.9597988609970666,0.131572
2026-03-12,1773300900,-6,down,0.81,9.74,0.9999812874535862,0.179227
2026-03-12,1773301200,-6,up,0.64,15.625,0.9998904433939391,-0.656128
2026-03-12,1773301800,-6,down,0.72,8.26,0.9999467655997932,0.26588798
2026-03-12,1773304800,-6,down,0.9,11.111112,0.9998007631157126,-0.90629995
2026-03-12,1773306600,-6,down,0.39,25.641027,0.9999914448921843,0.593347
2026-03-12,1773307500,-6,up,0.62,16.129032,0.9970388965104635,0.363508
2026-03-12,1773313200,-5,up,0.89,11.235955,0.9916580411167655,0.103147015
2026-03-12,1773316500,-6,down,0.32999998,25.0,0.7396195731058075,-0.34547698
2026-03-12,1773318900,-6,down,0.52,0.76,0.8319311041171926,0.46252802
2026-03-12,1773321000,-6,down,0.79,12.658228,0.8608713797823804,0.19838698
2026-03-12,1773322200,-4,up,0.94,10.638298,1.0,0.056052003
2026-03-12,1773324300,-5,up,0.86,6.0,0.9508341864974639,0.131572
2026-03-12,1773326400,-5,down,0.55,18.181818,0.9316649925503674,-0.567325
2026-03-12,1773330300,-5,up,0.69,14.492754,0.8237822295860578,-0.704973
2026-03-12,1773330600,-6,down,0.41000003,24.390242,0.9004153838612612,0.57306695
2026-03-12,1773332400,-6,down,0.658,15.197569,0.8216516187107192,-0.6737525
2026-03-12,1773336600,-6,down,0.5,5.0,0.8806961113200422,-0.5175
2026-03-12,1773339900,-3,up,0.62,16.129032,0.9112372625742059,0.363508
2026-03-12,1773342600,-4,up,0.82,12.195122,0.9748916122601464,0.169668
2026-03-12,1773343200,-6,up,0.76,13.01,0.9448453014632732,0.22723201
2026-03-12,1773344100,-6,down,0.76,13.157895,0.8483882526018156,0.22723201
2026-03-12,1773345300,-6,down,0.63,15.873016,0.9998436171782813,0.353683
2026-03-12,1773348900,-6,down,0.31,20.0,0.5911482631232343,-0.32497302
2026-03-12,1773352200,-4,up,0.46,7.43,0.5461325261801301,0.522612
2026-03-12,1773353400,-5,down,0.52,19.23077,0.6486649769592936,-0.537472
2026-03-12,1773354000,-6,up,0.91,10.989011,0.9999998335539205,0.084266976
2026-03-12,1773354900,-6,up,0.9,11.111112,0.9997096229032528,0.09370002
2026-03-12,1773355200,-6,down,0.94,10.638298,0.9999735410576787,0.056052003
2026-03-12,1773355800,-6,up,0.64,2.5,0.8273301249032012,0.343872
2026-03-12,1773356700,-4,up,0.89,11.235955,0.9991520961751734,0.103147015
2026-03-12,1773358200,-6,up,0.86,11.627907,0.9987190012273395,0.131572
2026-03-12,1773358500,-6,down,0.39,5.0,0.7076705693657495,0.593347
2026-03-12,1773358800,-6,up,0.92,10.869565,0.9999999962246691,0.07484798
2026-03-12,1773359100,-6,down,0.92,10.869565,0.9999999999999942,0.07484798
2026-03-12,1773359400,-6,down,0.89,5.0,0.9999999999910407,0.103147015
2026-03-12,1773359700,-6,down,0.33999997,29.411766,0.9458797085729371,-0.35570797
2026-03-13,1773363000,-6,down,0.94,9.29,0.999979717339621,0.056052003
2026-03-13,1773366300,-6,down,0.51,19.607843,0.9837951667813698,0.472507
2026-03-13,1773366900,-6,up,0.54,8.11,0.9311989009519585,0.442612
2026-03-13,1773367800,-4,down,0.92,10.869565,0.9974978349788247,0.07484798
2026-03-13,1773368100,-5,up,0.89,11.235955,0.9998590316972628,0.103147015
2026-03-13,1773368700,-6,down,0.92,10.869565,0.9998321248892423,0.07484798
2026-03-13,1773373500,-6,up,0.54,5.0,0.8743056657514408,-0.557388
2026-03-13,1773375600,-6,down,0.45999998,21.739132,0.7491438254275836,-0.47738796
2026-03-13,1773379200,-6,down,0.9,11.111112,0.9999444239683831,0.09370002
2026-03-13,1773380100,-6,up,0.59,10.0,0.9443779819721005,-0.606933
2026-03-13,1773381000,-5,up,0.9,11.111112,0.9961142150235399,0.09370002
2026-03-13,1773381300,-6,up,0.71,14.084508,0.999999403222826,0.27558702
2026-03-13,1773382500,-6,up,0.46,21.73913,0.7005138387264875,-0.477388
2026-03-13,1773382800,-6,down,0.85,11.764706,0.9988024328950401,-0.85892504
2026-03-13,1773383700,-6,up,0.59,16.949154,0.9999352184110007,0.39306703
2026-03-13,1773384300,-5,down,0.78,12.820514,0.8947660436786051,0.20798802
2026-03-13,1773385500,-6,up,0.94,10.638298,0.9999999389742307,0.056052003
2026-03-13,1773386400,-6,up,0.9,11.111112,0.9902953243545279,0.09370002
2026-03-13,1773386700,-6,up,0.89,11.235955,0.9999999591793874,0.103147015
2026-03-13,1773387900,-6,down,0.8,12.5,1.0,-0.8112
2026-03-13,1773388200,-6,down,0.71000004,14.084506,0.9999971061116456,0.27558696
2026-03-13,1773389400,-6,up,0.83,12.048193,0.9961884425858354,0.16012302
2026-03-13,1773390000,-6,up,0.5,11.11,0.9837213549382556,0.4825
2026-03-13,1773391800,-6,down,0.41000003,24.390242,0.9999996869538208,0.57306695
2026-03-13,1773392100,-6,down,0.82,12.195122,1.0,0.169668
2026-03-13,1773392400,-5,down,0.52,19.23077,0.7856597652128827,-0.537472
2026-03-13,1773392700,-6,down,0.65999997,8.0,0.9950917406911065,0.32429203
2026-03-13,1773395400,-6,up,0.6,6.0,0.7771009182938322,0.3832
2026-03-13,1773395700,-6,up,0.36,1.43,0.9999999999998992,-0.37612802
2026-03-13,1773399300,-6,up,0.94,10.638298,0.9999836838112789,0.056052003
2026-03-13,1773402000,-6,up,0.48,20.833334,0.9999999999998322,0.50252795
2026-03-13,1773403500,-5,down,0.35000002,12.22,0.5596107154121869,-0.365925
2026-03-13,1773404700,-6,down,0.9,11.111112,0.9986890092914003,0.09370002
2026-03-13,1773405000,-6,up,0.31,32.258064,0.46766057574035824,-0.32497302
2026-03-13,1773405300,-6,up,0.85,7.66,0.9716253167131378,0.14107499
2026-03-13,1773414000,-3,down,0.90999997,10.989012,0.9897339273644069,0.084267035
2026-03-13,1773417900,-6,down,0.5,20.0,0.8063578471098984,-0.5175
2026-03-13,1773418200,-4,up,0.86,11.627907,0.9754591516407156,0.131572
2026-03-13,1773422100,-3,down,0.78,12.820514,0.9879637357799674,0.20798802
2026-03-13,1773426900,-6,down,0.87,11.494253,0.9667743763506819,-0.877917
2026-03-13,1773427200,-6,down,0.92,3.0,0.9982533135910528,0.07484798
2026-03-13,1773428400,-6,down,0.86,11.627907,0.9612841721520912,0.131572
2026-03-13,1773429300,-5,down,0.79,12.658228,0.8910869300441067,0.19838698
2026-03-13,1773432000,-6,down,0.68,14.705882,0.9923254531116285,0.304768
2026-03-13,1773433200,-6,down,0.93,10.752688,0.9999980824412663,0.065442994
2026-03-13,1773433800,-6,down,0.73,13.698629,0.9997967908439817,-0.743797
2026-03-13,1773434100,-6,down,0.45,22.222223,0.7863406818962013,-0.467325
2026-03-13,1773434400,-6,down,0.76,13.157895,0.9998984446721232,-0.772768
2026-03-13,1773435000,-6,up,0.54,18.518518,0.9584084045233201,-0.557388
2026-03-13,1773436800,-6,down,0.45,9.0,0.9999999999961152,0.532675
2026-03-13,1773437400,-6,up,0.41,6.23,0.9923452701524377,0.573067
2026-03-13,1773438000,-6,up,0.71,10.0,0.9970821842648854,0.27558702
2026-03-13,1773440700,-6,up,0.82,12.195122,0.9959462791146196,0.169668
2026-03-13,1773441300,-6,down,0.6,16.666666,0.9999942453079739,0.3832
2026-03-13,1773441600,-4,up,0.92,10.869565,0.9996247559266971,0.07484798
2026-03-13,1773442500,-6,up,0.89,11.235955,0.9480840710266407,0.103147015
2026-03-13,1773443100,-6,up,0.62,16.129032,0.9862519290595932,0.363508
2026-03-13,1773444000,-6,up,0.39,12.2,0.4905447831981267,-0.406653
2026-03-13,1773444300,-3,up,0.59,16.949154,0.8704217939900976,0.39306703
2026-03-13,1773444600,-5,up,0.52,19.23077,0.8323171730882688,0.46252802
2026-03-13,1773444900,-6,down,0.36,15.0,0.4443800958820525,-0.37612802
2026-03-13,1773445500,-5,down,0.77,12.987013,0.8954832806403725,0.21760301
2026-03-13,1773446100,-6,down,0.71000004,5.0,0.9590749438833701,0.27558696
2026-03-14,1773447600,-6,down,0.83,5.0,0.9744956229929653,0.16012302
2026-03-14,1773447900,-6,up,0.82,12.195122,0.9997993461419089,0.169668
2026-03-14,1773448200,-6,down,0.41000003,24.390242,0.9999999997391856,0.57306695
2026-03-14,1773452100,-6,up,0.36,16.66,0.7535903895659807,0.623872
2026-03-14,1773453900,-6,down,0.5,20.0,0.9872084888226107,0.4825
2026-03-14,1773454200,-6,down,0.42000002,4.38,0.8875223621551953,-0.437052
2026-03-14,1773454500,-6,down,0.37,12.68,0.9230686488261168,0.613683
2026-03-14,1773454800,-6,down,0.47000003,21.276594,0.5753597036451154,-0.48743704
2026-03-14,1773455400,-6,up,0.89,11.235955,0.9716488867881298,0.103147015
2026-03-14,1773456000,-4,down,0.93,10.752688,0.9988140110247627,0.065442994
2026-03-14,1773456300,-6,down,0.32999998,30.303032,0.532890088955502,-0.34547698
2026-03-14,1773456600,-4,down,0.89,8.95,0.9668917356156598,0.103147015
2026-03-14,1773456900,-5,down,0.5,19.99,0.9878664023135652,0.4825
2026-03-14,1773457800,-3,up,0.92,10.869565,0.9772722627326024,0.07484798
2026-03-14,1773458100,-4,up,0.41,24.390244,0.5324122307189962,-0.426933
2026-03-14,1773458700,-6,down,0.45,15.0,0.6365693849828405,-0.467325
2026-03-14,1773459300,-5,up,0.67,14.925373,0.7437246487586713,0.31452298
2026-03-14,1773459600,-6,down,0.88,11.363636,0.9589579990967709,0.112608
2026-03-14,1773460200,-3,up,0.7,14.285714,0.8451073620555061,-0.7147
2026-03-14,1773460500,-6,down,0.94,10.638298,1.0,0.056052003
2026-03-14,1773462300,-6,up,0.81,12.345679,0.9999999992614012,0.179227
2026-03-14,1773463200,-5,up,0.78,12.820514,0.9980792753386513,0.20798802
2026-03-14,1773463500,-5,up,0.62,16.129032,0.7953273267581247,0.363508
2026-03-14,1773464400,-6,down,0.68,14.0,0.8817739804774332,0.304768
2026-03-14,1773465000,-6,down,0.89,11.235955,0.9997257417180413,-0.89685297
2026-03-14,1773465900,-6,up,0.74,6.96,0.9713179303190569,0.246532
2026-03-14,1773467700,-6,up,0.89,11.235955,0.9999999610405828,0.103147015
2026-03-14,1773471300,-4,up,0.44,22.727272,0.5454230742410586,0.542752
2026-03-14,1773474300,-5,up,0.49,20.408163,0.997782919121252,-0.507493
2026-03-14,1773474600,-3,down,0.77,12.987013,0.8678954006418709,0.21760301
2026-03-14,1773475200,-6,up,0.93,10.752688,0.9970823420486665,0.065442994
2026-03-14,1773475500,-6,up,0.4,5.0,0.761803560960502,0.58320004
2026-03-14,1773477000,-6,up,0.94,10.638298,0.9958917400166793,0.056052003
2026-03-14,1773478500,-3,down,0.39,5.0,0.9893829020414712,0.593347
2026-03-14,1773479400,-2,up,0.49,20.408163,0.5971965007156504,-0.507493
2026-03-14,1773479700,-2,down,0.94,10.638298,0.9958729096988206,0.056052003
2026-03-14,1773480000,-5,up,0.83,9.0,0.9128246716416821,0.16012302
2026-03-14,1773480300,-5,down,0.79,5.0,0.8904679834049346,0.19838698
2026-03-14,1773480900,-6,up,0.47,5.0,0.9529198017772422,0.512563
2026-03-14,1773481200,-6,down,0.5,2.96,0.991771805459526,-0.5175
2026-03-14,1773482100,-6,up,0.74,5.0,0.9999999996696336,0.246532
2026-03-14,1773482400,-6,up,0.82,6.65,1.0,0.169668
2026-03-14,1773482700,-6,up,0.93,10.752688,0.9964233812318132,0.065442994
2026-03-14,1773483000,-3,up,0.79,5.0,0.995780401179274,0.19838698
2026-03-14,1773483600,-6,down,0.39999998,12.74,0.9990713593504509,0.58320004
2026-03-14,1773483900,-6,up,0.73,13.698629,0.906565216735234,0.256203
2026-03-14,1773484200,-6,down,0.44,22.727272,0.9803557254495469,-0.457248
2026-03-14,1773484500,-6,up,0.65,15.384616,0.8457487114744364,0.33407503
2026-03-14,1773484800,-6,up,0.86,11.627907,1.0,0.131572
2026-03-14,1773486600,-6,down,0.93,10.752688,0.9998721404168259,0.065442994
2026-03-14,1773486900,-6,down,0.64,14.61,0.9991820634390863,0.343872
2026-03-14,1773487200,-6,up,0.63,15.873016,0.7183681557986079,0.353683
2026-03-14,1773487500,-6,down,0.9,11.111112,0.9780004294831693,0.09370002
2026-03-14,1773489000,-6,up,0.65,7.3,0.9997322980659924,0.33407503
2026-03-14,1773489900,-6,down,0.48000002,20.833332,0.9999999999999944,0.50252795
2026-03-14,1773490200,-6,down,0.68,5.0,0.9999999750461186,-0.69523203
2026-03-14,1773490500,-6,down,0.36,5.0,0.9999999999996186,0.623872
2026-03-14,1773491100,-6,down,0.79,12.658228,1.0,0.19838698
2026-03-14,1773491400,-6,down,0.63,15.873016,0.9999999999999949,0.353683
2026-03-14,1773492000,-6,up,0.57,17.54386,0.9999153185237438,-0.587157
2026-03-14,1773492900,-5,up,0.81,12.345679,0.999964224893137,0.179227
2026-03-14,1773493200,-6,down,0.7,14.285714,1.0,-0.7147
2026-03-14,1773493500,-6,down,0.89,11.235955,1.0,0.103147015
2026-03-14,1773493800,-6,up,0.52,19.23077,0.9999998515357538,-0.537472
2026-03-14,1773494700,-6,down,0.48000002,15.97,0.9999999999996381,0.50252795
2026-03-14,1773495000,-6,down,0.69,14.492754,1.0,-0.704973
2026-03-14,1773495600,-6,up,0.43,23.255814,0.9999928271765881,-0.447157
2026-03-14,1773495900,-6,down,0.81,12.345679,0.9999999772447682,0.179227
2026-03-14,1773496200,-6,up,0.69,14.492754,0.9993720120231394,0.295027
2026-03-14,1773496500,-6,up,0.66,2.01,0.9999999998101031,-0.67570806
2026-03-14,1773498600,-6,down,0.8,12.5,1.0,0.18879999
2026-03-14,1773501900,-6,down,0.92,10.869565,0.9999999999999966,0.07484798
2026-03-14,1773502500,-6,up,0.58,12.81,0.9999999999827316,-0.597052
2026-03-14,1773503100,-6,up,0.47,21.276596,0.9959851762354797,-0.487437
2026-03-14,1773503700,-6,up,0.47,21.276596,0.9971388663821558,-0.487437
2026-03-14,1773505200,-6,down,0.8,12.5,0.8717076352829226,-0.8112
2026-03-14,1773506400,-6,down,0.6,16.49,0.9938706972094267,-0.6168
2026-03-14,1773510000,-6,down,0.79,12.658228,0.9379817783927926,-0.80161303
2026-03-14,1773512100,-2,up,0.93,10.752688,1.0,0.065442994
2026-03-14,1773519600,-6,down,0.76,13.157895,0.9919902563116945,0.22723201
2026-03-14,1773523800,-5,up,0.38,19.75,0.9982623483018692,-0.396492
2026-03-14,1773525300,-6,down,0.58000004,1.89,0.7079968575420909,-0.59705204
2026-03-14,1773525600,-6,down,0.53,18.867926,0.9914690360228464,-0.54743695
2026-03-14,1773527400,-6,up,0.38,5.0,0.9999999992725039,0.603508
2026-03-14,1773528900,-6,down,0.89,9.38,0.9999981964616997,0.103147015
2026-03-14,1773531600,-6,down,0.75,13.333333,0.9768341287651507,0.236875
2026-03-15,1773534600,-6,up,0.57,17.54386,0.8411828067733229,-0.587157
2026-03-15,1773535200,-6,down,0.85,11.764706,0.9902905203427469,0.14107499
2026-03-15,1773536400,-5,up,0.38,5.0,0.8746597850431814,0.603508
2026-03-15,1773536700,-6,up,0.94,10.638298,0.9998400167864919,-0.943948
2026-03-15,1773539700,-6,up,0.55,7.63,0.9996240058141498,-0.567325
2026-03-15,1773540600,-6,up,0.52,19.23077,0.987111202970713,0.46252802
2026-03-15,1773544200,-6,up,0.71,14.084508,0.9945988402139877,0.27558702
2026-03-15,1773544800,-4,up,0.63,6.0,0.8257197670045598,0.353683
2026-03-15,1773545700,-5,down,0.39,5.0,0.6607743609239602,-0.406653
2026-03-15,1773546300,-6,up,0.75,4.8,0.9302375017782232,-0.763125
2026-03-15,1773546600,-6,down,0.49,20.408163,0.9997564608137758,-0.507493
2026-03-15,1773547800,-6,up,0.51,5.0,0.9602721219606445,-0.527493
2026-03-15,1773549600,-6,down,0.87,11.494253,0.9996652458392372,-0.877917
2026-03-15,1773551100,-6,down,0.68,12.26,0.7599133863045358,0.304768
2026-03-15,1773552000,-6,up,0.81,12.345679,0.9728299307153814,0.179227
2026-03-15,1773552600,-6,up,0.86,11.627907,0.9526159354384117,-0.868428
2026-03-15,1773555000,-6,down,0.39,25.0,0.72326227925785,0.593347
2026-03-15,1773555300,-6,down,0.82,12.195122,0.9989943949395584,0.169668
2026-03-15,1773555900,-6,down,0.86,11.627907,0.9315944148988997,0.131572
2026-03-15,1773556800,-6,down,0.59000003,16.949152,0.659821423742916,0.39306697
2026-03-15,1773558900,-6,up,0.38,5.0,0.5669343045859233,0.603508
2026-03-15,1773562800,-6,up,0.31,7.0,0.9054350960304481,-0.32497302
2026-03-15,1773567000,-5,up,0.67,5.0,0.794452402692898,0.31452298
2026-03-15,1773568800,-5,down,0.90999997,10.989012,0.9986877234739303,0.084267035
2026-03-15,1773579300,-3,down,0.57,10.0,0.8742652640452442,-0.587157
2026-03-15,1773579600,-5,up,0.81,2.0,0.9999999999997805,0.179227
2026-03-15,1773583200,-6,down,0.51,19.607843,0.9943073867862223,0.472507
2026-03-15,1773583500,-4,up,0.86,11.627907,0.9198184427621734,0.131572
2026-03-15,1773589200,-6,up,0.53,18.867926,0.9597065574091296,0.45256302
2026-03-15,1773591000,-6,down,0.9,11.111112,0.9999999079063016,-0.90629995
2026-03-15,1773591900,-3,up,0.73,3.63,0.9880010034050251,0.256203
2026-03-15,1773593700,-4,up,0.93,10.752688,0.9997210053947723,0.065442994
2026-03-15,1773594600,-6,down,0.68,10.87,0.999318539671726,0.304768
2026-03-15,1773595200,-6,down,0.61,16.393442,0.9999642520098084,-0.626653
2026-03-15,1773602100,-6,down,0.87,11.494253,0.9920434173952178,0.12208299
2026-03-15,1773604200,-5,up,0.88,11.363636,0.9999003247382632,0.112608
2026-03-15,1773606000,-6,down,0.35000002,28.571426,0.6285871310392092,0.634075
2026-03-15,1773607200,-6,down,0.57,17.54386,0.9969831901953076,-0.587157
2026-03-15,1773610800,-5,up,0.83,12.048193,0.9156528772255894,0.16012302
2026-03-15,1773612900,-6,up,0.52,6.71,0.6076760329133213,0.46252802
2026-03-15,1773615900,-6,up,0.34,20.0,0.7039717571788697,-0.355708
2026-03-15,1773618300,-6,down,0.64,10.0,0.7901997033497952,-0.656128
2026-03-16,1773629100,-3,down,0.58000004,17.241379,0.9999999999713864,-0.59705204
2026-03-16,1773634800,-6,up,0.36,6.47,0.5329053150839057,0.623872
2026-03-16,1773637200,-2,down,0.88,11.363636,0.9403855161293326,0.112608
2026-03-16,1773638100,-6,up,0.88,11.363636,0.979767712112308,0.112608
2026-03-16,1773639900,-5,up,0.74,13.513514,0.9154983551199061,0.246532
2026-03-16,1773641400,-6,down,0.9,3.62,0.9805053602840474,0.09370002
2026-03-16,1773642000,-3,up,0.73,10.0,0.9613125785243329,0.256203
2026-03-16,1773642600,-6,up,0.54,2.45,0.72454066963715,0.442612
2026-03-16,1773643200,-5,up,0.41,24.390244,0.7321411041584484,0.573067
2026-03-16,1773643500,-5,down,0.36,27.777777,0.5338368604283575,0.623872
2026-03-16,1773643800,-5,up,0.53,18.867926,0.8470848274155023,-0.54743695
2026-03-16,1773644700,-6,up,0.69,14.492754,0.9999932836826836,0.295027
2026-03-16,1773645000,-6,up,0.73,13.698629,0.953657171027983,-0.743797
2026-03-16,1773646800,-6,up,0.93,3.43,0.989221119939454,0.065442994
2026-03-16,1773647400,-6,up,0.34,29.411764,0.42996317769561365,-0.355708
2026-03-16,1773647700,-6,down,0.77,5.0,0.9925067024591471,0.21760301
2026-03-16,1773648300,-3,up,0.93,5.8,1.0,0.065442994
2026-03-16,1773652800,-6,down,0.58000004,1.94,0.9302403925571652,0.40294796
2026-03-16,1773654600,-6,up,0.35,28.571428,0.8118777597489777,-0.36592498
2026-03-16,1773656100,-6,down,0.57,17.54386,0.9997197865280257,0.41284302
2026-03-16,1773656700,-6,down,0.44,8.5,0.7171645696084623,0.542752
2026-03-16,1773657600,-6,up,0.87,11.494253,1.0,0.12208299
2026-03-16,1773660300,-6,down,0.94,10.638298,0.9999999999998097,0.056052003
2026-03-16,1773661200,-6,up,0.49,10.0,0.8947012022562109,0.49250698
2026-03-16,1773661500,-6,down,0.84000003,11.904761,0.99782514684495,0.15059197
2026-03-16,1773661800,-6,down,0.9,11.111112,1.0,0.09370002
2026-03-16,1773664800,-6,down,0.43,6.9,0.5971009986614149,0.552843
2026-03-16,1773665400,-6,down,0.65,15.384616,0.9404571766967347,-0.66592497
2026-03-16,1773668100,-5,up,0.31,32.258064,0.8967939777930413,0.675027
2026-03-16,1773670800,-5,up,0.7,14.285714,0.7964692558246309,-0.7147
2026-03-16,1773672300,-3,down,0.45999998,21.739132,0.7154185979889086,0.52261204
2026-03-16,1773676800,-5,down,0.32999998,30.0,0.43175746952229965,0.654523
2026-03-16,1773677400,-6,down,0.8,12.5,0.9992812751401925,-0.8112
2026-03-16,1773678300,-6,down,0.45,22.222223,0.6956478966091535,0.532675
2026-03-16,1773678600,-5,up,0.84,11.904762,0.9589750452435654,0.15059203
2026-03-16,1773678900,-5,up,0.82,3.78,0.9681906261635228,0.169668
2026-03-16,1773680400,-6,down,0.32999998,30.303032,0.6534087948290034,-0.34547698
2026-03-16,1773683400,-6,down,0.85,11.764706,0.9983982427259183,-0.85892504
2026-03-16,1773684900,-4,down,0.9,11.111112,0.972188250099762,0.09370002
2026-03-16,1773685200,-6,up,0.59,16.949154,0.9999999999446465,0.39306703
2026-03-16,1773688800,-6,up,0.34,5.0,0.5971112486553315,-0.355708
2026-03-16,1773689100,-6,down,0.32,20.0,0.5887531187289434,-0.335232
2026-03-16,1773689700,-5,up,0.53,18.867926,0.606334274291481,-0.54743695
2026-03-16,1773690000,-5,down,0.9,11.111112,0.9996748274567617,0.09370002
2026-03-16,1773691800,-6,up,0.79,5.0,0.9819112279116308,0.19838698
2026-03-16,1773692100,-4,down,0.93,10.752688,0.9899700801264619,0.065442994
2026-03-16,1773692700,-6,up,0.79,12.658228,0.9999999999848596,-0.80161303
2026-03-16,1773697800,-6,up,0.56,17.857143,0.9716715107609126,-0.577248
2026-03-16,1773699000,-6,up,0.42,17.12,0.6394938863588969,-0.43705198
2026-03-16,1773699900,-6,up,0.85,2.0,0.9981186152935875,0.14107499
2026-03-16,1773700800,-4,down,0.35000002,4.84,0.7156826422363839,-0.365925
2026-03-17,1773708000,-3,up,0.62,16.129032,0.980464387809236,-0.636492
2026-03-17,1773708600,-6,up,0.66,15.151515,0.7716386165771782,0.32429197
2026-03-17,1773710100,-6,up,0.49,20.408163,0.6933888892929829,0.49250698
2026-03-17,1773713400,-6,down,0.64,15.625,0.9628967188323162,0.343872
2026-03-17,1773714000,-6,up,0.62,16.129032,0.7255204672879013,-0.636492
2026-03-17,1773717300,-6,up,0.66,15.151515,0.9995785473841956,0.32429197
2026-03-17,1773720000,-5,up,0.62,15.0,0.9722299602579849,0.363508
2026-03-17,1773722400,-6,up,0.88,11.363636,0.9787900339317397,0.112608
2026-03-17,1773723300,-5,down,0.32999998,29.76,0.9798320229188442,-0.34547698
2026-03-17,1773723600,-6,up,0.57,17.54386,0.9996328430962333,-0.587157
2026-03-17,1773724200,-6,up,0.51,3.5,0.628095642499601,-0.527493
2026-03-17,1773726900,-6,down,0.90999997,10.989012,0.97993394683873,0.084267035
2026-03-17,1773727500,-5,down,0.53,18.867926,0.8315605358655869,-0.54743695
2026-03-17,1773729000,-5,up,0.7,14.285714,0.8732326993761428,0.28530002
2026-03-17,1773732000,-6,up,0.65,15.384616,0.812172163845478,0.33407503
2026-03-17,1773732300,-6,down,0.81,12.345679,0.9999047054930315,0.179227
2026-03-17,1773733200,-6,up,0.87,2.37,0.9999999999756894,0.12208299
2026-03-17,1773736200,-6,down,0.82,8.99,0.9999999996720296,0.169668
2026-03-17,1773741600,-6,down,0.9,7.54,0.9932940558691044,0.09370002
2026-03-17,1773742800,-4,up,0.55,2.42,0.788409487074283,0.432675
2026-03-17,1773743100,-6,up,0.59,16.949154,0.9656664181029473,-0.606933
2026-03-17,1773743400,-6,down,0.7,14.285714,0.9306250622505834,0.28530002
2026-03-17,1773743700,-6,down,0.48000002,20.833332,0.6796983983063896,-0.49747202
2026-03-17,1773744600,-6,up,0.81,3.35,0.9999996370847625,0.179227
2026-03-17,1773746100,-6,down,0.63,15.873016,0.9571775234435442,-0.646317
2026-03-17,1773746400,-6,down,0.49,20.408163,0.9968930738675036,-0.507493
2026-03-17,1773747000,-4,up,0.79,12.658228,0.995926957535294,0.19838698
2026-03-17,1773747600,-2,down,0.83,12.048193,0.9406447665613011,0.16012302
2026-03-17,1773752400,-6,up,0.62,16.129032,0.7046981877230043,0.363508
2026-03-17,1773758700,-2,up,0.35,28.571428,0.6227872036063166,-0.36592498
2026-03-17,1773767100,-4,down,0.89,11.235955,0.9500205420304892,0.103147015
2026-03-17,1773767400,-6,down,0.61,16.393442,0.9996060397119974,-0.626653
2026-03-17,1773767700,-5,up,0.94,4.73,0.9990356390008396,0.056052003
2026-03-17,1773768600,-6,down,0.92,3.0,0.9979329554299433,0.07484798
2026-03-17,1773769200,-6,up,0.79,10.0,0.9317523746389527,0.19838698
2026-03-17,1773769500,-6,up,0.82,10.0,0.9999999999999997,0.169668
2026-03-17,1773769800,-4,down,0.94,10.638298,0.9998920319233601,0.056052003
2026-03-17,1773770100,-6,down,0.51,19.607843,0.9956961659641674,-0.527493
2026-03-17,1773770400,-6,up,0.87,5.0,0.9708028657208653,0.12208299
2026-03-17,1773771000,-6,down,0.94,10.638298,0.9998564857239646,0.056052003
2026-03-17,1773771300,-3,up,0.34,29.411764,0.9976873898383206,0.644292
2026-03-17,1773771900,-6,down,0.89,11.235955,0.9999984471204513,0.103147015
2026-03-17,1773772500,-6,up,0.74,13.513514,0.9999783554542232,0.246532
2026-03-17,1773772800,-6,up,0.91,10.989011,0.9906279778795863,-0.91573304
2026-03-17,1773774600,-6,up,0.47,21.276596,0.9999999999994401,0.512563
2026-03-17,1773774900,-6,up,0.89,8.87,1.0,-0.89685297
2026-03-17,1773777600,-6,down,0.45,22.222223,0.9999683223520723,0.532675
2026-03-17,1773779700,-6,up,0.87,2.42,0.9999404165526986,0.12208299
2026-03-17,1773780300,-6,down,0.58000004,15.0,0.9998293204842748,-0.59705204
2026-03-17,1773780600,-6,down,0.94,10.638298,0.9999999996279151,0.056052003
2026-03-17,1773780900,-4,down,0.8,5.0,0.9995998713271507,0.18879999
2026-03-17,1773781200,-6,up,0.88,11.363636,0.9995397359851974,-0.887392
2026-03-17,1773782400,-6,up,0.85,3.55,0.9936866508438268,0.14107499
2026-03-17,1773784200,-6,down,0.9,1.95,0.9699530582666306,0.09370002
2026-03-17,1773784500,-6,down,0.51,19.607843,0.9795299089586356,0.472507
2026-03-17,1773785400,-6,down,0.32999998,30.303032,1.0,0.654523
2026-03-17,1773785700,-6,down,0.47000003,12.0,1.0,0.512563
2026-03-17,1773786000,-6,down,0.37,27.027027,1.0,0.613683
2026-03-17,1773786300,-6,down,0.47000003,21.276594,1.0,0.512563
2026-03-18,1773792000,-3,up,0.62,5.62,0.7332753582452859,0.363508
2026-03-18,1773792600,-6,up,0.59,16.949154,0.6792234969787982,-0.606933
2026-03-18,1773795000,-5,down,0.89,11.235955,0.9889132947066296,0.103147015
2026-03-18,1773795900,-5,up,0.92,10.869565,0.9814552577974024,0.07484798
2026-03-18,1773797700,-5,up,0.67,14.925373,0.7547728823673745,-0.685477
2026-03-18,1773798000,-6,up,0.5,20.0,0.9999999999956227,-0.5175
2026-03-18,1773798300,-6,up,0.74,2.81,0.9968699636669838,0.246532
2026-03-18,1773798900,-6,up,0.79,5.0,0.9999999999900723,0.19838698
2026-03-18,1773799200,-6,up,0.34,12.56,0.797837302488136,-0.355708
2026-03-18,1773800100,-6,up,0.63,15.873016,0.8176645787872237,-0.646317
2026-03-18,1773800700,-5,up,0.49,20.408163,0.6237882129418657,-0.507493
2026-03-18,1773801300,-6,up,0.35,28.571428,0.9999999999998198,-0.36592498
2026-03-18,1773803400,-6,down,0.89,11.235955,0.9495508040437411,0.103147015
2026-03-18,1773805200,-6,down,0.31,28.0,0.7267510022850248,-0.32497302
2026-03-18,1773805500,-5,down,0.38,5.0,0.9999999999927831,0.603508
2026-03-18,1773805800,-6,down,0.66999996,4.0,0.9992626809947099,0.31452304
2026-03-18,1773806400,-6,down,0.42000002,15.0,0.5023416685585672,-0.437052
2026-03-18,1773809400,-6,down,0.68,12.36,0.999480109007289,0.304768
2026-03-18,1773809700,-6,down,0.82,7.39,0.9999526539974103,0.169668
2026-03-18,1773810000,-5,down,0.35000002,28.571426,0.7385063412884754,-0.365925
2026-03-18,1773811800,-4,down,0.89,11.235955,0.9907247913243485,0.103147015
2026-03-18,1773812700,-6,up,0.88,11.363636,0.9999999974557893,-0.887392
2026-03-18,1773813900,-6,up,0.74,13.513514,1.0,0.246532
2026-03-18,1773814200,-6,up,0.86,11.627907,0.9999999999995398,0.131572
2026-03-18,1773814500,-6,down,0.45999998,21.739132,0.9999993214285052,-0.47738796
2026-03-18,1773815400,-6,down,0.86,11.627907,0.9402099725960095,0.131572
2026-03-18,1773816000,-6,down,0.51,5.0,0.9999971446985659,0.472507
2026-03-18,1773816300,-6,down,0.89,11.235955,0.9897362573552998,0.103147015
2026-03-18,1773817200,-6,down,0.74,13.513514,0.9784999370174147,0.246532
2026-03-18,1773818400,-4,up,0.85,7.0,0.9966996395085878,0.14107499
2026-03-18,1773820500,-6,down,0.90999997,10.989012,1.0,0.084267035
2026-03-18,1773821100,-4,down,0.90999997,10.989012,0.9757094490338396,0.084267035
2026-03-18,1773821700,-6,up,0.88,3.37,0.9775958814411344,-0.887392
2026-03-18,1773822300,-6,down,0.82,12.195122,1.0,0.169668
2026-03-18,1773822600,-5,up,0.76,13.157895,0.9972590900743683,0.22723201
2026-03-18,1773823200,-6,down,0.94,10.638298,1.0,0.056052003
2026-03-18,1773823500,-4,down,0.55,18.181818,0.9990312534937562,0.432675
2026-03-18,1773824100,-5,up,0.74,5.0,0.8691138416553108,0.246532
2026-03-18,1773825900,-5,up,0.9,11.111112,0.9994752693642479,0.09370002
2026-03-18,1773826800,-6,up,0.85,11.764706,0.9133930053875915,0.14107499
2026-03-18,1773838800,-4,down,0.36,27.777777,0.7597221604421937,0.623872
2026-03-18,1773853200,-3,up,0.38,6.57,0.4560820170049152,-0.396492
2026-03-18,1773854700,-6,up,0.59,10.0,0.6863114822807755,-0.606933
2026-03-18,1773858000,-6,down,0.64,1.37,0.821792586852824,0.343872
2026-03-18,1773860100,-6,up,0.56,13.0,0.894805545183126,0.422752
2026-03-18,1773861900,-5,down,0.88,11.363636,0.9999254572481616,0.112608
2026-03-18,1773870300,-6,down,0.74,13.513514,0.990925580438319,-0.75346804
2026-03-18,1773872400,-4,down,0.39999998,17.0,0.5780891272649014,-0.41679996
2026-03-18,1773872700,-6,down,0.89,0.43,0.9851523602799519,0.103147015
2026-03-18,1773873300,-6,up,0.56,6.66,0.7149947025271228,-0.577248
2026-03-18,1773874200,-3,up,0.76,5.0,0.9023395841120333,0.22723201
2026-03-18,1773874800,-6,down,0.58000004,17.241379,0.8481735754859757,0.40294796
2026-03-18,1773876900,-5,up,0.88,10.0,0.9979036384535135,0.112608
2026-03-19,1773879000,-6,down,0.6,16.666666,0.9999996430150813,0.3832
2026-03-19,1773879300,-6,down,0.89,10.0,0.9999999999271901,0.103147015
2026-03-19,1773880500,-6,down,0.43,23.255814,0.9840988000340658,0.552843
2026-03-19,1773881700,-6,down,0.93,10.752688,0.9999984624132638,0.065442994
2026-03-19,1773882000,-6,down,0.81,3.5,0.9876726621303898,0.179227
2026-03-19,1773882900,-6,down,0.32,10.0,0.8641223832474183,0.664768
2026-03-19,1773884100,-6,down,0.66999996,14.925374,0.7697963817915934,0.31452304
2026-03-19,1773885000,-6,down,0.32,5.0,0.9875336234671448,-0.335232
2026-03-19,1773885900,-5,up,0.94,10.0,1.0,0.056052003
2026-03-19,1773886500,-6,down,0.89,10.0,0.9865185143454782,0.103147015
2026-03-19,1773887100,-5,up,0.93,10.0,1.0,0.065442994
2026-03-19,1773888000,-6,up,0.47,21.276596,0.9999455612271725,-0.487437
2026-03-19,1773888600,-4,up,0.55,18.181818,0.775242696387066,-0.567325
2026-03-19,1773889800,-6,up,0.51,19.607843,0.9953583886807001,-0.527493
2026-03-19,1773890700,-6,down,0.39,25.641027,0.47017125741704746,-0.406653
2026-03-19,1773894900,-6,down,0.44,22.727272,0.6477525796315183,0.542752
2026-03-19,1773895200,-6,up,0.55,18.181818,0.8829096709727289,0.432675
2026-03-19,1773895500,-6,down,0.79,12.658228,0.9974426743096085,0.19838698
2026-03-19,1773896100,-4,down,0.88,11.363636,0.9792345871904559,0.112608
2026-03-19,1773897600,-6,down,0.89,11.235955,0.9999999999999993,0.103147015
2026-03-19,1773898200,-6,up,0.78,10.0,0.9997259794843882,0.20798802
2026-03-19,1773899700,-5,down,0.94,5.0,0.9999999999995318,0.056052003
2026-03-19,1773900900,-6,up,0.8,12.5,0.9999388339399061,0.18879999
2026-03-19,1773902100,-6,up,0.9,11.111112,0.9999999939867567,0.09370002
2026-03-19,1773902400,-6,up,0.77,5.0,0.9392183101345756,0.21760301
2026-03-19,1773903300,-6,down,0.71000004,14.084506,0.9999946005779462,0.27558696
2026-03-19,1773918600,-6,up,0.44,12.62,0.9767601604338481,-0.457248
2026-03-19,1773919500,-3,down,0.39,25.641027,0.48003213597910555,-0.406653
2026-03-19,1773925500,-6,down,0.8,12.5,0.9528360963794842,0.18879999
2026-03-19,1773926400,-5,up,0.56,17.857143,0.7422740966799527,-0.577248
2026-03-19,1773927900,-6,up,0.39,25.641027,0.9999990313140907,0.593347
2026-03-19,1773931500,-6,up,0.89,11.235955,0.9642336251346386,0.103147015
2026-03-19,1773932100,-6,up,0.9,11.111112,0.9872302077095269,-0.90629995
2026-03-19,1773934500,-4,up,0.79,12.658228,0.9096819681384525,0.19838698
2026-03-19,1773935700,-6,down,0.85,11.764706,0.9799410533196525,0.14107499
2026-03-19,1773942900,-5,up,0.31,20.0,0.6668025654575412,-0.32497302
2026-03-19,1773948000,-6,up,0.54,18.518518,0.7334429967522227,-0.557388
2026-03-19,1773950100,-6,down,0.90999997,10.989012,0.9999999999878174,0.084267035
2026-03-19,1773950400,-6,up,0.87,11.494253,0.9999811791104897,-0.877917
2026-03-19,1773956100,-6,up,0.49,20.408163,0.6257941775500463,0.49250698
2026-03-19,1773957000,-6,up,0.61,16.393442,0.6814224654476314,0.37334698
2026-03-19,1773963900,-4,up,0.72,13.888888,0.9999975279839093,0.26588798
2026-03-19,1773964500,-6,down,0.52,13.01,0.7858025688926514,0.46252802
2026-03-20,1773966600,-6,up,0.67,14.925373,0.8937035225332155,-0.685477
2026-03-20,1773966900,-6,up,0.49,20.408163,1.0,0.49250698
2026-03-20,1773967200,-6,down,0.5,20.0,0.9980534563830665,0.4825
2026-03-20,1773967500,-6,up,0.67,14.925373,0.7662661430037095,0.31452298
2026-03-20,1773968100,-6,down,0.39,24.29,0.48111221712289587,-0.406653
2026-03-20,1773968700,-6,up,0.58,17.24138,0.9999999981558547,0.40294802
2026-03-20,1773969000,-6,up,0.84,11.904762,0.9071115651325763,0.15059203
2026-03-20,1773969300,-6,up,0.59,16.949154,0.7906507191786166,-0.606933
2026-03-20,1773969600,-6,down,0.53999996,18.51852,0.9999987263349555,0.44261205
2026-03-20,1773969900,-6,up,0.51,19.607843,0.9735306598585773,0.472507
2026-03-20,1773970500,-6,up,0.51,19.607843,1.0,0.472507
2026-03-20,1773970800,-6,up,0.87,11.494253,0.930962424483047,0.12208299
2026-03-20,1773971100,-6,down,0.84000003,5.0,0.9999993858645173,0.15059197
2026-03-20,1773971400,-6,down,0.59000003,16.949152,0.9999999999758848,0.39306697
2026-03-20,1773972000,-2,down,0.79,12.658228,0.8651704627692172,0.19838698
2026-03-20,1773972300,-6,down,0.31,32.258064,0.6320939798477936,0.675027
2026-03-20,1773972900,-6,down,0.88,11.363636,1.0,0.112608
2026-03-20,1773973200,-6,down,0.48000002,19.42,0.9999441254939505,0.50252795
2026-03-20,1773973500,-6,up,0.32,31.25,0.8745323908072453,0.664768
2026-03-20,1773978000,-6,up,0.31,32.258064,0.44080512876651473,-0.32497302
2026-03-20,1773978900,-3,up,0.4,13.5,0.49948054014758914,0.58320004
2026-03-20,1773979200,-6,up,0.57,17.54386,0.9859184166110773,0.41284302
2026-03-20,1773981600,-6,down,0.53,18.867926,0.9567513348054214,0.45256302
2026-03-20,1773982200,-6,down,0.35000002,28.571426,0.6881210659417747,-0.365925
2026-03-20,1773983700,-6,down,0.57,5.8,0.9999985522937408,0.41284302
2026-03-20,1773984600,-6,down,0.74,13.513514,0.8672580562178762,0.246532
2026-03-20,1773986100,-5,down,0.81,12.345679,0.907487697740389,-0.820773
2026-03-20,1773986700,-6,down,0.9,11.111112,0.9999999955014114,0.09370002
2026-03-20,1773987000,-6,down,0.86,11.627907,0.9999876671102901,0.131572
2026-03-20,1773987600,-6,up,0.6,12.8,0.7145499685037608,-0.6168
2026-03-20,1773987900,-6,up,0.59,16.949154,0.7899873336519366,0.39306703
2026-03-20,1773988500,-6,down,0.93,10.752688,1.0,0.065442994
2026-03-20,1773989100,-6,up,0.74,13.513514,0.9349521393178545,0.246532
2026-03-20,1773989400,-6,up,0.86,11.627907,0.9957945750280967,0.131572
2026-03-20,1773989700,-6,down,0.78,11.91,0.9556281421306261,0.20798802
2026-03-20,1773992700,-6,up,0.42,23.809525,0.581644500936814,-0.43705198
2026-03-20,1773995100,-5,up,0.56,5.0,0.8668564112834362,-0.577248
2026-03-20,1773996300,-5,up,0.9,11.111112,0.9953065188840122,0.09370002
2026-03-20,1774003800,-6,down,0.35000002,28.571426,0.4319600532220427,0.634075
2026-03-20,1774006200,-4,down,0.45999998,5.0,0.5293553545972924,-0.47738796
2026-03-20,1774010700,-3,down,0.93,5.0,0.9858375798294648,0.065442994
2026-03-20,1774021200,-5,down,0.92,10.869565,0.9775582419743962,0.07484798
2026-03-20,1774021500,-6,up,0.91,10.989011,0.9813115921678887,0.084266976
2026-03-20,1774025100,-6,down,0.72,13.888888,0.9915366313185647,0.26588798
2026-03-20,1774030200,-6,down,0.75,13.333333,0.8384237589717095,0.236875
2026-03-20,1774035300,-6,down,0.49,20.408163,0.7229038394120835,0.49250698
2026-03-20,1774036500,-6,down,0.31,32.258064,0.7384722937355127,-0.32497302
2026-03-20,1774044600,-6,down,0.81,12.345679,0.9943246487399446,-0.820773
2026-03-20,1774044900,-6,up,0.86,11.627907,0.9999282016296478,-0.868428
2026-03-20,1774045500,-5,down,0.9,11.111112,0.9999999999999895,0.09370002
2026-03-20,1774047300,-6,down,0.66999996,14.925374,0.9999726801416211,0.31452304
2026-03-20,1774048200,-6,down,0.90999997,10.989012,0.9999999999999936,0.084267035
2026-03-20,1774048500,-6,up,0.75,13.333333,0.8177291175903182,0.236875
2026-03-20,1774048800,-6,up,0.54,18.518518,0.9335192007946507,-0.557388
2026-03-20,1774049100,-6,down,0.94,10.638298,0.9999999999844106,0.056052003
2026-03-20,1774049400,-6,up,0.44,22.727272,0.9923472139128152,-0.457248
2026-03-20,1774050900,-6,up,0.8,5.59,0.9999997485027853,0.18879999
2026-03-21,1774051500,-6,down,0.82,12.195122,0.9999999998346452,0.169668
2026-03-21,1774052700,-6,down,0.65999997,15.151516,1.0,0.32429203
2026-03-21,1774053000,-6,down,0.65999997,15.151516,0.9195548479796055,0.32429203
2026-03-21,1774054500,-6,up,0.7,5.0,0.866855128016336,0.28530002
2026-03-21,1774055400,-6,down,0.94,10.638298,0.9999999999999941,0.056052003
2026-03-21,1774056000,-6,up,0.32,31.25,0.9996356173392414,-0.335232
2026-03-21,1774056300,-6,up,0.91,10.989011,0.999500322625103,0.084266976
2026-03-21,1774056600,-6,down,0.35000002,10.0,0.4210084196714523,0.634075
2026-03-21,1774056900,-6,up,0.78,12.820514,0.9960662998431872,0.20798802
2026-03-21,1774058400,-5,down,0.48000002,20.833332,0.702019371358587,0.50252795
2026-03-21,1774059000,-6,down,0.92,10.869565,0.9982146006299133,0.07484798
2026-03-21,1774060200,-6,down,0.92,5.0,0.9999990872540866,0.07484798
2026-03-21,1774060500,-6,up,0.59,16.949154,0.9999996710048141,0.39306703
2026-03-21,1774063200,-6,up,0.9,11.111112,0.9999867800961498,0.09370002
2026-03-21,1774064700,-6,up,0.4,25.0,0.9995832218595359,-0.41680002
2026-03-21,1774065300,-6,down,0.58000004,17.241379,0.8306716826050592,-0.59705204
2026-03-21,1774065900,-4,down,0.52,5.0,0.6112228960106341,-0.537472
2026-03-21,1774066200,-6,down,0.51,9.0,0.9999924613349309,-0.527493
2026-03-21,1774067700,-6,down,0.5,20.0,0.9999999775258998,0.4825
2026-03-21,1774068000,-6,down,0.90999997,10.0,0.9993723789784432,0.084267035
2026-03-21,1774068300,-6,up,0.31,7.5,0.9619390149474988,-0.32497302
2026-03-21,1774068600,-6,down,0.84000003,11.904761,0.9368845041667907,-0.84940803
2026-03-21,1774068900,-6,up,0.64,15.625,0.9999984388722444,0.343872
2026-03-21,1774069200,-6,up,0.76,5.0,0.9733411785687384,0.22723201
2026-03-21,1774069500,-4,down,0.36,27.777777,0.9999980404497542,-0.37612802
2026-03-21,1774069800,-3,up,0.41,24.390244,0.5023217173293307,-0.426933
2026-03-21,1774070400,-5,down,0.89,11.235955,0.9977789029046216,-0.89685297
2026-03-21,1774071300,-6,down,0.84000003,11.904761,0.9938191476020243,0.15059197
2026-03-21,1774072500,-3,down,0.9,11.111112,0.999999739058746,0.09370002
2026-03-21,1774072800,-6,up,0.9,11.111112,0.9986733688983895,0.09370002
2026-03-21,1774073400,-6,up,0.52,19.23077,0.9618624750399194,-0.537472
2026-03-21,1774074900,-6,up,0.84,11.904762,0.9993922752559619,0.15059203
2026-03-21,1774075500,-6,up,0.75,13.333333,0.9994601823933708,-0.763125
2026-03-21,1774075800,-6,down,0.9,11.111112,1.0,0.09370002
2026-03-21,1774076100,-6,up,0.66,15.151515,0.9999999999941028,0.32429197
2026-03-21,1774076400,-6,down,0.61,8.56,1.0,-0.626653
2026-03-21,1774077000,-6,up,0.41,24.390244,0.9999999983018114,-0.426933
2026-03-21,1774079100,-6,up,0.67,14.925373,0.86389357363528,0.31452298
2026-03-21,1774080000,-6,down,0.8,12.5,1.0,0.18879999
2026-03-21,1774080300,-6,up,0.55,11.83,0.9925920061577442,-0.567325
2026-03-21,1774080600,-6,up,0.69,14.492754,1.0,-0.704973
2026-03-21,1774081200,-6,down,0.61,16.393442,0.9999999989989214,0.37334698
2026-03-21,1774082100,-6,up,0.65,15.384616,0.9998972698270358,-0.66592497
2026-03-21,1774082400,-6,up,0.48,20.833334,1.0,-0.497472
2026-03-21,1774083000,-6,down,0.65,15.384616,0.7757159992803955,0.33407503
2026-03-21,1774086900,-6,up,0.67,6.86,1.0,0.31452298
2026-03-21,1774087200,-6,down,0.49,20.408163,1.0,-0.507493
2026-03-21,1774087500,-6,down,0.59000003,5.0,0.999102954922716,0.39306697
2026-03-21,1774088700,-6,up,0.45,0.2,1.0,-0.467325
2026-03-21,1774089600,-6,down,0.59000003,16.949152,1.0,0.39306697
2026-03-21,1774091100,-6,down,0.43,23.255814,0.9999999720095996,-0.447157
2026-03-21,1774098600,-6,up,0.74,13.513514,0.9856959667899867,0.246532
2026-03-21,1774102500,-4,down,0.75,13.333333,0.8767553184701686,0.236875
2026-03-21,1774104000,-5,down,0.7,14.285714,0.844609363158809,-0.7147
2026-03-21,1774107600,-6,up,0.78,12.820514,0.9999999999999998,-0.792012
2026-03-21,1774108200,-6,up,0.56,17.857143,0.9992096257825964,-0.577248
2026-03-21,1774108800,-2,down,0.7,14.285714,0.7834553799734814,-0.7147
2026-03-21,1774109100,-6,down,0.32,31.25,0.9969850003853836,0.664768
2026-03-21,1774109400,-6,down,0.9,11.111112,1.0,0.09370002
2026-03-21,1774111800,-6,down,0.84000003,10.0,1.0,0.15059197
2026-03-21,1774114500,-6,down,0.58000004,2.91,1.0,-0.59705204
2026-03-21,1774114800,-6,down,0.51,10.0,0.9773069886033983,0.472507
2026-03-21,1774115700,-6,up,0.48,3.75,0.9926899176695109,-0.497472
2026-03-21,1774116000,-6,up,0.37,10.0,0.9117093975650608,0.613683
2026-03-21,1774117200,-6,up,0.68,10.0,0.8861464183057438,0.304768
2026-03-21,1774117800,-6,up,0.83,9.95,0.9999999998698459,0.16012302
2026-03-21,1774119300,-6,up,0.33,10.0,0.9700181589267264,-0.345477
2026-03-21,1774120500,-6,down,0.44,21.0,0.6925219007638913,0.542752
2026-03-21,1774120800,-6,down,0.81,2.86,0.9976046013703486,0.179227
2026-03-21,1774122900,-6,up,0.6,8.98,1.0,0.3832
2026-03-21,1774123800,-6,up,0.4,25.0,0.8754286544938121,0.58320004
2026-03-21,1774124100,-6,up,0.67,5.0,0.9970531595043027,0.31452298
2026-03-21,1774125600,-5,down,0.64,15.625,0.9999999999999094,0.343872
2026-03-21,1774125900,-4,down,0.9,11.111112,0.9999968332182941,0.09370002
2026-03-21,1774126200,-6,up,0.9,11.111112,0.9986036288308822,0.09370002
2026-03-21,1774126800,-6,down,0.47000003,10.0,0.8947260680533299,-0.48743704
2026-03-21,1774127100,-6,up,0.31,10.0,0.9958985519715843,0.675027
2026-03-21,1774128600,-6,up,0.42,10.0,0.9999996759083613,-0.43705198
2026-03-21,1774129500,-6,down,0.39,9.48,0.8321051040742463,-0.406653
2026-03-21,1774130100,-4,up,0.94,10.638298,0.9979844758496942,0.056052003
2026-03-21,1774131300,-6,up,0.85,5.0,0.9776059759397935,0.14107499
2026-03-21,1774131900,-6,down,0.65999997,15.151516,0.9985212731627161,0.32429203
2026-03-21,1774132500,-5,down,0.71000004,14.084506,0.9889126009324716,0.27558696
2026-03-21,1774133100,-5,down,0.51,9.0,0.9746610484514105,-0.527493
2026-03-21,1774133400,-6,down,0.62,16.129032,0.9350233700978038,0.363508
2026-03-21,1774133700,-4,down,0.92,10.869565,0.999432609345568,0.07484798
2026-03-21,1774134300,-6,down,0.92,3.91,0.999994935153743,0.07484798
2026-03-21,1774135800,-6,up,0.4,10.0,0.9999980792970541,0.58320004
2026-03-21,1774136100,-6,up,0.72,13.888888,1.0,0.26588798
2026-03-21,1774136400,-6,up,0.63,2.43,0.9682144273829794,0.353683
2026-03-22,1774142400,-6,down,0.37,2.48,0.7225426843044767,0.613683
2026-03-22,1774148100,-5,down,0.93,10.752688,1.0,0.065442994
2026-03-22,1774149300,-6,down,0.33999997,10.0,0.8135951495353579,-0.35570797
2026-03-22,1774149600,-6,down,0.43,10.0,0.999999998888958,-0.447157
2026-03-22,1774153500,-3,down,0.77,10.0,0.9250622155692284,0.21760301
2026-03-22,1774155000,-6,up,0.89,11.235955,0.999641450620288,0.103147015
2026-03-22,1774156200,-2,down,0.89,7.08,0.9606270408246753,0.103147015
2026-03-22,1774157100,-6,down,0.8,10.0,0.8828321979999622,0.18879999
2026-03-22,1774157700,-6,up,0.77,8.7,0.9994068643131095,0.21760301
2026-03-22,1774159500,-6,down,0.32,31.25,0.9668864151573658,-0.335232
2026-03-22,1774160400,-6,down,0.85,11.764706,0.9905830338970253,0.14107499
2026-03-22,1774161600,-4,down,0.7,14.285714,0.8013952223161038,0.28530002
2026-03-22,1774164300,-6,up,0.92,10.0,0.9999999911632356,0.07484798
2026-03-22,1774168200,-6,up,0.41,24.390244,0.8451851273485861,-0.426933
2026-03-22,1774170600,-6,up,0.94,7.91,0.9995034330116898,0.056052003
2026-03-22,1774173300,-6,up,0.37,10.0,0.8763550338359977,-0.386317
2026-03-22,1774175100,-6,down,0.77,12.987013,1.0,0.21760301
2026-03-22,1774176900,-6,up,0.9,10.0,0.9999999009133291,0.09370002
2026-03-22,1774180800,-5,down,0.36,27.777777,0.6898663963362197,0.623872
2026-03-22,1774181400,-6,up,0.66,15.151515,0.8851097454416348,0.32429197
2026-03-22,1774185600,-6,down,0.85,11.764706,0.9947167512652559,0.14107499
2026-03-22,1774197600,-6,down,0.59000003,16.949152,0.9749560251225319,0.39306697
2026-03-22,1774199400,-6,down,0.37,0.69,0.8797934374613234,0.613683
2026-03-22,1774205400,-6,down,0.85,11.764706,0.9816411244473765,0.14107499
2026-03-22,1774207800,-6,up,0.81,12.345679,0.9898714638876959,0.179227
2026-03-22,1774210800,-5,down,0.83,12.048193,0.960050810027132,0.16012302
2026-03-22,1774216200,-6,down,0.39,25.641027,0.5950517926277454,0.593347
2026-03-22,1774219800,-6,down,0.45999998,21.739132,0.529746612347609,0.52261204
2026-03-22,1774223700,-6,up,0.38,26.31579,0.6630686272704526,-0.396492
2026-03-23,1774224300,-6,down,0.39,7.4,0.5706870328875289,-0.406653
2026-03-23,1774230900,-6,up,0.57,17.54386,0.9998449283003585,-0.587157
2026-03-23,1774233000,-6,down,0.35000002,28.571426,0.9592950758101751,-0.365925
2026-03-23,1774234200,-4,down,0.32999998,30.303032,0.7296945391813513,0.654523
2026-03-23,1774236300,-6,down,0.37,27.027027,0.9881944914478042,0.613683
2026-03-23,1774238100,-6,down,0.36,27.777777,0.5199266201722765,-0.37612802
2026-03-23,1774239000,-6,down,0.36,27.777777,0.9548031869510365,-0.37612802
2026-03-23,1774239300,-6,up,0.8,12.5,0.8848574371694802,0.18879999
2026-03-23,1774239600,-5,down,0.79,12.658228,0.9468548546896434,0.19838698
2026-03-23,1774242300,-3,up,0.85,10.53,0.9443673324830718,0.14107499
2026-03-23,1774243800,-3,down,0.32,31.25,0.8156139728417369,0.664768
2026-03-23,1774244100,-6,up,0.31,32.258064,0.7312052161665092,0.675027
2026-03-23,1774244700,-6,up,0.73,8.49,0.9980891884595663,0.256203
2026-03-23,1774248300,-6,up,0.64,15.625,0.7295109806152604,-0.656128
2026-03-23,1774255800,-6,up,0.68,14.705882,0.8993792516664162,0.304768
2026-03-23,1774266000,-5,up,0.31,32.258064,0.5513801053931028,-0.32497302
2026-03-23,1774269900,-6,down,0.43,19.42,0.714929524437447,-0.447157
2026-03-23,1774270800,-6,down,0.88,3.86,0.9755068505751636,0.112608
2026-03-23,1774285800,-5,up,0.57,17.54386,0.8714869552994573,-0.587157
2026-03-23,1774289400,-6,up,0.51,19.607843,0.584092821924264,-0.527493
2026-03-23,1774289700,-6,up,0.75,13.333333,0.9419667373161095,0.236875
2026-03-24,1774310400,-6,up,0.81,12.345679,0.959604564305374,0.179227
2026-03-24,1774311300,-5,up,0.89,11.235955,0.9894002315623781,0.103147015
2026-03-24,1774312800,-6,up,0.51,19.607843,0.9997430897732592,0.472507
2026-03-24,1774314300,-5,up,0.93,10.752688,0.9999834271801986,0.065442994
2026-03-24,1774315800,-6,down,0.87,11.494253,0.9999679691685317,0.12208299
2026-03-24,1774319400,-6,up,0.55,18.181818,0.9776486388780787,-0.567325
2026-03-24,1774321200,-6,down,0.49,10.0,0.9999999553983168,-0.507493
2026-03-24,1774322100,-6,down,0.83,1.06,0.9914095510625994,0.16012302
2026-03-24,1774322700,-6,up,0.87,9.19,0.9362235539254171,0.12208299
2026-03-24,1774323300,-6,down,0.38,13.05,0.5993453449492231,-0.396492
2026-03-24,1774324500,-6,down,0.83,12.048193,0.9999999999999923,0.16012302
2026-03-24,1774325400,-5,down,0.31,32.258064,0.6249275588494554,-0.32497302
2026-03-24,1774326000,-2,down,0.89,11.235955,0.9992275636709839,0.103147015
2026-03-24,1774327200,-6,down,0.94,10.638298,0.9999999702056569,0.056052003
2026-03-24,1774329000,-6,down,0.38,26.31579,0.4706801798384863,0.603508
2026-03-24,1774329900,-5,down,0.35000002,28.571426,0.482728462584995,-0.365925
2026-03-24,1774331400,-3,down,0.65,15.384616,0.8181246978908694,-0.66592497
2026-03-24,1774331700,-6,down,0.41000003,24.390242,0.787016146846856,0.57306695
2026-03-24,1774332300,-6,up,0.91,10.989011,0.9982942048494958,0.084266976
2026-03-24,1774332600,-4,up,0.85,6.67,0.9983747459302061,-0.85892504
2026-03-24,1774333200,-6,up,0.49,11.46,0.8730838411855049,0.49250698
2026-03-24,1774333500,-6,up,0.8,12.5,0.982252558783378,0.18879999
2026-03-24,1774334100,-3,up,0.78,12.820514,0.9126637021999949,0.20798802
2026-03-24,1774334400,-6,down,0.37,17.47,0.9986611601893634,-0.386317
2026-03-24,1774337100,-6,up,0.35,6.0,0.6337129906895426,0.634075
2026-03-24,1774340700,-6,down,0.65999997,15.151516,0.9175388432468173,0.32429203
2026-03-24,1774341600,-6,up,0.42,23.809525,0.6722482730266207,-0.43705198
2026-03-24,1774342200,-6,down,0.63,15.873016,0.9929160211390284,0.353683
2026-03-24,1774342500,-3,up,0.62,16.129032,0.9175363058408001,-0.636492
2026-03-24,1774344600,-6,up,0.67,5.52,0.8520146411705758,-0.685477
2026-03-24,1774346100,-6,down,0.93,10.752688,0.9884312395779843,-0.934557
2026-03-24,1774347600,-6,up,0.55,18.181818,0.7693676454909943,-0.567325
2026-03-24,1774348800,-6,down,0.64,15.625,0.8509585850313488,-0.656128
2026-03-24,1774355700,-6,down,0.73,5.0,0.8142351383752373,0.256203
2026-03-24,1774363200,-2,up,0.49,20.408163,0.9586635041067345,-0.507493
2026-03-24,1774365000,-6,down,0.79,12.658228,0.8867321996518702,-0.80161303
2026-03-24,1774367100,-5,up,0.76,13.157895,0.9529194653379718,0.22723201
2026-03-24,1774382100,-6,down,0.6,16.666666,0.9784629046042813,-0.6168
2026-03-24,1774384500,-6,up,0.82,12.195122,0.9999999763771705,0.169668
2026-03-24,1774388100,-6,up,0.69,14.492754,0.9999999999999997,0.295027
2026-03-24,1774388700,-6,up,0.45,22.222223,0.9952167352223203,0.532675
2026-03-24,1774390800,-6,up,0.7,14.285714,0.988674711173283,0.28530002
2026-03-24,1774392600,-6,down,0.32,31.25,0.41254292439557805,-0.335232
2026-03-24,1774393200,-6,down,0.31,32.258064,0.4733056228494962,-0.32497302
2026-03-24,1774393800,-6,down,0.44,22.727272,0.6344279016869204,-0.457248
2026-03-24,1774394100,-6,down,0.72,13.888888,0.7970431038849991,0.26588798
2026-03-24,1774394400,-6,up,0.67,14.925373,0.8411815383078675,0.31452298
2026-03-24,1774395000,-6,down,0.84000003,11.904761,0.9480782482524124,-0.84940803
2026-03-25,1774398000,-6,down,0.83,12.048193,0.9928551676880125,0.16012302
2026-03-25,1774399200,-6,down,0.39,14.41,0.49292102547601935,-0.406653
2026-03-25,1774399800,-4,up,0.48,20.833334,0.6708926827232469,-0.497472
2026-03-25,1774400700,-6,down,0.76,13.157895,0.9997738329981528,-0.772768
2026-03-25,1774401600,-6,down,0.8,12.5,0.9361279061682322,0.18879999
2026-03-25,1774404600,-6,down,0.32999998,27.13,0.6575729684665778,0.654523
2026-03-25,1774404900,-5,down,0.57,17.54386,0.8493569476231779,0.41284302
2026-03-25,1774405500,-6,up,0.54,5.0,0.9995527319595401,0.442612
2026-03-25,1774407000,-5,down,0.94,10.638298,1.0,0.056052003
2026-03-25,1774408200,-3,down,0.78,12.820514,0.8592552477399151,0.20798802
2026-03-25,1774408500,-6,down,0.41000003,24.390242,0.9778185521402947,0.57306695
2026-03-25,1774410600,-6,down,0.83,12.048193,0.9856267554124586,0.16012302
2026-03-25,1774410900,-3,down,0.90999997,10.989012,0.999071086083514,0.084267035
2026-03-25,1774411200,-6,up,0.75,5.0,0.9787518266210571,0.236875
2026-03-25,1774412400,-4,up,0.56,10.94,0.9991956788642746,0.422752
2026-03-25,1774412700,-6,down,0.65,15.384616,0.7418249708032899,-0.66592497
2026-03-25,1774413300,-6,down,0.7,14.285714,0.9999997931039027,0.28530002
2026-03-25,1774413600,-6,up,0.41,19.94,0.9693855284885243,-0.426933
2026-03-25,1774415400,-6,up,0.83,12.048193,0.9959594528525401,0.16012302
2026-03-25,1774416000,-6,down,0.45999998,21.739132,0.6165998105446859,0.52261204
2026-03-25,1774417800,-6,up,0.78,12.820514,0.9607441463462276,-0.792012
2026-03-25,1774419600,-3,up,0.89,11.235955,0.9999999996650857,0.103147015
2026-03-25,1774420200,-4,up,0.51,18.94,0.7528304556817005,0.472507
2026-03-25,1774422300,-6,down,0.93,10.752688,0.999982440162827,0.065442994
2026-03-25,1774431000,-4,up,0.5,20.0,0.9926039225795765,-0.5175
2026-03-25,1774434300,-6,up,0.38,26.31579,0.775517069189744,0.603508
2026-03-25,1774434900,-6,up,0.65,10.0,0.9523021949652511,0.33407503
2026-03-25,1774437600,-6,up,0.51,19.607843,0.9103047714354378,0.472507
2026-03-25,1774445100,-2,down,0.65,15.384616,0.9990521543843418,0.33407503
2026-03-25,1774453500,-6,up,0.47,21.276596,0.6841990499644578,-0.487437
2026-03-25,1774459500,-5,up,0.31,32.258064,0.7292789160719457,-0.32497302
2026-03-25,1774466700,-6,down,0.7,14.285714,0.9999999909460537,0.28530002
2026-03-25,1774470300,-6,up,0.35,6.0,0.6431482469741252,0.634075
2026-03-25,1774475700,-6,down,0.43,23.255814,0.6540050207823495,-0.447157
2026-03-25,1774482300,-6,up,0.87,11.494253,0.999999991395736,0.12208299
2026-03-26,1774483500,-4,down,0.90999997,10.989012,0.9999944629806788,0.084267035
2026-03-26,1774484100,-6,down,0.90999997,5.0,0.9751089054433127,0.084267035
2026-03-26,1774484700,-5,up,0.84,11.904762,0.9294263560945043,-0.849408
2026-03-26,1774485000,-4,up,0.54,18.518518,0.7998427418385038,-0.557388
2026-03-26,1774485900,-6,up,0.59,14.0,0.7973826322733992,0.39306703
2026-03-26,1774486800,-6,down,0.39,16.42,0.5574413140953292,-0.406653
2026-03-26,1774488600,-6,down,0.44,22.727272,0.7716068662011091,-0.457248
2026-03-26,1774488900,-6,down,0.6,16.666666,0.9680368442729931,-0.6168
2026-03-26,1774489500,-6,down,0.5,20.0,0.9999999999903901,0.4825
2026-03-26,1774490100,-6,up,0.8,12.5,1.0,-0.8112
2026-03-26,1774490400,-6,up,0.81,12.345679,0.9997130778689877,0.179227
2026-03-26,1774491900,-6,down,0.58000004,12.0,0.9312221650340557,0.40294796
2026-03-26,1774492500,-6,down,0.69,14.492754,0.9986266855134162,0.295027
2026-03-26,1774493100,-6,up,0.59,16.949154,0.9999999999025696,0.39306703
2026-03-26,1774493700,-6,up,0.7,7.85,1.0,0.28530002
2026-03-26,1774496400,-4,down,0.56,17.857143,0.6624907922055525,0.422752
2026-03-26,1774497300,-3,up,0.61,16.393442,0.7002131369495984,0.37334698
2026-03-26,1774497900,-6,up,0.43,6.2,0.9999087964904271,-0.447157
2026-03-26,1774498500,-6,down,0.8,12.5,0.9982393742523668,0.18879999
2026-03-26,1774500000,-6,up,0.47,21.276596,0.9999999996594824,-0.487437
2026-03-26,1774500600,-6,down,0.93,7.0,0.9999999999999991,0.065442994
2026-03-26,1774501200,-6,down,0.77,12.987013,0.9998789223458628,0.21760301
2026-03-26,1774501800,-6,up,0.52,17.57,0.6896741745395558,0.46252802
2026-03-26,1774502100,-6,up,0.89,5.0,0.9962839088980106,0.103147015
2026-03-26,1774503300,-5,down,0.93,10.752688,0.999950585791114,0.065442994
2026-03-26,1774506900,-6,down,0.53,18.867926,0.7960548730050632,0.45256302
2026-03-26,1774507800,-6,down,0.37,1.92,0.9900948745448954,-0.386317
2026-03-26,1774508100,-6,down,0.53999996,6.67,0.9999985918362004,0.44261205
2026-03-26,1774509300,-6,up,0.42,6.89,0.7262160097135208,-0.43705198
2026-03-26,1774512300,-6,down,0.9,11.111112,0.9641688658877188,0.09370002
2026-03-26,1774513200,-6,down,0.86,11.627907,0.9517955444422915,0.131572
2026-03-26,1774515000,-6,up,0.78,12.820514,0.9968252442995539,0.20798802
2026-03-26,1774518900,-6,down,0.64,15.625,0.9629864368460627,0.343872
2026-03-26,1774519500,-6,up,0.61,10.0,0.99913087644275,0.37334698
2026-03-26,1774527000,-6,up,0.9,11.111112,0.9750359789718637,0.09370002
2026-03-26,1774527300,-6,down,0.82,12.195122,0.9998716017226554,0.169668
2026-03-26,1774527600,-6,down,0.93,10.752688,0.9876504808862927,0.065442994
2026-03-26,1774528500,-6,up,0.7,14.285714,0.99999999997848,0.28530002
2026-03-26,1774530000,-6,down,0.58000004,17.241379,0.9558252891518697,-0.59705204
2026-03-26,1774530600,-6,down,0.78,12.820514,1.0,0.20798802
2026-03-26,1774530900,-6,down,0.64,15.625,0.7484995626313624,0.343872
2026-03-26,1774539600,-6,down,0.51,9.1,0.7289463871287089,-0.527493
2026-03-26,1774541100,-6,up,0.71,14.084508,0.8122019990556316,0.27558702
2026-03-26,1774542000,-6,down,0.65999997,15.151516,0.7447494602356842,0.32429203
2026-03-26,1774544700,-6,up,0.32,31.25,0.4331515570548717,-0.335232
2026-03-26,1774551300,-5,up,0.91,10.989011,0.9869769589942949,0.084266976
2026-03-26,1774557000,-6,down,0.59000003,16.949152,0.7983307591572981,0.39306697
2026-03-26,1774559400,-6,up,0.76,13.157895,0.9107033401376758,0.22723201
2026-03-26,1774560600,-6,down,0.86,11.627907,0.999999999998304,0.131572
2026-03-26,1774563900,-6,up,0.35,28.571428,0.7227242103698118,-0.36592498
2026-03-27,1774570200,-6,down,0.62,16.129032,0.7318580951088927,0.363508
2026-03-27,1774571400,-6,up,0.5,20.0,0.9492952191804837,-0.5175
2026-03-27,1774573200,-6,up,0.33,30.30303,0.39798400388703975,-0.345477
2026-03-27,1774578600,-6,down,0.84000003,11.904761,0.9405051209040282,0.15059197
2026-03-27,1774579200,-6,up,0.88,11.363636,0.9975513259841148,-0.887392
2026-03-27,1774582200,-5,down,0.33999997,29.411766,0.6068589192929712,-0.35570797
2026-03-27,1774585200,-2,down,0.57,17.54386,0.9467606347209859,0.41284302
2026-03-27,1774586100,-6,down,0.35000002,28.571426,0.8089568942266748,-0.365925
2026-03-27,1774587000,-6,down,0.65,1.93,0.9999897840878413,0.33407503
2026-03-27,1774587600,-6,down,0.35000002,1.79,0.9999999999999987,-0.365925
2026-03-27,1774589700,-4,up,0.53,18.867926,0.7950754391498648,-0.54743695
2026-03-27,1774590300,-6,down,0.49,20.408163,0.6590818357095085,0.49250698
2026-03-27,1774590600,-5,down,0.33999997,26.28,0.6900754189773907,0.644292
2026-03-27,1774592700,-6,up,0.85,11.764706,0.9999999997571613,-0.85892504
2026-03-27,1774593000,-6,up,0.39,25.641027,0.6262042835924746,0.593347
2026-03-27,1774593600,-6,down,0.87,11.494253,0.9578574669106109,0.12208299
2026-03-27,1774594200,-3,up,0.83,12.048193,0.99999999492212,0.16012302
2026-03-27,1774597500,-4,down,0.36,27.777777,0.459521370854167,0.623872
2026-03-27,1774599000,-6,down,0.48000002,20.833332,0.8708395765553931,0.50252795
2026-03-27,1774599600,-3,up,0.49,20.408163,0.6019337298896998,0.49250698
2026-03-27,1774603200,-6,up,0.88,11.363636,0.9979015128107621,0.112608
2026-03-27,1774604100,-6,up,0.64,15.625,0.8856004076868109,0.343872
2026-03-27,1774611300,-6,up,0.9,11.111112,0.9747289301282459,0.09370002
2026-03-27,1774615200,-6,up,0.93,10.752688,0.9989717004757923,0.065442994
2026-03-27,1774638600,-6,down,0.74,13.513514,0.9975477877746408,0.246532
2026-03-27,1774645500,-6,down,0.86,11.627907,0.9999967104223144,0.131572
2026-03-27,1774646100,-4,up,0.75,13.333333,0.9067588833410263,0.236875
2026-03-27,1774647000,-3,down,0.93,10.752688,0.9999987537266022,0.065442994
2026-03-27,1774648500,-6,down,0.31,32.258064,0.5369069612054739,0.675027
2026-03-27,1774649400,-6,up,0.38,26.31579,0.9997608147633953,-0.396492
2026-03-27,1774649700,-6,up,0.48,20.833334,0.9999999999996638,0.50252795
2026-03-27,1774650000,-6,up,0.87,5.0,0.9999378057123799,0.12208299
2026-03-27,1774650300,-5,down,0.31,32.258064,0.4744634616466743,-0.32497302
2026-03-27,1774650600,-6,up,0.43,6.0,0.987177618574358,-0.447157
2026-03-27,1774652400,-6,down,0.66999996,14.925374,0.8612540452098486,0.31452304
2026-03-27,1774654200,-6,down,0.57,17.54386,1.0,-0.587157
2026-03-27,1774655400,-6,down,0.52,19.23077,0.9995096757694869,-0.537472
2026-03-28,1774657500,-6,down,0.65999997,15.151516,0.999999997342005,-0.67570794
2026-03-28,1774659000,-6,up,0.34,16.0,0.7316829464938637,-0.355708
2026-03-28,1774659300,-6,up,0.39,20.0,0.46320299916237784,-0.406653
2026-03-28,1774661400,-6,up,0.82,12.195122,0.9999999999999672,0.169668
2026-03-28,1774662600,-4,up,0.92,10.869565,0.9982865746296344,0.07484798
2026-03-28,1774663500,-6,down,0.74,13.513514,0.9897347207427633,0.246532
2026-03-28,1774663800,-6,up,0.33,15.08,0.9973661243584896,-0.345477
2026-03-28,1774665300,-6,up,0.31,32.258064,0.9804897585920597,-0.32497302
2026-03-28,1774665900,-5,down,0.84000003,11.904761,0.9845860960438597,0.15059197
2026-03-28,1774666200,-6,up,0.4,20.0,0.9999999995108948,0.58320004
2026-03-28,1774668000,-4,up,0.87,11.494253,0.9634181419720826,0.12208299
2026-03-28,1774668900,-6,up,0.35,18.55,0.9465238317341291,0.634075
2026-03-28,1774672500,-6,down,0.31,20.0,0.8879285257441677,0.675027
2026-03-28,1774672800,-6,down,0.62,16.129032,0.9999587825624662,-0.636492
2026-03-28,1774673400,-6,up,0.53,18.867926,0.9871682316817489,0.45256302
2026-03-28,1774673700,-6,up,0.85,11.764706,0.9990972785328572,0.14107499
2026-03-28,1774674900,-5,up,0.92,10.869565,0.9999999999996891,-0.925152
2026-03-28,1774675500,-6,down,0.94,10.638298,0.9999883551923253,0.056052003
2026-03-28,1774675800,-6,up,0.87,5.0,0.9999999998847838,0.12208299
2026-03-28,1774676400,-6,down,0.94,10.638298,0.9998963687275804,-0.943948
2026-03-28,1774676700,-6,up,0.35,28.571428,0.8608457978449312,-0.36592498
2026-03-28,1774677000,-6,up,0.34,11.05,0.8150376443742373,0.644292
2026-03-28,1774678800,-6,up,0.82,5.0,0.8988190141846479,-0.830332
2026-03-28,1774679700,-6,down,0.73,13.698629,0.9999788288821284,0.256203
2026-03-28,1774680000,-6,up,0.6,11.76,0.9999992955364221,-0.6168
2026-03-28,1774680600,-6,up,0.5,20.0,0.9999990199931154,0.4825
2026-03-28,1774680900,-6,up,0.59,16.949154,0.9999999999998748,-0.606933
2026-03-28,1774681200,-6,up,0.77,12.987013,0.9999713824647245,0.21760301
2026-03-28,1774681800,-6,up,0.9,11.111112,0.9969036804813516,0.09370002
2026-03-28,1774682400,-6,up,0.45,5.0,0.7803549733823714,-0.467325
2026-03-28,1774682700,-6,down,0.45999998,5.0,0.6166422131795533,0.52261204
2026-03-28,1774683600,-6,up,0.43,23.255814,1.0,0.552843
2026-03-28,1774684800,-6,up,0.71,14.084508,0.8394291012013844,0.27558702
2026-03-28,1774685400,-6,down,0.77,12.987013,0.9994491010135204,-0.782397
2026-03-28,1774685700,-6,up,0.92,10.869565,1.0,0.07484798
2026-03-28,1774686300,-6,down,0.6,16.666666,0.9999982076708451,-0.6168
2026-03-28,1774686600,-6,down,0.9,11.111112,0.9999999999999983,0.09370002
2026-03-28,1774687500,-6,up,0.89,11.235955,0.9999999999999941,0.103147015
2026-03-28,1774688100,-6,up,0.91,8.63,0.9962886236643835,0.084266976
2026-03-28,1774688700,-6,down,0.9,11.111112,0.9989478549541037,-0.90629995
2026-03-28,1774689600,-6,up,0.75,13.333333,0.9999999653088422,0.236875
2026-03-28,1774689900,-6,up,0.48,2.87,0.9629465916873811,-0.497472
2026-03-28,1774690500,-6,up,0.42,23.809525,0.9991412828532208,-0.43705198
2026-03-28,1774691100,-5,down,0.89,11.235955,0.9824823791372129,0.103147015
2026-03-28,1774692900,-6,down,0.86,3.88,1.0,0.131572
2026-03-28,1774693200,-6,down,0.9,5.0,0.9999998032917886,0.09370002
2026-03-28,1774694700,-6,down,0.69,14.492754,0.9999980625593086,0.295027
2026-03-28,1774695300,-6,up,0.65,10.0,0.9999872457453775,0.33407503
2026-03-28,1774696200,-6,down,0.49,20.408163,1.0,-0.507493
2026-03-28,1774697700,-6,down,0.44,22.727272,0.9999999999937023,-0.457248
2026-03-28,1774698300,-5,down,0.71000004,14.084506,0.7877921338761662,0.27558696
2026-03-28,1774699200,-6,down,0.94,2.73,1.0,0.056052003
2026-03-28,1774703100,-6,down,0.43,23.255814,0.8021903812177584,-0.447157
2026-03-28,1774703400,-6,up,0.6,16.666666,1.0,-0.6168
2026-03-28,1774706700,-6,up,0.89,11.235955,0.9998645071331087,0.103147015
2026-03-28,1774707900,-4,down,0.84000003,9.78,0.9846522654204208,0.15059197
2026-03-28,1774721100,-6,down,0.57,17.54386,0.9999999999900437,-0.587157
2026-03-28,1774721400,-6,up,0.49,20.408163,0.9999999999890185,0.49250698
2026-03-28,1774722300,-4,down,0.88,11.363636,0.9723252700827933,0.112608
2026-03-28,1774722600,-6,up,0.68,14.705882,0.99999993831491,-0.69523203
2026-03-28,1774722900,-6,down,0.66999996,14.925374,1.0,0.31452304
2026-03-28,1774723800,-6,down,0.37,27.027027,1.0,0.613683
2026-03-28,1774724100,-6,up,0.49,20.408163,0.9386226054737291,0.49250698
2026-03-28,1774724400,-6,up,0.59,16.949154,0.9999999998232195,-0.606933
2026-03-28,1774724700,-6,up,0.89,11.235955,1.0,0.103147015
2026-03-28,1774725900,-6,down,0.79,12.658228,0.9999913627795847,0.19838698
2026-03-28,1774726500,-6,down,0.47000003,16.26,0.9999999999999888,-0.48743704
2026-03-28,1774727100,-2,down,0.83,12.048193,0.9977386933527262,0.16012302
2026-03-28,1774727400,-6,up,0.72,13.888888,0.999999999120275,0.26588798
2026-03-28,1774729200,-6,down,0.94,10.638298,0.9999471882583547,0.056052003
2026-03-28,1774729800,-6,up,0.93,10.0,0.9867291561134549,0.065442994
2026-03-28,1774730100,-6,up,0.59,16.949154,1.0,-0.606933
2026-03-28,1774730400,-6,down,0.76,13.157895,1.0,0.22723201
2026-03-28,1774730700,-6,up,0.37,19.96,0.9283750939163671,0.613683
2026-03-28,1774732500,-4,up,0.88,11.363636,0.9833090506455546,0.112608
2026-03-28,1774733100,-6,down,0.48000002,20.833332,1.0,-0.49747202
2026-03-28,1774733400,-6,down,0.88,11.363636,1.0,0.112608
2026-03-28,1774733700,-6,up,0.94,10.638298,0.9999367915705896,0.056052003
2026-03-28,1774734000,-6,up,0.57,17.54386,0.9999999903854596,0.41284302
2026-03-28,1774734900,-5,down,0.43,23.255814,0.6547197463709877,-0.447157
2026-03-28,1774736700,-5,down,0.64,15.625,0.9999985628420931,-0.656128
2026-03-28,1774738200,-3,up,0.92,10.869565,0.9873921725882864,0.07484798
2026-03-29,1774743300,-6,up,0.93,10.752688,1.0,0.065442994
2026-03-29,1774745400,-6,down,0.52,1.17,0.9106924313245133,0.46252802
2026-03-29,1774746300,-2,down,0.81,2.47,0.9976332007543265,0.179227
2026-03-29,1774749000,-4,up,0.88,11.363636,1.0,0.112608
2026-03-29,1774750500,-5,down,0.87,11.494253,1.0,0.12208299
2026-03-29,1774752300,-6,up,0.72,13.888888,0.883078799494381,0.26588798
2026-03-29,1774753200,-6,up,0.88,11.363636,0.9523451476296774,-0.887392
2026-03-29,1774753500,-5,down,0.32,31.25,0.9302875036528687,-0.335232
2026-03-29,1774753800,-6,down,0.81,12.345679,0.982345844228773,0.179227
2026-03-29,1774758300,-6,down,0.94,10.638298,0.9999504883522091,0.056052003
2026-03-29,1774759200,-4,up,0.93,10.752688,0.9999748913629176,0.065442994
2026-03-29,1774759500,-3,down,0.85,11.764706,0.9999991475639286,0.14107499
2026-03-29,1774760400,-5,down,0.33999997,29.411766,0.443757692073497,-0.35570797
2026-03-29,1774761000,-6,up,0.31,12.24,0.9999993663895678,-0.32497302
2026-03-29,1774761600,-5,down,0.32999998,30.303032,0.5381581965647002,-0.34547698
2026-03-29,1774762200,-2,up,0.37,11.0,0.5583438786205008,-0.386317
2026-03-29,1774762800,-6,up,0.82,12.195122,0.9999859217823727,0.169668
2026-03-29,1774764300,-5,down,0.84000003,11.904761,0.9994444116669026,0.15059197
2026-03-29,1774765800,-6,down,0.79,12.658228,0.9283902329450784,-0.80161303
2026-03-29,1774766400,-6,down,0.37,27.027027,0.7410009370720447,0.613683
2026-03-29,1774766700,-6,up,0.69,14.492754,0.9856912383021876,0.295027
2026-03-29,1774768800,-4,up,0.88,11.363636,0.9719029808310634,0.112608
2026-03-29,1774769100,-6,down,0.7,14.285714,1.0,-0.7147
2026-03-29,1774769400,-6,up,0.34,29.411764,0.9907824629385691,-0.355708
2026-03-29,1774769700,-6,up,0.58,17.24138,0.9999999999998861,-0.597052
2026-03-29,1774770000,-6,up,0.64,15.625,0.9996465282862965,0.343872
2026-03-29,1774770300,-6,up,0.53,18.867926,0.9999999999842192,0.45256302
2026-03-29,1774771200,-6,up,0.8,12.5,0.9995915004618476,0.18879999
2026-03-29,1774771500,-6,up,0.38,26.31579,0.9991204948474219,-0.396492
2026-03-29,1774771800,-6,down,0.79,12.658228,0.9999999974482001,0.19838698
2026-03-29,1774773600,-6,down,0.42000002,23.809523,0.9999999766812177,0.562948
2026-03-29,1774773900,-6,down,0.6,16.666666,1.0,0.3832
2026-03-29,1774774200,-5,down,0.32,31.25,0.5307796008019807,0.664768
2026-03-29,1774774500,-6,down,0.93,10.752688,1.0,0.065442994
2026-03-29,1774774800,-6,up,0.64,15.625,1.0,0.343872
2026-03-29,1774775400,-3,up,0.93,10.752688,0.9999990157208164,0.065442994
2026-03-29,1774777200,-6,down,0.9,11.111112,0.9999999743456434,0.09370002
2026-03-29,1774777500,-6,up,0.78,12.820514,1.0,0.20798802
2026-03-29,1774778100,-6,up,0.88,11.363636,0.9999957069803151,0.112608
2026-03-29,1774778700,-6,down,0.39,25.641027,0.9769457407392541,0.593347
2026-03-29,1774779000,-6,down,0.48000002,5.0,0.9999248582963268,-0.49747202
2026-03-29,1774779600,-6,down,0.72,13.888888,0.9999999701088966,0.26588798
2026-03-29,1774779900,-6,up,0.54,18.518518,1.0,0.442612
2026-03-29,1774780200,-6,down,0.93,10.752688,0.9999999999997905,0.065442994
2026-03-29,1774780800,-6,down,0.31,5.29,0.9999938475128464,-0.32497302
2026-03-29,1774782900,-6,down,0.32999998,30.303032,0.9486309493707161,-0.34547698
2026-03-29,1774783200,-2,up,0.92,10.869565,0.9987842239643647,0.07484798
2026-03-29,1774786200,-3,down,0.82,12.195122,0.9868232606900076,0.169668
2026-03-29,1774786800,-6,down,0.36,5.0,0.9999999999960459,-0.37612802
2026-03-29,1774788000,-2,down,0.89,11.235955,0.9999999997290469,0.103147015
2026-03-29,1774788900,-6,down,0.92,10.869565,0.9999999738342582,0.07484798
2026-03-29,1774790400,-6,down,0.47000003,11.74,0.7484711738310161,0.512563
2026-03-29,1774790700,-6,down,0.92,10.869565,0.9999999996062423,0.07484798
2026-03-29,1774791000,-4,up,0.89,11.235955,0.9656817003515261,0.103147015
2026-03-29,1774795800,-6,down,0.31,32.258064,0.7355601865440131,-0.32497302
2026-03-29,1774798200,-6,down,0.93,10.752688,0.9987459558540008,0.065442994
2026-03-29,1774802700,-6,down,0.65999997,15.151516,0.7329686636125008,0.32429203
2026-03-29,1774809900,-6,up,0.91,10.989011,0.9999999768031241,0.084266976
2026-03-29,1774810200,-6,up,0.34,17.88,0.8672505922332812,0.644292
2026-03-29,1774810800,-6,down,0.49,20.408163,0.9999999999337331,0.49250698
2026-03-29,1774811400,-6,up,0.82,12.195122,0.9999999877646898,0.169668
2026-03-29,1774811700,-4,up,0.89,11.235955,1.0,0.103147015
2026-03-29,1774812300,-6,down,0.43,5.0,0.9475774550736651,-0.447157
2026-03-29,1774813200,-6,up,0.85,1.26,0.9998433054730356,0.14107499
2026-03-29,1774813500,-6,up,0.81,12.345679,1.0,-0.820773
2026-03-29,1774817400,-4,up,0.76,13.157895,0.9953311160670107,0.22723201
2026-03-29,1774818300,-6,down,0.89,11.235955,1.0,0.103147015
2026-03-29,1774819800,-5,up,0.47,21.276596,1.0,-0.487437
2026-03-29,1774820100,-5,down,0.9,11.111112,0.9995442865133242,0.09370002
2026-03-29,1774821300,-6,up,0.67,13.47,0.9997182766449215,0.31452298
2026-03-29,1774821900,-6,up,0.47,21.276596,0.821783498086756,-0.487437
2026-03-29,1774823400,-6,down,0.69,7.83,0.9044959014955705,0.295027
2026-03-29,1774827900,-5,down,0.36,18.84,0.8566847799266077,-0.37612802
2026-03-30,1774829100,-6,up,0.66,1.96,0.9740742890218488,0.32429197
2026-03-30,1774831500,-5,up,0.82,5.0,0.9137515909387228,0.169668
2026-03-30,1774834800,-6,down,0.53,18.867926,0.8243612470135158,-0.54743695
2026-03-30,1774835700,-6,up,0.47,19.21,0.7798460534793398,0.512563
2026-03-30,1774836000,-6,down,0.94,10.638298,0.9973318080765873,0.056052003
2026-03-30,1774837500,-6,up,0.79,12.658228,0.9093547420791857,0.19838698
2026-03-30,1774838100,-6,down,0.32,18.96,0.565260589838414,-0.335232
2026-03-30,1774839300,-6,down,0.49,20.408163,0.9999994136272593,0.49250698
2026-03-30,1774842300,-6,down,0.61,16.393442,0.890190822050547,0.37334698
2026-03-30,1774843800,-6,up,0.51,10.51,0.7202211514395321,0.472507
2026-03-30,1774844400,-6,down,0.76,13.157895,0.9879805397523909,0.22723201
2026-03-30,1774844700,-6,up,0.92,10.869565,0.9947031762123789,0.07484798
2026-03-30,1774846800,-5,down,0.32,31.25,0.9749075035768003,-0.335232
2026-03-30,1774848000,-6,down,0.6,1.12,0.711781253456242,-0.6168
2026-03-30,1774851900,-5,down,0.71000004,14.084506,0.889843386282811,-0.72441304
2026-03-30,1774853100,-5,up,0.89,11.235955,0.9586608164470892,0.103147015
2026-03-30,1774854000,-6,down,0.52,5.0,0.999400784453496,0.46252802
2026-03-30,1774854900,-5,up,0.89,5.0,0.9889179618306299,0.103147015
2026-03-30,1774855800,-6,down,0.33999997,0.38,0.678689283644175,-0.35570797
2026-03-30,1774856400,-6,up,0.44,5.59,0.9999999854038043,0.542752
2026-03-30,1774858500,-6,down,0.57,6.0,0.9908481320041611,0.41284302
2026-03-30,1774859400,-5,up,0.36,27.777777,0.4543167966310382,-0.37612802
2026-03-30,1774865100,-6,down,0.64,15.625,0.8590016854827375,0.343872
2026-03-30,1774868100,-6,down,0.86,11.627907,0.9934181780099659,0.131572
2026-03-30,1774875600,-6,up,0.86,11.627907,0.9494754391948838,0.131572
2026-03-30,1774877700,-4,down,0.93,10.752688,0.9846947767897369,0.065442994
2026-03-30,1774879500,-6,up,0.92,10.869565,0.9906241702454611,0.07484798
2026-03-30,1774886700,-6,up,0.89,11.235955,0.9619335370549524,0.103147015
2026-03-30,1774889100,-5,down,0.90999997,5.0,0.9999455775017312,0.084267035
2026-03-30,1774893600,-6,up,0.6,16.666666,0.8504062652702984,0.3832
2026-03-30,1774899300,-6,down,0.8,12.5,0.9996317879810178,0.18879999
2026-03-30,1774899600,-6,down,0.42000002,23.809523,0.9025658763384858,-0.437052
2026-03-30,1774900800,-2,up,0.8,12.5,0.9185825544676658,0.18879999
2026-03-30,1774901700,-5,up,0.59,16.949154,0.7555838752037694,-0.606933
2026-03-30,1774903200,-6,up,0.57,17.54386,0.9779175534674592,0.41284302
2026-03-30,1774904100,-5,down,0.9,11.111112,0.9998876451937921,0.09370002
2026-03-30,1774910100,-6,up,0.32,31.25,0.9356714060549757,-0.335232
2026-03-31,1774915200,-2,up,0.33,16.93,0.998765704058105,0.65452296
2026-03-31,1774929900,-5,up,0.6,16.666666,0.9871986136772668,0.3832
2026-03-31,1774930200,-3,up,0.58,17.24138,0.7828020349844376,-0.597052
2026-03-31,1774930800,-6,up,0.89,11.235955,0.999999886238193,0.103147015
2026-03-31,1774934700,-6,up,0.35,28.571428,0.9999787173604973,0.634075
2026-03-31,1774936200,-6,down,0.52,19.23077,0.999998032565197,-0.537472
2026-03-31,1774936800,-6,down,0.74,13.513514,0.9217471357545209,-0.75346804
2026-03-31,1774938000,-6,up,0.47,21.276596,0.9995943374843809,0.512563
2026-03-31,1774938300,-6,down,0.93,10.752688,0.9955798356711795,0.065442994
2026-03-31,1774938600,-5,up,0.9,11.111112,0.9960380829048214,-0.90629995
2026-03-31,1774938900,-5,down,0.81,12.345679,0.9703112086387309,0.179227
2026-03-31,1774940100,-6,down,0.82,12.195122,0.8884178705447483,0.169668
2026-03-31,1774941600,-4,up,0.92,10.869565,1.0,-0.925152
2026-03-31,1774942500,-6,up,0.84,11.904762,0.9773286334585686,0.15059203
2026-03-31,1774943400,-3,up,0.47,21.276596,0.7098728613304173,-0.487437
2026-03-31,1774944900,-6,up,0.43,23.255814,0.9891410414690576,0.552843
2026-03-31,1774952100,-6,down,0.74,13.513514,0.9924324330215204,0.246532
2026-03-31,1774956300,-6,down,0.71000004,14.084506,0.8149270570998441,0.27558696
2026-03-31,1774958700,-6,down,0.39999998,25.000002,0.5761745325196436,-0.41679996
2026-03-31,1774978200,-6,up,0.63,1.62,0.9426895336748892,-0.646317
2026-03-31,1774980600,-6,up,0.71,14.084508,0.9999401577277239,0.27558702
2026-03-31,1774988400,-6,down,0.39999998,25.000002,0.8260413087813592,0.58320004
2026-03-31,1774991400,-6,up,0.42,23.809525,0.7071328651594346,-0.43705198
2026-03-31,1774995300,-5,down,0.75,13.333333,0.8379599359122696,-0.763125
2026-03-31,1774997100,-6,down,0.7,10.0,0.935388611615024,0.28530002
2026-03-31,1774997400,-6,up,0.94,10.638298,0.9999999908865912,-0.943948
2026-03-31,1774997700,-3,down,0.9,11.111112,0.9940184182917804,-0.90629995
2026-03-31,1774998000,-6,down,0.55,18.181818,0.9999999999833734,0.432675
2026-03-31,1774998600,-6,down,0.42000002,5.44,0.8460210412299157,0.562948
2026-03-31,1774999500,-6,up,0.51,19.607843,0.5919340864745478,0.472507
2026-03-31,1774999800,-6,up,0.66,15.151515,0.998716543549715,-0.67570806
2026-04-01,1775001900,-6,down,0.93,10.752688,0.9999999462429189,0.065442994
2026-04-01,1775003100,-6,down,0.36,10.0,0.9846816409247698,-0.37612802
2026-04-01,1775005200,-6,down,0.38,26.31579,0.9998741370150972,-0.396492
2026-04-01,1775006400,-6,down,0.77,12.987013,0.9999999952165005,0.21760301
2026-04-01,1775006700,-6,up,0.58,17.24138,1.0,-0.597052
2026-04-01,1775009100,-6,down,0.65,15.384616,0.7284163743194152,-0.66592497
2026-04-01,1775009400,-6,down,0.84000003,11.904761,0.9326067048773774,0.15059197
2026-04-01,1775011200,-6,up,0.61,16.393442,0.9999999999999997,0.37334698
2026-04-01,1775011500,-6,down,0.39999998,15.51,0.747145758601637,0.58320004
2026-04-01,1775013300,-6,up,0.85,10.0,0.9909030163673709,0.14107499
2026-04-01,1775013900,-6,down,0.37,27.027027,1.0,-0.386317
2026-04-01,1775014200,-6,up,0.48,7.61,0.9999999994300159,-0.497472
2026-04-01,1775014500,-6,down,0.48000002,15.0,0.999794557170586,-0.49747202
2026-04-01,1775015700,-6,down,0.8,12.5,1.0,-0.8112
2026-04-01,1775016000,-5,up,0.33,19.7,0.9991210812242,-0.345477
2026-04-01,1775016300,-6,down,0.85,11.764706,0.9523909218809032,0.14107499
2026-04-01,1775017200,-6,down,0.31,7.35,0.7301492672670351,-0.32497302
2026-04-01,1775017800,-6,up,0.94,10.638298,0.9999999240140497,0.056052003
2026-04-01,1775019300,-6,down,0.8,12.5,0.9999922253914199,0.18879999
2026-04-01,1775022000,-6,up,0.46,21.73913,0.9933719580018326,-0.477388
2026-04-01,1775026800,-6,up,0.859,11.641443,0.9616509490116592,0.13252164
2026-04-01,1775028300,-6,up,0.88,11.363636,0.9999740615911701,0.112608
2026-04-01,1775028600,-6,down,0.38,26.31579,0.7724469576964034,-0.396492
2026-04-01,1775029200,-6,down,0.85,11.764706,0.999999999999989,0.14107499
2026-04-01,1775030100,-6,down,0.39999998,5.0,0.9733433734872636,0.58320004
2026-04-01,1775030400,-4,up,0.39,25.641027,0.46097289526363594,-0.406653
2026-04-01,1775031300,-6,up,0.65,6.67,0.9879905571678179,0.33407503
2026-04-01,1775032200,-5,down,0.8,10.0,0.9941038665793458,-0.8112
2026-04-01,1775038200,-6,up,0.83,12.048193,1.0,-0.839877
2026-04-01,1775040000,-6,up,0.7,14.285714,0.9999965886723357,0.28530002
2026-04-01,1775040900,-5,down,0.53999996,18.51852,0.8518792990917485,0.44261205
2026-04-01,1775043000,-3,down,0.94,10.638298,0.9995596650396319,0.056052003
2026-04-01,1775043600,-6,down,0.66999996,3.08,0.9713026418561803,0.31452304
2026-04-01,1775044500,-6,up,0.32,10.0,0.6799093980506142,-0.335232
2026-04-01,1775045100,-4,up,0.45,22.222223,0.9818012802945197,0.532675
2026-04-01,1775047200,-6,down,0.7,14.285714,0.965321302885341,-0.7147
2026-04-01,1775048100,-6,down,0.9,8.13,0.9626904264526361,0.09370002
2026-04-01,1775052900,-5,up,0.81,12.345679,0.97413167733234,0.179227
2026-04-01,1775055300,-6,up,0.38,26.31579,0.6501996313985969,-0.396492
2026-04-01,1775055600,-6,down,0.33999997,29.411766,0.8502271208628631,-0.35570797
2026-04-01,1775062200,-6,down,0.89,11.235955,0.9487233425454128,0.103147015
2026-04-01,1775063700,-5,down,0.32999998,30.303032,0.7023081261973889,0.654523
2026-04-01,1775066700,-6,down,0.56,11.0,0.9534948167708113,0.422752
2026-04-01,1775074200,-5,down,0.31,23.26,0.9983279628918675,0.675027
2026-04-01,1775075400,-6,up,0.37,20.57,0.6173988493758886,0.613683
2026-04-01,1775076300,-6,up,0.93,10.0,0.9996688412479174,0.065442994
2026-04-01,1775080200,-5,up,0.47,13.0,0.7980693194661543,-0.487437
2026-04-01,1775081400,-6,down,0.84000003,11.904761,0.9733726570259058,0.15059197
2026-04-01,1775084700,-6,up,0.77,12.987013,0.8595796562904001,-0.782397
2026-04-01,1775086200,-6,up,0.43,23.255814,0.6632687024787941,0.552843
2026-04-02,1775095500,-6,up,0.32,31.25,0.39857516744857285,-0.335232
2026-04-02,1775098500,-6,up,0.53,18.867926,0.974439199332527,-0.54743695
2026-04-02,1775098800,-6,up,0.64,5.0,0.8899335481405043,-0.656128
2026-04-02,1775103900,-6,up,0.73,13.698629,0.9500038247064146,0.256203
2026-04-02,1775104800,-6,up,0.61,16.393442,0.9823004411035803,0.37334698
2026-04-02,1775105700,-6,up,0.9,11.111112,0.9999339366896005,0.09370002
2026-04-02,1775106600,-6,up,0.5,20.0,1.0,0.4825
2026-04-02,1775107500,-6,down,0.57,17.54386,0.9999999288653729,0.41284302
2026-04-02,1775107800,-6,up,0.85,1.57,0.9984866181209293,-0.85892504
2026-04-02,1775108100,-6,up,0.81,8.15,0.9918685689057233,0.179227
2026-04-02,1775109600,-6,up,0.67,13.32,0.9584533193746458,0.31452298
2026-04-02,1775113200,-6,up,0.61,16.393442,0.9719368808950003,0.37334698
2026-04-02,1775114400,-6,up,0.51,10.0,0.9999900044023996,0.472507
2026-04-02,1775117400,-6,up,0.68,14.705882,0.8466790773952224,0.304768
2026-04-02,1775122500,-5,up,0.92,10.869565,1.0,0.07484798
2026-04-02,1775127300,-6,up,0.46,15.0,0.9999983605265659,0.522612
2026-04-02,1775128800,-6,up,0.61,16.393442,0.9999999774207601,0.37334698
2026-04-02,1775139300,-6,up,0.81,12.345679,0.9257292748989017,0.179227
2026-04-02,1775139600,-6,up,0.9,11.111112,0.9707118613760519,0.09370002
2026-04-02,1775141700,-6,up,0.7,14.285714,0.8862827505560238,-0.7147
2026-04-02,1775142300,-6,up,0.7,10.0,0.96862670911846,0.28530002
2026-04-02,1775144400,-5,up,0.87,11.494253,0.999391533820922,0.12208299
2026-04-02,1775146200,-6,up,0.36,27.777777,0.8948322874374366,-0.37612802
2026-04-02,1775148300,-6,up,0.78,12.820514,0.9691314585444734,0.20798802
2026-04-02,1775152200,-6,up,0.42,23.809525,0.9624336090333945,0.56294805
2026-04-02,1775158800,-6,up,0.92,10.869565,0.99205665266917,0.07484798
2026-04-02,1775159700,-6,down,0.9,11.111112,0.9970114670021486,0.09370002
2026-04-02,1775168700,-4,down,0.53,18.867926,0.6272923937260886,-0.54743695
2026-04-02,1775171100,-4,down,0.68,3.26,0.9999788809413956,0.304768
2026-04-02,1775173200,-6,up,0.34,29.411764,0.8221891605025866,-0.355708
2026-04-02,1775173800,-3,up,0.78,10.0,0.948596195397206,0.20798802
2026-04-02,1775174100,-6,up,0.32,5.0,1.0,0.664768
2026-04-03,1775175000,-6,down,0.66999996,8.5,1.0,-0.68547696
2026-04-03,1775176200,-6,up,0.9,11.111112,0.9997142586181395,0.09370002
2026-04-03,1775176500,-6,up,0.87,11.494253,1.0,0.12208299
2026-04-03,1775178000,-5,up,0.38,26.31579,0.82141788265174,-0.396492
2026-04-03,1775181000,-6,down,0.39,25.641027,0.9738942400014822,0.593347
2026-04-03,1775183400,-6,up,0.91,10.989011,0.9973545432483966,0.084266976
2026-04-03,1775186100,-4,up,0.66,15.151515,0.9998363444616141,0.32429197
2026-04-03,1775186400,-6,up,0.88,11.363636,1.0,0.112608
2026-04-03,1775187600,-6,down,0.6,16.666666,0.6982674660913217,0.3832
2026-04-03,1775188500,-6,up,0.67,6.77,0.9999998616156333,0.31452298
2026-04-03,1775189400,-6,down,0.31,30.0,0.4612285888475903,-0.32497302
2026-04-03,1775189700,-6,up,0.88,10.0,0.9999998575278106,0.112608
2026-04-03,1775192100,-6,up,0.31,32.258064,0.7305312262814087,-0.32497302
2026-04-03,1775194500,-4,down,0.31,15.0,0.440060957745266,-0.32497302
2026-04-03,1775196000,-6,up,0.77,12.987013,0.9102666739794193,-0.782397
2026-04-03,1775196900,-6,up,0.41,24.390244,0.5916168905505675,-0.426933
2026-04-03,1775199600,-5,up,0.81,10.0,0.9999865047150749,0.179227
2026-04-03,1775200800,-2,down,0.7,14.285714,0.8479195900416203,-0.7147
2026-04-03,1775202000,-5,down,0.86,11.627907,0.9325162270654599,0.131572
2026-04-03,1775202600,-6,up,0.78,12.820514,0.999999999998307,0.20798802
2026-04-03,1775210700,-6,up,0.54,18.518518,0.9978358841472967,0.442612
2026-04-03,1775217600,-6,down,0.52,10.0,0.8377724037249956,0.46252802
2026-04-03,1775217900,-6,up,0.73,13.698629,0.9986707267543342,0.256203
2026-04-03,1775224500,-6,down,0.74,10.0,0.9997973157645839,0.246532
2026-04-03,1775225400,-5,up,0.92,10.869565,0.9903944563738927,0.07484798
2026-04-03,1775225700,-6,down,0.32,2.21,0.9999944981651989,-0.335232
2026-04-03,1775226600,-5,up,0.57,7.52,0.6791243456822794,-0.587157
2026-04-03,1775226900,-6,down,0.71000004,14.084506,0.7997648832078927,0.27558696
2026-04-03,1775228100,-6,up,0.38,10.0,0.9999956887774876,-0.396492
2026-04-03,1775228400,-6,up,0.39,3.6,0.9998941612412502,0.593347
2026-04-03,1775229900,-4,up,0.45,20.0,0.9999341923702424,0.532675
2026-04-03,1775230500,-6,up,0.9,11.111112,0.9873497723695838,0.09370002
2026-04-03,1775231400,-4,up,0.34,29.411764,0.9999521660600506,0.644292
2026-04-03,1775231700,-6,up,0.33,10.96,0.9999999999684094,-0.345477
2026-04-03,1775232000,-6,up,0.84,10.0,0.999999999999722,0.15059203
2026-04-03,1775232300,-6,up,0.79,12.658228,0.9999999997752425,0.19838698
2026-04-03,1775232900,-6,up,0.75,10.0,0.907897880062817,0.236875
2026-04-03,1775233800,-5,up,0.89,7.87,0.9792157344310591,0.103147015
2026-04-03,1775235000,-6,up,0.78,0.63,0.9999987611017416,0.20798802
2026-04-03,1775235600,-6,down,0.32999998,12.69,0.9992021094170649,0.654523
2026-04-03,1775237400,-4,up,0.69,10.0,1.0,0.295027
2026-04-03,1775238000,-6,down,0.65,15.384616,0.9981788271009924,-0.66592497
2026-04-03,1775238600,-6,up,0.41,10.0,1.0,0.573067
2026-04-03,1775239200,-6,up,0.94,8.33,1.0,0.056052003
2026-04-03,1775239500,-4,down,0.94,10.0,1.0,0.056052003
2026-04-03,1775241000,-6,up,0.88,10.0,0.9999675076214839,0.112608
2026-04-03,1775243400,-6,up,0.53,18.867926,0.9967255918542836,-0.54743695
2026-04-03,1775243700,-3,up,0.4,25.0,0.8952190548417596,0.58320004
2026-04-03,1775244000,-6,up,0.51,19.607843,0.9999999995410594,0.472507
2026-04-03,1775244300,-6,up,0.86,5.0,0.9999996469255122,0.131572
2026-04-03,1775244600,-6,down,0.33999997,29.411766,0.9555381066709265,-0.35570797
2026-04-03,1775246700,-6,up,0.64,10.93,0.8665641855039213,0.343872
2026-04-03,1775247000,-6,up,0.69,14.492754,0.9762177387816621,0.295027
2026-04-03,1775247300,-5,up,0.61,16.393442,0.8343856559329823,-0.626653
2026-04-03,1775247600,-6,down,0.57,17.54386,0.9999999999999981,0.41284302
2026-04-03,1775247900,-4,up,0.38,26.31579,1.0,-0.396492
2026-04-03,1775248200,-6,up,0.51,15.0,0.8819880493220056,-0.527493
2026-04-03,1775250900,-6,up,0.58,17.24138,0.9999999999994055,-0.597052
2026-04-03,1775251200,-6,up,0.88,11.363636,1.0,0.112608
2026-04-03,1775251500,-6,up,0.74,13.513514,1.0,-0.75346804
2026-04-03,1775251800,-6,up,0.8,12.5,0.999999999999461,0.18879999
2026-04-03,1775253000,-6,down,0.82,12.195122,0.9948352449594305,0.169668
2026-04-03,1775254800,-6,down,0.9,11.111112,0.9999999999999999,0.09370002
2026-04-03,1775256600,-6,up,0.93,4.0,0.9999999994114696,0.065442994
2026-04-03,1775256900,-6,up,0.6,2.21,0.9363654159220691,-0.6168
2026-04-03,1775257200,-6,up,0.94,10.638298,0.9999956708423285,0.056052003
2026-04-03,1775257800,-6,down,0.42000002,10.0,0.9999999999949978,0.562948
2026-04-03,1775258100,-6,down,0.57,17.54386,1.0,-0.587157
2026-04-03,1775259000,-6,up,0.35,28.571428,1.0,-0.36592498
2026-04-04,1775261700,-6,up,0.88,11.363636,1.0,0.112608
2026-04-04,1775262300,-6,up,0.33,5.74,1.0,-0.345477
2026-04-04,1775262900,-6,up,0.87,11.494253,0.9799371348982882,0.12208299
2026-04-04,1775263200,-6,down,0.86,11.627907,1.0,0.131572
2026-04-04,1775264100,-6,down,0.48000002,3.72,0.9933595962223225,0.50252795
2026-04-04,1775265600,-6,down,0.71000004,14.084506,1.0,-0.72441304
2026-04-04,1775266200,-6,up,0.92,10.869565,1.0,0.07484798
2026-04-04,1775266500,-6,up,0.36,0.44,1.0,-0.37612802
2026-04-04,1775266800,-6,down,0.84000003,11.904761,0.9912836367551028,0.15059197
2026-04-04,1775267100,-6,up,0.71,14.084508,0.9999999999966833,0.27558702
2026-04-04,1775267400,-6,up,0.87,11.494253,1.0,0.12208299
2026-04-04,1775267700,-6,up,0.85,11.764706,0.9999999976514471,0.14107499
2026-04-04,1775269500,-6,up,0.41,10.0,1.0,0.573067
2026-04-04,1775270100,-6,down,0.94,10.0,0.9999999912894891,0.056052003
2026-04-04,1775270700,-6,up,0.41,24.390244,0.9294092769146117,-0.426933
2026-04-04,1775278200,-6,down,0.35000002,10.0,1.0,-0.365925
2026-04-04,1775278500,-6,up,0.4,25.0,0.99845536027778,-0.41680002
2026-04-04,1775278800,-6,up,0.93,10.752688,0.9999999990498096,0.065442994
2026-04-04,1775279100,-6,up,0.87,11.494253,0.9999999998422772,0.12208299
2026-04-04,1775279400,-6,up,0.35,28.571428,0.9639121070986996,-0.36592498
2026-04-04,1775279700,-6,up,0.82,12.195122,1.0,0.169668
2026-04-04,1775280000,-6,up,0.62,7.39,0.9999663503558973,-0.636492
2026-04-04,1775280300,-5,down,0.78,12.820514,1.0,0.20798802
2026-04-04,1775280900,-6,down,0.92,10.869565,0.9999999999999982,0.07484798
2026-04-04,1775281500,-4,up,0.72,13.888888,0.9999834714577437,0.26588798
2026-04-04,1775281800,-6,up,0.93,10.0,1.0,0.065442994
2026-04-04,1775282100,-6,down,0.58000004,7.48,0.876409276132122,-0.59705204
2026-04-04,1775282700,-3,up,0.88,11.363636,0.9999924183353521,0.112608
2026-04-04,1775283300,-6,up,0.92,10.869565,1.0,0.07484798
2026-04-04,1775283900,-6,down,0.69,14.492754,0.9996801021040482,-0.704973
2026-04-04,1775284200,-6,down,0.93,10.752688,0.9999829343044238,0.065442994
2026-04-04,1775286600,-6,up,0.6,7.51,0.9999849742972703,0.3832
2026-04-04,1775287200,-6,down,0.94,10.638298,1.0,0.056052003
2026-04-04,1775287500,-6,up,0.82,12.195122,0.999999297930681,-0.830332
2026-04-04,1775288400,-6,up,0.58,12.0,1.0,-0.597052
2026-04-04,1775289000,-6,up,0.85,8.82,0.9954694014762857,0.14107499
2026-04-04,1775289900,-6,down,0.79,12.658228,0.9999707029478778,0.19838698
2026-04-04,1775290200,-6,up,0.9,11.111112,0.9999999999795302,0.09370002
2026-04-04,1775291700,-6,up,0.93,10.752688,1.0,0.065442994
2026-04-04,1775292000,-6,up,0.8,10.0,0.9729073512893233,0.18879999
2026-04-04,1775292600,-6,down,0.92,10.869565,1.0,0.07484798
2026-04-04,1775294100,-6,down,0.47000003,10.0,0.9999999999998297,-0.48743704
2026-04-04,1775294700,-6,down,0.43,23.255814,0.9038944943503452,-0.447157
2026-04-04,1775295300,-6,up,0.74,13.513514,1.0,0.246532
2026-04-04,1775295900,-6,up,0.78,10.0,1.0,0.20798802
2026-04-04,1775296800,-6,up,0.33,7.61,0.9999999981005615,-0.345477
2026-04-04,1775298300,-6,up,0.86,5.0,1.0,0.131572
2026-04-04,1775298600,-6,up,0.61,10.0,1.0,-0.626653
2026-04-04,1775300400,-6,up,0.82,10.0,1.0,0.169668
2026-04-04,1775300700,-6,down,0.43,15.0,0.9999917742407989,-0.447157
2026-04-04,1775301900,-6,up,0.8,12.5,1.0,0.18879999
2026-04-04,1775304000,-6,up,0.89,11.235955,1.0,0.103147015
2026-04-04,1775304900,-6,up,0.5,9.85,1.0,-0.5175
2026-04-04,1775308200,-2,up,0.4,25.0,1.0,0.58320004
2026-04-04,1775308500,-6,up,0.88,4.66,1.0,0.112608
2026-04-04,1775309100,-6,up,0.54,5.0,1.0,0.442612
2026-04-04,1775310000,-4,up,0.38,0.23,0.9839390345866053,-0.396492
2026-04-04,1775310900,-6,up,0.33,30.30303,0.9999999999976822,0.65452296
2026-04-04,1775311200,-6,up,0.92,10.869565,0.9999999999999852,0.07484798
2026-04-04,1775314800,-2,up,0.39,25.641027,1.0,0.593347
2026-04-04,1775317200,-6,up,0.59,2.85,0.9999458698769412,-0.606933
2026-04-04,1775317500,-4,up,0.36,27.777777,0.9999987641333518,-0.37612802
2026-04-04,1775319000,-6,up,0.69,14.492754,0.9932499489383904,0.295027
2026-04-04,1775319300,-6,up,0.93,10.752688,1.0,0.065442994
2026-04-04,1775321400,-2,up,0.94,10.638298,0.9999999999999997,0.056052003
2026-04-04,1775323500,-4,up,0.54,10.0,0.9999954454922457,0.442612
2026-04-04,1775325300,-6,up,0.75,13.333333,0.9999999999999999,-0.763125
2026-04-04,1775325900,-6,up,0.92,10.869565,1.0,0.07484798
2026-04-04,1775326200,-6,up,0.85,11.764706,1.0,0.14107499
2026-04-04,1775328300,-6,up,0.33,30.30303,0.7198922566239545,-0.345477
2026-04-04,1775334000,-6,up,0.44,22.727272,1.0,0.542752
2026-04-04,1775334300,-6,up,0.72,13.888888,0.9999999940063748,0.26588798
2026-04-04,1775334600,-6,up,0.83,6.0,0.9998957590408052,0.16012302
2026-04-04,1775334900,-5,up,0.37,26.53,0.5197184644482085,-0.386317
2026-04-04,1775335200,-6,up,0.32,14.96,0.999999952686327,-0.335232
2026-04-04,1775336400,-6,up,0.88,10.0,0.9997984299716065,0.112608
2026-04-04,1775337600,-6,up,0.86,11.627907,0.9942895415794538,0.131572
2026-04-04,1775338200,-6,down,0.32999998,7.86,1.0,-0.34547698
2026-04-04,1775338800,-6,down,0.35000002,20.0,0.9615520304072406,-0.365925
2026-04-04,1775341200,-6,up,0.59,16.37,0.9942866397336043,0.39306703
2026-04-04,1775341500,-6,down,0.83,5.74,0.9994436148993955,0.16012302
2026-04-04,1775343000,-6,down,0.84000003,11.904761,0.9263004822125418,0.15059197
2026-04-04,1775344500,-6,up,0.63,15.873016,0.99998952223802,-0.646317
2026-04-04,1775346000,-5,down,0.31,10.0,0.9999979485393609,-0.32497302
2026-04-05,1775348700,-5,up,0.88,11.363636,0.9999987474497454,0.112608
2026-04-05,1775349900,-5,down,0.51,19.607843,1.0,0.472507
2026-04-05,1775350500,-5,down,0.44,5.0,1.0,0.542752
2026-04-05,1775353200,-6,up,0.86,11.627907,1.0,0.131572
2026-04-05,1775354100,-5,down,0.65,10.0,0.991756858105345,0.33407503
2026-04-05,1775354400,-6,down,0.93,10.752688,1.0,0.065442994
2026-04-05,1775357100,-6,up,0.88,11.363636,0.9999999999999943,0.112608
2026-04-05,1775357700,-6,up,0.93,10.752688,1.0,0.065442994
2026-04-05,1775359200,-6,up,0.92,10.869565,1.0,0.07484798
2026-04-05,1775360700,-6,up,0.87,10.0,1.0,0.12208299
2026-04-05,1775361300,-6,up,0.65,0.65,0.9999999999856798,0.33407503
2026-04-05,1775364900,-6,up,0.66,1.91,0.9999999998730317,0.32429197
2026-04-05,1775365500,-6,up,0.94,10.638298,0.9999999999976772,0.056052003
2026-04-05,1775366700,-6,up,0.33,15.0,0.9999999999997615,0.65452296
2026-04-05,1775371800,-6,up,0.6,12.0,1.0,-0.6168
2026-04-05,1775375100,-4,up,0.39,25.0,1.0,-0.406653
2026-04-05,1775376300,-6,up,0.93,10.752688,1.0,0.065442994
2026-04-05,1775377200,-6,up,0.76,10.0,1.0,-0.772768
2026-04-05,1775377800,-6,up,0.7,3.8,0.9999999868668075,-0.7147
2026-04-05,1775378100,-6,up,0.87,11.494253,1.0,0.12208299
2026-04-05,1775379000,-6,up,0.58,9.72,1.0,0.40294802
2026-04-05,1775380200,-6,up,0.89,10.11,1.0,0.103147015
2026-04-05,1775381100,-5,up,0.69,12.7,0.9996396915973942,0.295027
2026-04-05,1775382300,-6,up,0.63,3.2,0.9999999999931275,0.353683
2026-04-05,1775382900,-6,up,0.66,6.45,1.0,0.32429197
2026-04-05,1775383200,-6,up,0.45,8.77,0.5381632775478437,-0.467325
2026-04-05,1775383500,-6,up,0.85,11.764706,1.0,-0.85892504
2026-04-05,1775384100,-2,up,0.43,11.88,1.0,-0.447157
2026-04-05,1775385000,-6,up,0.66,10.0,1.0,0.32429197
2026-04-05,1775386200,-6,up,0.89,11.235955,0.9991272933712378,0.103147015
2026-04-05,1775386500,-6,up,0.33,15.0,0.9999999999985688,0.65452296
2026-04-05,1775386800,-6,up,0.87,10.0,0.9999998718564178,0.12208299
2026-04-05,1775387100,-6,up,0.48,10.61,0.9999999975565599,-0.497472
2026-04-05,1775387400,-4,up,0.31,13.0,0.9999997754006555,-0.32497302
2026-04-05,1775388600,-6,down,0.44,13.13,0.6736958872958638,-0.457248
2026-04-05,1775389200,-6,up,0.89,11.235955,1.0,0.103147015
2026-04-05,1775389800,-6,up,0.5,20.0,0.9999999999731903,0.4825
2026-04-05,1775390100,-6,up,0.87,10.0,1.0,0.12208299
2026-04-05,1775392800,-6,up,0.94,10.638298,0.9959087601165065,0.056052003
2026-04-05,1775400000,-6,up,0.47,4.25,0.9992253587768005,0.512563
2026-04-05,1775401800,-6,up,0.33,30.30303,1.0,0.65452296
2026-04-05,1775403000,-6,up,0.44,22.727272,0.8942387812165502,-0.457248
2026-04-05,1775412600,-6,up,0.87,10.0,0.9999999999255328,0.12208299
2026-04-05,1775414700,-6,up,0.39,20.0,0.9999896048747481,-0.406653
2026-04-05,1775415300,-6,up,0.49,10.0,1.0,0.49250698
2026-04-05,1775415900,-6,up,0.88,11.363636,1.0,0.112608
2026-04-05,1775416800,-6,up,0.81,12.345679,0.9988823437502591,0.179227
2026-04-05,1775418300,-6,down,0.92,10.869565,0.9971288143441711,0.07484798
2026-04-05,1775418600,-6,up,0.91,10.0,1.0,0.084266976
2026-04-05,1775419200,-5,up,0.52,7.07,0.9425800263654449,-0.537472
2026-04-05,1775419500,-6,up,0.93,5.0,0.9999999999906668,0.065442994
2026-04-05,1775421000,-6,up,0.85,11.764706,1.0,0.14107499
2026-04-05,1775424900,-5,up,0.34,24.0,1.0,0.644292
2026-04-06,1775433900,-6,up,0.63,15.873016,0.9491600050706871,0.353683
2026-04-06,1775437500,-6,up,0.8,12.5,0.9990851849689715,-0.8112
2026-04-06,1775438100,-6,up,0.53,18.867926,0.9993010767006576,0.45256302
2026-04-06,1775439900,-4,up,0.45,22.222223,1.0,-0.467325
2026-04-06,1775440200,-6,up,0.63,15.873016,0.9999999999835057,-0.646317
2026-04-06,1775440500,-4,up,0.66,9.0,0.8411952876117763,0.32429197
2026-04-06,1775441100,-6,up,0.83,12.048193,0.986073702433495,0.16012302
2026-04-06,1775443200,-6,down,0.94,10.638298,0.999999886207098,0.056052003
2026-04-06,1775444400,-6,up,0.77,12.987013,0.9999720848903324,0.21760301
2026-04-06,1775449500,-6,up,0.87,11.494253,0.9999998871007652,0.12208299
2026-04-06,1775449800,-6,up,0.94,3.82,1.0,0.056052003
2026-04-06,1775451000,-6,up,0.92,10.869565,1.0,0.07484798
2026-04-06,1775451600,-6,up,0.81,12.345679,0.9986282884295435,0.179227
2026-04-06,1775452500,-6,up,0.78,12.820514,0.9999999999999549,0.20798802
2026-04-06,1775454000,-6,up,0.82,12.195122,1.0,0.169668
2026-04-06,1775454900,-6,up,0.57,17.54386,0.9999999999999998,0.41284302
2026-04-06,1775464800,-5,up,0.94,10.638298,0.9999999999999697,0.056052003
2026-04-06,1775469300,-6,up,0.89,11.235955,0.9596927411995302,0.103147015
2026-04-06,1775475900,-6,up,0.33,30.30303,0.5337396664445996,-0.345477
2026-04-06,1775482200,-5,up,0.51,19.607843,0.8410011481561688,0.472507
2026-04-06,1775489700,-6,down,0.41000003,24.390242,0.5868677087521703,0.57306695
2026-04-06,1775495700,-6,up,0.74,13.513514,0.9748997436327483,0.246532
2026-04-06,1775500800,-6,down,0.9,11.111112,0.9939441303078365,0.09370002
2026-04-06,1775501100,-3,down,0.9,11.111112,0.9999910051969368,-0.90629995
2026-04-06,1775504100,-6,down,0.61,16.393442,0.7033106871548269,0.37334698
2026-04-06,1775505300,-6,up,0.64,15.625,0.9982024947978096,0.343872
2026-04-06,1775508300,-5,down,0.39,25.641027,1.0,-0.406653
2026-04-06,1775510400,-3,down,0.9,11.111112,0.9950463066429702,0.09370002
2026-04-06,1775512500,-6,down,0.85,11.764706,0.9429620111205802,0.14107499
2026-04-06,1775519100,-5,down,0.32,13.66,0.43596486615301777,-0.335232
2026-04-07,1775522400,-6,down,0.45,18.17,0.9684204978589798,-0.467325
2026-04-07,1775524200,-6,up,0.37,20.0,0.49565679685713737,-0.386317
2026-04-07,1775525100,-6,up,0.38,12.42,0.999834883813817,-0.396492
2026-04-07,1775526000,-6,up,0.94,10.638298,0.9999999106896195,0.056052003
2026-04-07,1775527500,-6,up,0.92,10.869565,0.9827542397898433,0.07484798
2026-04-07,1775527800,-6,up,0.47,8.95,0.6962083389578221,-0.487437
2026-04-07,1775528700,-5,up,0.87,11.494253,0.9817534844134228,0.12208299
2026-04-07,1775529000,-5,down,0.94,10.638298,1.0,0.056052003
2026-04-07,1775529900,-5,up,0.8,12.5,0.9996811872207026,0.18879999
2026-04-07,1775530200,-6,up,0.76,13.157895,0.9992028720803231,0.22723201
2026-04-07,1775532300,-5,up,0.86,11.627907,0.9565225046167838,0.131572
2026-04-07,1775532900,-6,up,0.94,10.638298,0.9999646201309659,0.056052003
2026-04-07,1775535900,-6,up,0.92,10.869565,1.0,0.07484798
2026-04-07,1775538300,-6,up,0.93,10.752688,1.0,0.065442994
2026-04-07,1775538900,-6,up,0.44,12.1,0.9999687207552113,-0.457248
2026-04-07,1775540700,-6,down,0.68,2.25,0.8077906023100181,0.304768
2026-04-07,1775541300,-3,up,0.83,10.0,0.9078331798159942,0.16012302
2026-04-07,1775543700,-6,up,0.94,10.638298,0.9999999999999855,0.056052003
2026-04-07,1775544000,-5,up,0.33,30.0,0.7970808327804482,0.65452296
2026-04-07,1775546100,-3,up,0.4,15.0,0.6790047066684942,-0.41680002
2026-04-07,1775546700,-6,down,0.92,10.869565,0.9999998128920499,0.07484798
2026-04-07,1775549100,-6,up,0.37,27.027027,0.7611727075970369,-0.386317
2026-04-07,1775551500,-6,down,0.68,14.705882,0.7906089400962881,0.304768
2026-04-07,1775553300,-6,down,0.68,14.705882,0.9060563308696512,0.304768
2026-04-07,1775553900,-5,up,0.42,13.12,0.8979183957569569,0.56294805
2026-04-07,1775554500,-6,up,0.75,13.333333,0.8561430063898827,0.236875
2026-04-07,1775557800,-6,down,0.32,20.0,0.4097624262173464,-0.335232
2026-04-07,1775560800,-6,up,0.73,13.698629,0.9413451988050301,0.256203
2026-04-07,1775562900,-6,up,0.72,13.888888,0.9998173581450155,0.26588798
2026-04-07,1775574600,-4,up,0.61,16.393442,0.9786000887848973,0.37334698
2026-04-07,1775577300,-6,up,0.37,27.027027,0.9999189691445376,0.613683
2026-04-07,1775580000,-6,up,0.33,20.0,0.8849910264923139,-0.345477
2026-04-07,1775581500,-6,up,0.31,32.258064,0.5581162684887968,0.675027
2026-04-07,1775585700,-6,up,0.75,5.1,0.8388085372459352,0.236875
2026-04-07,1775591700,-6,up,0.38,20.0,0.7493238863132792,-0.396492
2026-04-07,1775593800,-6,up,0.7,14.285714,0.8734952748103897,-0.7147
2026-04-07,1775603400,-5,up,0.91,5.0,0.9734365435583182,0.084266976
2026-04-08,1775606700,-6,up,0.33,30.30303,0.6906161670980134,-0.345477
2026-04-08,1775607300,-6,up,0.61,16.393442,0.9957575248255334,0.37334698
2026-04-08,1775607900,-6,up,0.72,13.888888,0.8957784157339543,0.26588798
2026-04-08,1775611200,-4,up,0.35,28.571428,0.6566884126691552,-0.36592498
2026-04-08,1775611800,-4,up,0.38,21.89,0.999999999956414,0.603508
2026-04-08,1775613000,-6,down,0.89,2.0,0.999999987421188,-0.89685297
2026-04-08,1775613300,-6,down,0.92,10.869565,1.0,0.07484798
2026-04-08,1775613600,-6,down,0.31,5.0,0.7836513429222312,-0.32497302
2026-04-08,1775614200,-6,up,0.92,10.869565,0.9999999952753272,0.07484798
2026-04-08,1775616900,-6,down,0.8,12.5,0.9980846622920726,0.18879999
2026-04-08,1775617500,-6,down,0.57,17.54386,0.9999987025921658,0.41284302
2026-04-08,1775618400,-6,up,0.89,11.235955,0.9983471660209527,0.103147015
2026-04-08,1775619300,-6,down,0.94,10.638298,0.9999969688638334,0.056052003
2026-04-08,1775619600,-6,up,0.5,20.0,0.9497675407950015,-0.5175
2026-04-08,1775621700,-6,up,0.75,13.333333,0.9994599097752719,0.236875
2026-04-08,1775623200,-6,up,0.35,26.73,0.9268709585237177,0.634075
2026-04-08,1775623500,-6,up,0.85,11.764706,0.9999902858289483,0.14107499
2026-04-08,1775624100,-5,down,0.38,26.31579,0.574558553760054,0.603508
2026-04-08,1775624400,-6,up,0.48,20.833334,0.9998730449763524,0.50252795
2026-04-08,1775625300,-5,up,0.92,10.869565,0.9953825449586742,0.07484798
2026-04-08,1775626500,-5,down,0.33999997,10.0,0.9999984602608699,-0.35570797
2026-04-08,1775626800,-6,down,0.38,7.0,0.999999999542204,0.603508
2026-04-08,1775627400,-6,up,0.84,11.904762,0.9999853463671312,0.15059203
2026-04-08,1775627700,-6,down,0.86,2.95,0.9411115981851855,0.131572
2026-04-08,1775629200,-3,down,0.38,26.31579,0.5342062570306934,-0.396492
2026-04-08,1775630100,-6,up,0.79,12.658228,0.9089974847013118,0.19838698
2026-04-08,1775631000,-4,up,0.89,11.235955,0.9481884330510821,-0.89685297
2026-04-08,1775632200,-6,up,0.32,31.25,0.994089776455523,0.664768
2026-04-08,1775633700,-5,up,0.85,11.764706,0.9991220855929228,0.14107499
2026-04-08,1775654700,-6,up,0.51,19.607843,0.7027493326195445,0.472507
2026-04-08,1775656800,-5,down,0.55,18.181818,0.6639144852615315,0.432675
2026-04-08,1775658000,-6,up,0.94,10.638298,0.9997014162659816,0.056052003
2026-04-08,1775659500,-6,up,0.32,31.25,0.40082652699461424,0.664768
2026-04-08,1775660100,-6,up,0.68,11.92,0.8488324137874113,0.304768
2026-04-08,1775660400,-6,up,0.84,11.904762,0.9999999983566119,0.15059203
2026-04-08,1775662200,-6,up,0.34,9.9,0.6292285843261141,0.644292
2026-04-08,1775663700,-6,up,0.86,11.627907,0.9783097714421756,0.131572
2026-04-08,1775664000,-4,up,0.94,10.638298,0.9999827663217397,0.056052003
2026-04-08,1775667000,-6,down,0.92,10.869565,0.998249826831127,0.07484798
2026-04-08,1775667900,-6,down,0.85,11.764706,0.9380980051177253,0.14107499
2026-04-08,1775670000,-6,down,0.55,18.181818,0.7809196581171007,-0.567325
2026-04-08,1775672400,-6,down,0.55,18.181818,0.725536743195346,0.432675
2026-04-08,1775672700,-6,down,0.7,14.285714,0.9213432256994225,0.28530002
2026-04-08,1775673900,-6,down,0.87,11.494253,0.937241302375553,0.12208299
2026-04-08,1775677200,-6,down,0.57,17.54386,0.761433301552537,0.41284302
2026-04-08,1775678700,-6,down,0.88,11.363636,0.9991850318564215,0.112608
2026-04-08,1775681100,-6,down,0.39999998,25.000002,0.9363747265071877,-0.41679996
2026-04-08,1775682900,-6,up,0.67,14.925373,0.9999999992602037,0.31452298
2026-04-08,1775683200,-6,up,0.43,23.255814,0.9999999999999777,0.552843
2026-04-08,1775683500,-6,up,0.51,19.607843,1.0,0.472507
2026-04-08,1775683800,-6,down,0.31,32.258064,1.0,0.675027
2026-04-08,1775685000,-6,down,0.93,10.752688,0.9974234096671616,0.065442994
2026-04-08,1775686500,-6,down,0.92,10.869565,1.0,0.07484798
2026-04-08,1775691000,-6,down,0.86,11.627907,0.9896698891436457,0.131572
2026-04-08,1775692500,-6,up,0.36,27.777777,0.8656765253793013,-0.37612802
2026-04-09,1775693100,-6,up,0.92,10.869565,0.9905481860666754,0.07484798
2026-04-09,1775694000,-6,down,0.39,25.641027,0.6760465167298233,-0.406653
2026-04-09,1775694300,-5,down,0.90999997,10.989012,0.9995442551787654,0.084267035
2026-04-09,1775694900,-5,down,0.82,5.61,0.982585316041761,0.169668
2026-04-09,1775698800,-6,down,0.76,10.86,0.9525097227280506,0.22723201
2026-04-09,1775701200,-6,down,0.76,13.157895,0.9565541778897365,0.22723201
2026-04-09,1775702400,-6,down,0.53999996,18.51852,0.9999999999324652,-0.55738795
2026-04-09,1775703000,-6,up,0.88,11.363636,0.999278788940201,0.112608
2026-04-09,1775704200,-6,down,0.88,11.363636,0.9999991223206631,0.112608
2026-04-09,1775704500,-4,down,0.42000002,15.0,0.5269851307173572,0.562948
2026-04-09,1775705700,-6,down,0.87,11.494253,0.9966387933446192,0.12208299
2026-04-09,1775708700,-5,down,0.93,10.752688,0.997876453639496,0.065442994
2026-04-09,1775709000,-6,up,0.85,11.764706,0.9999999999999993,0.14107499
2026-04-09,1775709300,-4,down,0.94,10.638298,0.9982806389794284,0.056052003
2026-04-09,1775709600,-6,up,0.87,11.494253,1.0,-0.877917
2026-04-09,1775711100,-6,down,0.92,10.869565,0.9999999996114001,-0.925152
2026-04-09,1775712000,-6,down,0.79,12.658228,0.931510147019486,0.19838698
2026-04-09,1775712600,-6,down,0.35000002,7.4,0.9755537686316424,-0.365925
2026-04-09,1775713800,-6,down,0.82,12.195122,0.9999999999999863,-0.830332
2026-04-09,1775714400,-6,up,0.9,11.111112,0.9941084296544175,0.09370002
2026-04-09,1775715900,-6,down,0.93,10.752688,0.9999882380260461,0.065442994
2026-04-09,1775716500,-5,down,0.83,12.048193,0.9380214271061026,-0.839877
2026-04-09,1775719500,-5,up,0.9,11.111112,0.9673623548694718,0.09370002
2026-04-09,1775720100,-5,down,0.86,7.07,0.9659489754717333,-0.868428
2026-04-09,1775720400,-6,down,0.7,14.285714,0.963055459441057,0.28530002
2026-04-09,1775721000,-5,down,0.47000003,21.276594,0.5439059526389435,-0.48743704
2026-04-09,1775721300,-5,down,0.75,13.333333,0.8164469422776766,0.236875
2026-04-09,1775724600,-6,down,0.58000004,17.241379,0.8358667810355999,0.40294796
2026-04-09,1775724900,-6,down,0.88,11.363636,0.9818384506665222,0.112608
2026-04-09,1775727300,-6,down,0.88,8.02,0.9990777737046692,0.112608
2026-04-09,1775730900,-6,down,0.47000003,21.276594,0.7694232392950038,-0.48743704
2026-04-09,1775731500,-6,down,0.42000002,23.809523,0.9845465386168776,0.562948
2026-04-09,1775734800,-6,down,0.93,10.752688,0.9846260740517725,0.065442994
2026-04-09,1775743200,-6,up,0.86,11.627907,0.9352448749444872,-0.868428
2026-04-09,1775754300,-6,down,0.62,16.129032,0.7757596480782178,0.363508
2026-04-09,1775764800,-6,down,0.5,7.85,0.8985076710827236,0.4825
2026-04-09,1775769600,-6,down,0.9,6.0,0.999983487439509,-0.90629995
2026-04-09,1775772300,-6,down,0.45,22.222223,0.9998425495459046,-0.467325
2026-04-09,1775773200,-6,down,0.85,11.764706,0.9721305525036865,0.14107499
2026-04-09,1775778300,-6,down,0.49,20.408163,0.9928767587060563,-0.507493
2026-04-09,1775778600,-5,up,0.72,8.32,0.7868009570921051,0.26588798
2026-04-09,1775778900,-6,down,0.6,16.666666,0.9789169314410306,0.3832
2026-04-10,1775779200,-6,up,0.87,11.494253,0.9912660818161448,0.12208299
2026-04-10,1775779500,-5,up,0.84,11.904762,0.9276914836090248,0.15059203
2026-04-10,1775781000,-5,up,0.86,11.627907,0.9998191033101002,0.131572
2026-04-10,1775781300,-6,down,0.32999998,5.0,0.8942648255648327,0.654523
2026-04-10,1775783700,-6,up,0.84,11.904762,0.9550862824961573,0.15059203
2026-04-10,1775785200,-5,down,0.53999996,18.51852,0.9442597633158193,0.44261205
2026-04-10,1775787900,-6,down,0.87,8.91,0.9993608941660316,0.12208299
2026-04-10,1775788500,-6,down,0.87,11.42,0.9985199705322622,0.12208299
2026-04-10,1775788800,-6,down,0.85,11.764706,0.9999997751956803,0.14107499
2026-04-10,1775789400,-5,down,0.43,23.255814,0.9115864812795217,0.552843
2026-04-10,1775790000,-4,down,0.7,14.285714,0.8302626592394398,0.28530002
2026-04-10,1775790600,-6,down,0.8,12.5,0.9905784925884906,0.18879999
2026-04-10,1775793000,-4,down,0.31,5.36,0.47887412241966154,0.675027
2026-04-10,1775794500,-6,up,0.8,1.25,0.9997808609825479,0.18879999
2026-04-10,1775795100,-5,down,0.87,11.494253,0.9648774357062793,0.12208299
2026-04-10,1775795400,-6,down,0.73,13.698629,1.0,0.256203
2026-04-10,1775796000,-6,down,0.45,22.222223,0.998313840169311,-0.467325
2026-04-10,1775796300,-6,up,0.91,10.989011,0.9999967660827149,0.084266976
2026-04-10,1775796900,-6,up,0.85,10.49,0.9955915803688775,0.14107499
2026-04-10,1775797200,-5,down,0.43,23.255814,0.9979180838452726,-0.447157
2026-04-10,1775797800,-6,down,0.39,25.641027,0.9999934842216014,-0.406653
2026-04-10,1775798100,-6,down,0.33999997,29.411766,0.9999995343492853,-0.35570797
2026-04-10,1775798700,-6,down,0.88,6.0,0.9974996829307808,0.112608
2026-04-10,1775799900,-6,up,0.93,10.752688,0.9895944163016045,0.065442994
2026-04-10,1775800500,-6,up,0.86,0.87,0.9852589682295966,0.131572
2026-04-10,1775801400,-6,up,0.93,10.752688,0.9998717808334527,0.065442994
2026-04-10,1775802000,-6,down,0.92,7.2,0.9999999999944046,0.07484798
2026-04-10,1775802900,-6,down,0.69,14.492754,0.9667304015792553,-0.704973
2026-04-10,1775803500,-6,down,0.8,12.5,1.0,0.18879999
2026-04-10,1775803800,-5,down,0.84000003,11.904761,1.0,0.15059197
2026-04-10,1775804400,-6,down,0.87,11.494253,0.970395533115495,0.12208299
2026-04-10,1775805600,-6,down,0.43,23.255814,0.7362589886767221,0.552843
2026-04-10,1775805900,-6,down,0.56,17.857143,0.9999999999990469,0.422752
2026-04-10,1775808000,-4,down,0.32,7.65,0.42988378947916617,0.664768
2026-04-10,1775814900,-6,up,0.61,16.393442,0.8486745247991547,0.37334698
2026-04-10,1775816100,-6,down,0.33999997,29.411766,0.5097359506763293,-0.35570797
2026-04-10,1775823900,-2,up,0.73,13.698629,0.9997749291082558,0.256203
2026-04-10,1775826600,-5,down,0.94,10.638298,0.9999933181705205,0.056052003
2026-04-10,1775826900,-4,down,0.82,6.2,0.9999205955733586,-0.830332
2026-04-10,1775829900,-6,down,0.55,18.181818,0.8937697818620476,-0.567325
2026-04-10,1775831700,-5,down,0.87,9.22,0.9969053947898106,0.12208299
2026-04-10,1775833200,-3,down,0.47000003,21.276594,0.9992378984893475,0.512563
2026-04-10,1775834100,-6,down,0.78,12.820514,0.999972352476162,0.20798802
2026-04-10,1775838000,-6,down,0.48000002,20.833332,0.769896151115973,-0.49747202
2026-04-10,1775838300,-6,down,0.63,15.873016,0.999861268946574,-0.646317
2026-04-10,1775838600,-4,down,0.79,12.658228,0.9999997230543572,-0.80161303
2026-04-10,1775840700,-6,down,0.42000002,23.809523,0.9917654209342719,-0.437052
2026-04-10,1775842500,-6,down,0.5,6.64,0.9298303847601891,-0.5175
2026-04-10,1775846400,-6,down,0.65,15.384616,0.9999966410004743,-0.66592497
2026-04-10,1775850000,-6,down,0.39999998,3.0,0.9998139820344805,0.58320004
2026-04-10,1775851500,-5,down,0.73,13.698629,1.0,0.256203
2026-04-10,1775851800,-5,down,0.73,13.698629,1.0,0.256203
2026-04-10,1775853000,-6,down,0.90999997,10.989012,0.9999892857748658,0.084267035
2026-04-10,1775856900,-6,down,0.78,12.820514,0.9852616085353647,-0.792012
2026-04-10,1775859600,-6,down,0.89,11.235955,0.9983036239546411,0.103147015
2026-04-10,1775859900,-6,down,0.92,10.869565,0.9999999999999978,0.07484798
2026-04-10,1775860800,-6,down,0.86,11.627907,0.9999999998978213,0.131572
2026-04-10,1775861100,-6,down,0.8,12.5,0.9792153532164115,0.18879999
2026-04-10,1775862000,-6,down,0.88,11.363636,1.0,0.112608
2026-04-10,1775862300,-4,up,0.33,26.84,0.8384108132861277,0.65452296
2026-04-10,1775863800,-6,down,0.73,11.18,1.0,-0.743797
2026-04-10,1775864100,-6,down,0.55,15.79,0.998349559977272,-0.567325
2026-04-10,1775864400,-6,down,0.62,12.76,0.999999999914304,0.363508
2026-04-10,1775865000,-6,down,0.92,10.869565,1.0,0.07484798
2026-04-11,1775865900,-6,down,0.59000003,16.949152,0.9804509917566673,-0.60693306
2026-04-11,1775866500,-5,down,0.32,31.25,0.9999999376168137,0.664768
2026-04-11,1775866800,-6,down,0.86,11.627907,0.9999960480095094,-0.868428
2026-04-11,1775868900,-6,down,0.89,11.235955,1.0,0.103147015
2026-04-11,1775870400,-6,down,0.87,11.494253,1.0,0.12208299
2026-04-11,1775871600,-6,down,0.94,10.638298,1.0,0.056052003
2026-04-11,1775872500,-3,down,0.39999998,25.000002,1.0,-0.41679996
2026-04-11,1775872800,-6,down,0.87,11.494253,1.0,0.12208299
2026-04-11,1775873100,-5,down,0.8,11.0,0.9966443857545844,0.18879999
2026-04-11,1775874000,-6,down,0.82,12.195122,1.0,0.169668
2026-04-11,1775874600,-6,up,0.9,11.111112,1.0,0.09370002
2026-04-11,1775874900,-6,down,0.76,13.157895,1.0,0.22723201
2026-04-11,1775875500,-6,down,0.94,10.638298,1.0,0.056052003
2026-04-11,1775875800,-4,down,0.79,12.658228,0.9999978798311807,0.19838698
2026-04-11,1775877300,-6,down,0.45,22.222223,1.0,0.532675
2026-04-11,1775877900,-6,down,0.66999996,14.925374,1.0,0.31452304
2026-04-11,1775880000,-6,down,0.89,11.235955,0.9999995052896452,0.103147015
2026-04-11,1775881200,-6,down,0.88,10.39,0.9999998747404573,0.112608
2026-04-11,1775881500,-5,down,0.69,14.492754,0.9461277994833797,-0.704973
2026-04-11,1775882700,-6,down,0.86,11.627907,0.9999999994465278,0.131572
2026-04-11,1775883300,-6,down,0.86,11.627907,1.0,0.131572
2026-04-11,1775883900,-6,down,0.94,5.63,0.9999999999952864,0.056052003
2026-04-11,1775884500,-6,up,0.34,29.411764,0.9991467568016134,0.644292
2026-04-11,1775885400,-4,down,0.79,12.658228,0.9999999806417404,0.19838698
2026-04-11,1775886000,-6,down,0.94,10.638298,1.0,0.056052003
2026-04-11,1775887800,-6,down,0.94,7.68,0.9999999999954164,-0.943948
2026-04-11,1775889000,-6,down,0.75,13.333333,0.999993476229362,0.236875
2026-04-11,1775889600,-6,down,0.75,13.333333,1.0,0.236875
2026-04-11,1775889900,-6,down,0.9,11.111112,1.0,0.09370002
2026-04-11,1775890500,-6,down,0.79,12.658228,1.0,0.19838698
2026-04-11,1775890800,-6,down,0.7,14.285714,1.0,-0.7147
2026-04-11,1775891100,-6,down,0.45999998,7.33,1.0,0.52261204
2026-04-11,1775891400,-6,down,0.88,11.363636,0.9999999999998754,0.112608
2026-04-11,1775891700,-6,down,0.44,0.09,1.0,0.542752
2026-04-11,1775892300,-6,down,0.49,5.0,1.0,0.49250698
2026-04-11,1775892900,-6,down,0.88,11.363636,1.0,0.112608
2026-04-11,1775893800,-6,down,0.79,12.658228,0.9999999999748163,0.19838698
2026-04-11,1775894400,-6,down,0.89,2.75,1.0,0.103147015
2026-04-11,1775895300,-6,down,0.94,10.638298,1.0,0.056052003
2026-04-11,1775895600,-5,down,0.94,10.0,1.0,0.056052003
2026-04-11,1775896500,-6,down,0.32,10.28,1.0,0.664768
2026-04-11,1775897700,-6,down,0.94,7.77,1.0,0.056052003
2026-04-11,1775902500,-6,down,0.72,13.888888,0.9999999999743387,0.26588798
2026-04-11,1775907900,-6,down,0.32999998,5.26,0.999999999937269,-0.34547698
2026-04-11,1775908500,-5,down,0.82,12.195122,1.0,0.169668
2026-04-11,1775909100,-6,down,0.32,31.25,0.9999999999999529,0.664768
2026-04-11,1775909400,-6,down,0.92,10.869565,1.0,-0.925152
2026-04-11,1775910900,-6,down,0.82,12.195122,1.0,0.169668
2026-04-11,1775911500,-6,down,0.8,5.0,1.0,0.18879999
2026-04-11,1775914200,-6,down,0.9,11.111112,0.9999999843592169,0.09370002
2026-04-11,1775918700,-6,down,0.55,18.181818,0.9999999787903515,0.432675
2026-04-11,1775919300,-4,down,0.9,11.111112,1.0,0.09370002
2026-04-11,1775919600,-6,down,0.32999998,30.303032,1.0,-0.34547698
2026-04-11,1775921100,-6,down,0.5,20.0,0.9999992986518621,0.4825
2026-04-11,1775921700,-6,down,0.39999998,5.46,1.0,-0.41679996
2026-04-11,1775922300,-4,down,0.49,20.408163,0.6129730745107225,0.49250698
2026-04-11,1775923200,-6,down,0.47000003,17.75,1.0,-0.48743704
2026-04-11,1775931900,-6,down,0.39999998,25.000002,1.0,-0.41679996
2026-04-11,1775939100,-6,down,0.45999998,11.0,0.999999999999985,0.52261204
2026-04-11,1775942700,-6,down,0.45,5.88,0.9999999999993455,-0.467325
2026-04-11,1775943900,-6,down,0.88,3.25,0.9997795203081224,0.112608
2026-04-11,1775945700,-6,down,0.84000003,11.904761,1.0,0.15059197
2026-04-11,1775946300,-6,down,0.83,12.048193,0.9993106336755824,0.16012302
2026-04-11,1775947500,-6,down,0.7,5.0,1.0,-0.7147
2026-04-11,1775949900,-6,down,0.93,10.752688,1.0,0.065442994
2026-04-12,1775952600,-6,down,0.42000002,23.809523,0.9999998894735668,0.562948
2026-04-12,1775952900,-6,down,0.86,11.627907,1.0,0.131572
2026-04-12,1775953500,-3,down,0.77,12.987013,0.9999257468879263,0.21760301
2026-04-12,1775954400,-6,down,0.53999996,10.06,0.9641290185364119,0.44261205
2026-04-12,1775954700,-6,down,0.79,10.0,0.9999811000434208,0.19838698
2026-04-12,1775955900,-6,down,0.33999997,5.53,0.9999999873954754,-0.35570797
2026-04-12,1775956200,-6,down,0.88,5.0,0.9961002712686621,-0.887392
2026-04-12,1775956500,-6,down,0.76,7.88,1.0,0.22723201
2026-04-12,1775956800,-6,down,0.93,10.752688,0.9999999999999805,0.065442994
2026-04-12,1775958900,-6,down,0.87,11.494253,0.9995938412863303,0.12208299
2026-04-12,1775965200,-6,down,0.37,27.027027,0.999999999994951,-0.386317
2026-04-12,1775965500,-6,down,0.93,10.752688,0.9999477308508296,0.065442994
2026-04-12,1775965800,-5,down,0.33999997,4.0,0.9996643573976349,-0.35570797
2026-04-12,1775967900,-5,down,0.82,5.61,0.9999930695596976,0.169668
2026-04-12,1775968500,-6,down,0.83,10.94,0.9999999999999993,0.16012302
2026-04-12,1775968800,-6,down,0.75,13.333333,0.9999999999999998,-0.763125
2026-04-12,1775969100,-6,down,0.31,32.258064,0.9981673958587772,0.675027
2026-04-12,1775970900,-6,down,0.73,13.698629,0.9690929313567738,-0.743797
2026-04-12,1775971800,-5,down,0.90999997,10.989012,0.999347236110587,0.084267035
2026-04-12,1775973300,-6,down,0.49,6.96,0.9999827180911974,-0.507493
2026-04-12,1775975700,-6,down,0.41000003,24.390242,0.9999999714183604,-0.42693302
2026-04-12,1775976000,-6,down,0.39,10.0,1.0,0.593347
2026-04-12,1775976300,-6,down,0.32999998,30.303032,0.9999697782111514,-0.34547698
2026-04-12,1775976900,-6,down,0.44,22.727272,0.9983785672615565,0.542752
2026-04-12,1775977800,-6,down,0.89,11.235955,0.9999980184678936,0.103147015
2026-04-12,1775980800,-4,down,0.48000002,20.833332,0.9364743835908055,0.50252795
2026-04-12,1775981100,-6,down,0.77,12.28,0.9999725912010474,-0.782397
2026-04-12,1775981400,-6,down,0.75,13.333333,0.999999999999997,0.236875
2026-04-12,1775981700,-6,down,0.8,12.5,1.0,0.18879999
2026-04-12,1775982300,-6,down,0.85,1.01,1.0,0.14107499
2026-04-12,1775983200,-6,down,0.32,31.25,0.9999947093748878,0.664768
2026-04-12,1775985900,-6,down,0.63,12.06,1.0,0.353683
2026-04-12,1775986500,-6,down,0.94,10.638298,1.0,-0.943948
2026-04-12,1775987700,-6,down,0.39999998,25.000002,1.0,0.58320004
2026-04-12,1775988000,-6,down,0.85,3.23,1.0,0.14107499
2026-04-12,1775991600,-6,down,0.92,10.0,0.9999999972693535,0.07484798
2026-04-12,1775991900,-6,down,0.82,10.0,0.9999999999839129,0.169668
2026-04-12,1775992800,-6,down,0.63,15.873016,1.0,0.353683
2026-04-12,1775994300,-6,down,0.62,16.129032,0.9999999981895773,0.363508
2026-04-12,1775994900,-6,down,0.85,10.38,1.0,0.14107499
2026-04-12,1775998500,-6,down,0.93,10.752688,0.99999998727943,0.065442994
2026-04-12,1776001500,-5,down,0.32,19.27,0.9771800299851122,-0.335232
2026-04-12,1776003000,-6,down,0.94,10.638298,0.999998956004765,0.056052003
2026-04-12,1776003900,-6,down,0.55,18.181818,0.999999779441082,-0.567325
2026-04-12,1776011100,-6,down,0.90999997,10.989012,0.9999999999999997,0.084267035
2026-04-12,1776015000,-6,down,0.8,12.5,0.9997356022052394,0.18879999
2026-04-12,1776015600,-6,down,0.32999998,25.0,1.0,-0.34547698
2026-04-12,1776016500,-6,down,0.7,14.285714,1.0,-0.7147
2026-04-12,1776016800,-6,down,0.32,5.5,0.9999999999999983,-0.335232
2026-04-12,1776017400,-6,down,0.57,3.0,1.0,-0.587157
2026-04-12,1776019200,-6,down,0.9,11.111112,1.0,0.09370002
2026-04-12,1776020100,-6,down,0.9,4.78,1.0,0.09370002
2026-04-12,1776020700,-6,down,0.79,10.0,1.0,0.19838698
2026-04-12,1776021000,-6,down,0.9,11.111112,0.9998865256460494,0.09370002
2026-04-12,1776021900,-6,down,0.32999998,10.0,1.0,-0.34547698
2026-04-12,1776022200,-4,down,0.37,25.0,1.0,0.613683
2026-04-12,1776022500,-6,down,0.65999997,15.151516,1.0,0.32429203
2026-04-12,1776022800,-6,down,0.42000002,23.809523,0.9999999737085847,0.562948
2026-04-12,1776023100,-6,down,0.5,20.0,1.0,-0.5175
2026-04-12,1776023400,-6,down,0.36,27.777777,1.0,-0.37612802
2026-04-12,1776024900,-2,down,0.65,15.384616,1.0,0.33407503
2026-04-12,1776028800,-6,down,0.62,16.129032,1.0,-0.636492
2026-04-12,1776029100,-6,down,0.7,14.285714,1.0,0.28530002
2026-04-12,1776030600,-6,down,0.31,32.258064,0.9999699222170731,0.675027
2026-04-12,1776033900,-6,down,0.86,11.627907,0.9999976368592652,0.131572
2026-04-13,1776041700,-6,down,0.93,10.752688,0.9999999999981135,0.065442994
2026-04-13,1776042000,-5,down,0.45,22.222223,0.9513254631817011,0.532675
2026-04-13,1776042300,-6,down,0.92,10.869565,0.9999999940781846,0.07484798
2026-04-13,1776042600,-6,down,0.85,4.05,0.9196668488489965,-0.85892504
2026-04-13,1776043500,-6,up,0.36,6.0,0.9999999999999988,0.623872
2026-04-13,1776044100,-6,up,0.65,15.384616,0.9377969735752233,-0.66592497
2026-04-13,1776044700,-6,down,0.84000003,11.904761,0.9998449357044304,0.15059197
2026-04-13,1776047400,-6,down,0.92,10.869565,0.9955838515172304,0.07484798
2026-04-13,1776048000,-3,down,0.79,5.87,1.0,0.19838698
2026-04-13,1776048300,-6,down,0.68,14.705882,0.9999858515155317,-0.69523203
2026-04-13,1776048600,-6,down,0.31,32.258064,0.9999999997711977,-0.32497302
2026-04-13,1776051000,-5,down,0.53999996,18.51852,0.9999073254939971,0.44261205
2026-04-13,1776051900,-4,down,0.72,11.77,1.0,0.26588798
2026-04-13,1776052500,-6,down,0.7,3.66,0.9754285521954683,0.28530002
2026-04-13,1776052800,-6,down,0.66999996,14.925374,0.9899633150798804,-0.68547696
2026-04-13,1776054000,-5,down,0.43,14.0,1.0,-0.447157
2026-04-13,1776054900,-6,down,0.42000002,23.809523,1.0,-0.437052
2026-04-13,1776056100,-6,down,0.45,22.222223,0.9999999989498645,0.532675
2026-04-13,1776056400,-6,down,0.42000002,23.809523,0.999999868890802,0.562948
2026-04-13,1776057000,-6,down,0.58000004,17.241379,0.9804119225425295,-0.59705204
2026-04-13,1776057300,-5,down,0.44,22.727272,0.6858668388806344,-0.457248
2026-04-13,1776061800,-6,down,0.93,10.752688,0.999830174708771,0.065442994
2026-04-13,1776062400,-4,down,0.32999998,30.303032,0.9332494425486925,0.654523
2026-04-13,1776062700,-6,down,0.87,11.494253,0.969723832059842,-0.877917
2026-04-13,1776063000,-6,down,0.83,12.048193,0.9999999999999604,0.16012302
2026-04-13,1776064200,-6,down,0.74,13.513514,1.0,0.246532
2026-04-13,1776065100,-6,down,0.90999997,10.989012,0.987965497719001,-0.915733
2026-04-13,1776065400,-6,down,0.31,32.258064,0.9694436350796276,0.675027
2026-04-13,1776066000,-6,down,0.9,11.111112,1.0,0.09370002
2026-04-13,1776066300,-6,down,0.36,27.777777,0.5997841649028954,-0.37612802
2026-04-13,1776067200,-6,up,0.94,10.638298,0.9997938917058092,0.056052003
2026-04-13,1776067800,-6,down,0.9,11.111112,0.9998868139606789,0.09370002
2026-04-13,1776071700,-6,down,0.76,13.157895,0.9999997938150983,0.22723201
2026-04-13,1776072900,-6,down,0.82,12.195122,0.9999996611258154,0.169668
2026-04-13,1776076200,-6,down,0.89,11.235955,0.9999994397411519,0.103147015
2026-04-13,1776077100,-6,down,0.52,19.23077,0.9482457307692048,0.46252802
2026-04-13,1776079200,-6,down,0.45,22.222223,0.9251021849416844,0.532675
2026-04-13,1776080100,-3,down,0.32,18.1,0.6236749387766503,-0.335232
2026-04-13,1776080700,-5,down,0.85,11.764706,0.9999999999999523,0.14107499
2026-04-13,1776086100,-6,down,0.9,8.37,0.9906430300339527,0.09370002
2026-04-13,1776090300,-6,down,0.82,12.195122,0.9774327281155526,-0.830332
2026-04-13,1776094500,-2,down,0.6,16.666666,0.9679671715827342,0.3832
2026-04-13,1776095100,-6,down,0.65999997,15.151516,0.9976640686321576,0.32429203
2026-04-13,1776099900,-6,down,0.83,12.048193,0.945980081507484,-0.839877
2026-04-13,1776102000,-6,down,0.31,18.0,0.9885745831765934,-0.32497302
2026-04-13,1776107400,-5,down,0.31,25.08,0.9985281349643164,-0.32497302
2026-04-13,1776110700,-6,down,0.77,12.987013,0.9999999969022181,0.21760301
2026-04-13,1776111300,-6,down,0.9,11.111112,0.9999994416538742,0.09370002
2026-04-13,1776116400,-4,down,0.85,11.764706,0.9999936360021742,0.14107499
2026-04-13,1776116700,-6,down,0.38,26.31579,0.9835539521001513,0.603508
2026-04-13,1776120900,-6,down,0.76,13.157895,0.9846451554814099,0.22723201
2026-04-13,1776121200,-6,down,0.41000003,24.390242,0.8829023539779076,-0.42693302
2026-04-13,1776122400,-6,down,0.49,20.408163,0.8035133249851469,0.49250698
2026-04-14,1776125400,-6,down,0.89,11.235955,0.9999999999278986,-0.89685297
2026-04-14,1776128100,-6,down,0.48000002,17.0,0.9999893860530499,-0.49747202
2026-04-14,1776129600,-6,down,0.88,11.363636,0.9879508728167884,0.112608
2026-04-14,1776129900,-6,down,0.75,13.333333,0.9999999999999689,0.236875
2026-04-14,1776131700,-6,down,0.93,10.752688,0.9999999998086117,0.065442994
2026-04-14,1776132000,-4,down,0.38,5.0,0.9998346124054227,-0.396492
2026-04-14,1776134700,-5,down,0.33999997,24.17,0.9998311128687011,0.644292
2026-04-14,1776135600,-6,down,0.86,11.627907,1.0,0.131572
2026-04-14,1776137100,-6,down,0.84000003,6.05,1.0,-0.84940803
2026-04-14,1776138600,-6,down,0.72,13.888888,1.0,0.26588798
2026-04-14,1776143400,-6,down,0.79,12.658228,0.9118815509190605,0.19838698
2026-04-14,1776144000,-6,down,0.75,13.333333,0.9999999118487165,0.236875
2026-04-14,1776144300,-6,down,0.8,12.5,0.9989159221034295,0.18879999
2026-04-14,1776144900,-6,up,0.86,11.627907,0.9929174669401772,0.131572
2026-04-14,1776145200,-6,down,0.43,15.48,1.0,0.552843
2026-04-14,1776147000,-6,down,0.79,12.658228,0.9999999957705767,0.19838698
2026-04-14,1776148500,-6,up,0.89,11.235955,0.9999554526072268,0.103147015
2026-04-14,1776152100,-6,up,0.31,32.258064,0.4013332990997899,-0.32497302
2026-04-14,1776153300,-5,down,0.79,12.658228,1.0,-0.80161303
2026-04-14,1776153600,-6,down,0.9,11.111112,0.9996932770908243,0.09370002
2026-04-14,1776154500,-6,down,0.71000004,14.084506,0.9999979971594182,-0.72441304
2026-04-14,1776155700,-6,down,0.83,1.73,0.9959002688283791,0.16012302
2026-04-14,1776158100,-6,down,0.93,6.09,0.9999999655243484,0.065442994
2026-04-14,1776158700,-6,down,0.87,11.494253,0.9999998543962114,0.12208299
2026-04-14,1776161700,-6,down,0.94,10.638298,0.9999999681185392,0.056052003
2026-04-14,1776162300,-6,down,0.92,4.46,0.9999999999999153,0.07484798
2026-04-14,1776164100,-6,down,0.90999997,10.989012,0.9998261460522463,0.084267035
2026-04-14,1776166200,-6,down,0.85,11.764706,0.9999999999999997,0.14107499
2026-04-14,1776169500,-6,down,0.79,8.0,0.9924486201567985,-0.80161303
2026-04-14,1776169800,-6,up,0.88,11.363636,0.9666897533035294,0.112608
2026-04-14,1776170100,-5,down,0.35000002,28.571426,0.8318478797245399,0.634075
2026-04-14,1776170400,-6,down,0.90999997,10.989012,0.9999810298750689,0.084267035
2026-04-14,1776171900,-6,down,0.94,10.638298,0.999999959224211,0.056052003
2026-04-14,1776175800,-6,down,0.76,13.157895,0.9983393348825436,-0.772768
2026-04-14,1776176100,-5,down,0.88,11.363636,0.9997970097970889,0.112608
2026-04-14,1776178800,-6,down,0.58000004,17.241379,0.9991545746702039,0.40294796
2026-04-14,1776184800,-6,down,0.8,12.5,0.9998461801141014,0.18879999
2026-04-14,1776187200,-6,down,0.74,13.513514,0.9999994763152302,0.246532
2026-04-14,1776192900,-6,down,0.39,25.641027,0.9999171963515705,-0.406653
2026-04-14,1776196500,-6,down,0.38,26.31579,0.9998348100913972,0.603508
2026-04-14,1776198300,-6,down,0.8,12.5,0.9999999999990269,0.18879999
2026-04-14,1776202500,-6,down,0.51,19.607843,0.9999999977458237,0.472507
2026-04-14,1776203100,-6,down,0.82,12.195122,0.9999999802011306,0.169668
2026-04-14,1776204600,-6,down,0.38,26.31579,0.9573157447676427,0.603508
2026-04-14,1776206400,-6,down,0.75,13.333333,1.0,0.236875
2026-04-14,1776207900,-6,down,0.7,14.285714,0.9990978664781862,0.28530002
2026-04-14,1776209100,-6,down,0.88,11.363636,0.9999999996399587,0.112608
2026-04-14,1776209400,-6,down,0.41000003,5.0,0.9996487141386986,-0.42693302
2026-04-14,1776209700,-6,down,0.8,12.5,0.99996422125032,0.18879999
2026-04-14,1776210000,-4,down,0.55,6.21,0.9640530954340523,0.432675
2026-04-15,1776212700,-6,down,0.5,20.0,1.0,-0.5175
2026-04-15,1776214200,-6,down,0.8,12.5,0.9821131593053134,0.18879999
2026-04-15,1776215100,-6,up,0.94,10.638298,0.995216959026959,0.056052003
2026-04-15,1776215700,-6,down,0.93,10.752688,1.0,0.065442994
2026-04-15,1776217800,-6,down,0.93,10.752688,0.9999993704173572,0.065442994
2026-04-15,1776218100,-6,down,0.94,10.638298,1.0,0.056052003
2026-04-15,1776219000,-6,down,0.62,5.0,1.0,0.363508
2026-04-15,1776220500,-5,down,0.92,10.869565,0.9995810179133369,0.07484798
2026-04-15,1776222300,-6,down,0.71000004,12.8,0.999999999999988,0.27558696
2026-04-15,1776222600,-6,down,0.89,11.235955,1.0,0.103147015
2026-04-15,1776222900,-6,down,0.77,5.0,0.999999602189027,0.21760301
2026-04-15,1776223500,-6,down,0.83,12.048193,0.9999999999658472,0.16012302
2026-04-15,1776224400,-6,down,0.38,12.08,1.0,0.603508
2026-04-15,1776226500,-4,down,0.9,11.111112,0.9999820587529386,0.09370002
2026-04-15,1776226800,-6,down,0.89,11.235955,0.9999999999999455,0.103147015
2026-04-15,1776227100,-6,down,0.77,12.987013,1.0,0.21760301
2026-04-15,1776228000,-6,up,0.5,20.0,1.0,0.4825
2026-04-15,1776228300,-6,down,0.81,12.345679,0.9999999999186415,-0.820773
2026-04-15,1776228900,-6,down,0.94,10.638298,1.0,0.056052003
2026-04-15,1776229800,-6,down,0.56,17.857143,0.9418422750859673,0.422752
2026-04-15,1776231000,-6,down,0.87,11.494253,1.0,-0.877917
2026-04-15,1776233400,-3,down,0.9,11.111112,0.999997746437414,0.09370002
2026-04-15,1776234600,-6,up,0.36,27.777777,0.5506295121146753,-0.37612802
2026-04-15,1776234900,-6,up,0.93,10.752688,0.9999999780433556,0.065442994
2026-04-15,1776236100,-6,down,0.76,13.157895,0.9999999125163244,0.22723201
2026-04-15,1776236400,-6,down,0.82,12.195122,0.9978529451899768,-0.830332
2026-04-15,1776240300,-4,down,0.89,11.235955,0.9999999999468894,0.103147015
2026-04-15,1776242400,-6,down,0.76,5.0,1.0,0.22723201
2026-04-15,1776245700,-6,down,0.79,12.658228,0.9984768252121036,0.19838698
2026-04-15,1776247200,-6,down,0.43,23.255814,0.999903297145483,-0.447157
2026-04-15,1776252300,-6,down,0.94,10.638298,0.999999999999998,0.056052003
2026-04-15,1776255300,-6,down,0.58000004,17.241379,0.999642015093561,-0.59705204
2026-04-15,1776259200,-6,down,0.83,12.048193,0.9999998418646089,0.16012302
2026-04-15,1776263100,-6,down,0.53,6.17,0.9903683534866426,-0.54743695
2026-04-15,1776264900,-2,down,0.94,10.0,1.0,0.056052003
2026-04-15,1776269100,-6,down,0.88,11.363636,0.9860095950496933,-0.887392
2026-04-15,1776270900,-6,down,0.65,1.34,0.8755819336399175,0.33407503
2026-04-15,1776273000,-5,down,0.94,10.638298,0.999999998903307,0.056052003
2026-04-15,1776273600,-6,down,0.82,5.9,0.9929160852342863,0.169668
2026-04-15,1776280800,-6,down,0.8,12.5,0.9999351118712704,0.18879999
2026-04-15,1776285000,-6,down,0.85,10.17,0.9976535514206714,-0.85892504
2026-04-15,1776286500,-6,down,0.62,16.129032,0.9999919475147695,0.363508
2026-04-15,1776289500,-6,down,0.49,20.408163,0.9999998283415874,0.49250698
2026-04-15,1776291900,-6,down,0.77,5.0,0.9987253969082336,0.21760301
2026-04-15,1776292200,-6,down,0.85,6.02,0.9999999999906835,0.14107499
2026-04-15,1776294900,-6,down,0.87,11.494253,1.0,0.12208299
2026-04-15,1776295200,-6,down,0.90999997,10.989012,0.999902340335093,0.084267035
2026-04-15,1776297300,-6,down,0.64,15.625,0.9999999999996203,-0.656128
